datetime,tag,value
2025-01-01 00:00:00,event_number,0
2025-01-01 00:00:00,cumulative_inflow,0
2025-01-01 00:00:00,cumulative_inflow_last_CaOH2_refill,0
2025-01-01 00:00:00,CaOH2_refill,250
2026-03-04 12:51:15,program_run,1
2026-03-04 12:51:25,B0101_level_low,9.57333333333333
2026-03-04 12:51:25,B0401_concentrate_full,False
2026-03-04 12:51:25,B0201_level_low,1.991622742530585
2026-03-04 12:52:36,B0201_level_low,1.991622742530585
2026-03-04 12:55:08,B0201_level_low,1.991622742530585
2026-03-04 12:56:08,B0101_level_low,9.89333333333333
2026-03-04 12:57:09,B0201_level_low,1.991622742530585
2026-03-04 12:58:09,B0201_level_low,1.991622742530585
2026-03-04 12:59:40,B0201_level_low,1.991622742530585
2026-03-04 13:00:11,B0201_level_low,1.991622742530585
2026-03-04 13:06:18,evaporation_run,1
2026-03-04 13:07:25,B0201_level_low,1.991622742530585
2026-03-04 13:20:03,event_number,0.0
2026-03-04 13:20:22,cumulative_inflow,0.18646153846153846
2026-03-04 13:22:24,event_number,1.0
2026-03-04 13:22:49,cumulative_inflow,0.4483076923076923
2026-03-04 13:56:15,B0101_level_low,10.319999999999993
2026-03-04 14:05:31,event_number,2.0
2026-03-04 14:05:48,cumulative_inflow,0.964576923076923
2026-03-04 14:06:18,evaporation_run,0
2026-03-04 14:56:12,B0101_level_low,10.639999999999993
2026-03-04 15:56:08,B0101_level_low,10.746666666666663
2026-03-04 15:57:19,B0101_level_low,11.599999999999994
2026-03-04 16:56:15,B0101_level_low,10.746666666666663
2026-03-04 17:05:31,event_number,3.0
2026-03-04 17:05:48,cumulative_inflow,1.7298846153846152
2026-03-04 17:07:28,cumulative_inflow,2.021346153846154
2026-03-04 17:08:53,B0101_level_low,11.493333333333332
2026-03-04 17:09:13,B0101_level_low,11.493333333333332
2026-03-04 17:39:11,B0101_level_low,11.599999999999994
2026-03-04 17:42:23,B0101_level_low,11.279999999999994
2026-03-04 17:46:16,B0101_level_low,11.493333333333332
2026-03-04 17:50:58,B0101_level_low,11.919999999999995
2026-03-04 17:53:00,B0101_level_low,11.493333333333332
2026-03-04 17:54:10,B0101_level_low,11.599999999999994
2026-03-04 17:55:01,B0101_level_low,11.706666666666663
2026-03-04 17:56:12,B0101_level_low,11.493333333333332
2026-03-04 17:57:22,B0101_level_low,11.279999999999994
2026-03-04 17:58:13,B0101_level_low,11.493333333333332
2026-03-04 18:00:44,B0101_level_low,11.599999999999994
2026-03-04 18:02:05,B0101_level_low,11.706666666666663
2026-03-04 18:03:36,B0101_level_low,11.493333333333332
2026-03-04 18:07:49,B0101_level_low,11.386666666666663
2026-03-04 18:08:19,B0101_level_low,11.386666666666663
2026-03-04 18:15:54,B0101_level_low,11.493333333333332
2026-03-04 18:28:11,event_number,5.0
2026-03-04 18:28:31,cumulative_inflow,2.487807692307692
2026-03-04 19:54:04,event_number,6.0
2026-03-04 19:54:22,cumulative_inflow,2.9084999999999996
2026-03-04 20:52:50,B0101_level_low,11.493333333333332
2026-03-04 20:56:12,B0101_level_low,10.746666666666663
2026-03-04 21:06:18,evaporation_run,1
2026-03-04 21:56:08,B0101_level_low,10.746666666666663
2026-03-04 22:06:19,evaporation_run,0
2026-03-04 22:56:15,B0101_level_low,10.853333333333332
2026-03-04 23:06:19,evaporation_run,1
2026-03-04 23:56:12,B0101_level_low,10.853333333333332
2026-03-05 00:06:20,evaporation_run,0
2026-03-05 00:56:08,B0101_level_low,10.853333333333332
2026-03-05 01:06:20,evaporation_run,1
2026-03-05 01:56:15,B0101_level_low,10.746666666666663
2026-03-05 02:06:20,evaporation_run,0
2026-03-05 02:56:12,B0101_level_low,10.853333333333332
2026-03-05 03:06:21,evaporation_run,1
2026-03-05 03:14:23,B0201_level_low,1.991622742530585
2026-03-05 03:14:43,B0201_level_low,1.991622742530585
2026-03-05 03:56:08,B0101_level_low,10.853333333333332
2026-03-05 04:06:21,evaporation_run,0
2026-03-05 04:56:15,B0101_level_low,10.853333333333332
2026-03-05 05:56:12,B0101_level_low,10.853333333333332
2026-03-05 06:56:08,B0101_level_low,10.746666666666663
2026-03-05 07:56:15,B0101_level_low,10.853333333333332
2026-03-05 08:56:12,B0101_level_low,10.853333333333332
2026-03-05 09:56:08,B0101_level_low,10.426666666666662
2026-03-05 10:56:15,B0101_level_low,10.0
2026-03-05 11:56:12,B0101_level_low,9.89333333333333
2026-03-05 12:56:08,B0101_level_low,11.386666666666663
2026-03-05 13:56:15,B0101_level_low,10.0
2026-03-05 14:56:12,B0101_level_low,10.0
2026-03-05 15:56:19,B0101_level_low,10.319999999999993
2026-03-05 16:56:15,B0101_level_low,10.746666666666663
2026-03-05 17:56:12,B0101_level_low,10.319999999999993
2026-03-05 18:56:19,B0101_level_low,10.746666666666663
2026-03-05 19:56:15,B0101_level_low,10.746666666666663
2026-03-05 20:56:12,B0101_level_low,10.746666666666663
2026-03-05 21:56:19,B0101_level_low,10.853333333333332
2026-03-05 22:56:15,B0101_level_low,10.853333333333332
2026-03-05 23:56:12,B0101_level_low,10.853333333333332
2026-03-06 00:56:19,B0101_level_low,10.853333333333332
2026-03-06 01:56:15,B0101_level_low,10.853333333333332
2026-03-06 02:56:02,B0101_level_low,11.493333333333332
2026-03-06 03:56:09,B0101_level_low,10.746666666666663
2026-03-06 04:56:05,B0101_level_low,10.853333333333332
2026-03-06 05:56:02,B0101_level_low,11.279999999999994
2026-03-06 06:56:09,B0101_level_low,10.213333333333331
2026-03-06 07:56:05,B0101_level_low,10.213333333333331
2026-03-06 08:56:02,B0101_level_low,10.426666666666662
2026-03-06 09:56:09,B0101_level_low,10.0
2026-03-06 10:42:57,event_number,7.0
2026-03-06 10:43:18,cumulative_inflow,3.183807692307692
2026-03-06 10:56:05,B0101_level_low,9.786666666666662
2026-03-06 11:56:02,B0101_level_low,10.746666666666663
2026-03-06 12:55:39,B0101_level_low,11.813333333333333
2026-03-06 12:56:09,B0101_level_low,9.89333333333333
2026-03-06 13:56:05,B0101_level_low,9.68
2026-03-06 14:56:02,B0101_level_low,9.68
2026-03-06 15:56:09,B0101_level_low,9.89333333333333
2026-03-06 16:56:06,B0101_level_low,9.89333333333333
2026-03-06 17:56:02,B0101_level_low,9.89333333333333
2026-03-06 18:56:09,B0101_level_low,10.533333333333331
2026-03-06 19:56:06,B0101_level_low,10.319999999999993
2026-03-06 20:55:52,B0101_level_low,11.599999999999994
2026-03-06 21:56:09,B0101_level_low,10.639999999999993
2026-03-06 22:56:06,B0101_level_low,10.746666666666663
2026-03-06 23:56:02,B0101_level_low,10.853333333333332
2026-03-07 00:56:09,B0101_level_low,10.746666666666663
2026-03-07 01:56:06,B0101_level_low,10.853333333333332
2026-03-07 02:56:12,B0101_level_low,11.599999999999994
2026-03-07 03:56:09,B0101_level_low,10.639999999999993
2026-03-07 04:56:06,B0101_level_low,10.853333333333332
2026-03-07 05:55:52,B0101_level_low,11.919999999999995
2026-03-07 05:56:12,B0101_level_low,10.853333333333332
2026-03-07 06:56:09,B0101_level_low,10.853333333333332
2026-03-07 07:56:06,B0101_level_low,10.853333333333332
2026-03-07 08:56:13,B0101_level_low,10.853333333333332
2026-03-07 09:56:09,B0101_level_low,10.746666666666663
2026-03-07 10:32:16,program_run,0
2026-03-07 10:35:47,program_run,1
2026-03-07 10:35:57,B0101_level_low,10.746666666666663
2026-03-07 10:35:57,B0401_concentrate_full,False
2026-03-07 10:35:57,B0201_level_low,1.5454302715898693
2026-03-07 10:40:40,B0101_level_low,9.68
2026-03-07 11:40:36,B0101_level_low,11.493333333333332
2026-03-07 12:40:13,B0101_level_low,11.599999999999994
2026-03-07 12:40:33,B0101_level_low,11.599999999999994
2026-03-07 13:40:40,B0101_level_low,9.89333333333333
2026-03-07 14:40:47,B0101_level_low,10.533333333333331
2026-03-07 15:40:43,B0101_level_low,9.89333333333333
2026-03-07 16:39:49,B0101_level_low,11.493333333333332
2026-03-07 16:40:40,B0101_level_low,10.319999999999993
2026-03-07 17:40:26,B0101_level_low,11.813333333333333
2026-03-07 17:40:47,B0101_level_low,10.426666666666662
2026-03-07 18:40:43,B0101_level_low,10.639999999999993
2026-03-07 19:39:49,B0101_level_low,11.813333333333333
2026-03-07 19:40:40,B0101_level_low,10.426666666666662
2026-03-07 20:40:47,B0101_level_low,10.746666666666663
2026-03-07 21:40:33,B0101_level_low,11.813333333333333
2026-03-07 22:33:36,event_number,7.0
2026-03-07 22:34:01,cumulative_inflow,3.4914230769230765
2026-03-07 22:40:20,B0101_level_low,11.919999999999995
2026-03-07 23:04:14,event_number,8.0
2026-03-07 23:04:31,cumulative_inflow,3.82326923076923
2026-03-07 23:35:03,event_number,9.0
2026-03-07 23:35:28,cumulative_inflow,4.0487692307692305
2026-03-07 23:40:47,B0101_level_low,11.493333333333332
2026-03-08 00:40:43,B0101_level_low,11.599999999999994
2026-03-08 01:40:40,B0101_level_low,11.599999999999994
2026-03-08 02:40:47,B0101_level_low,11.599999999999994
2026-03-08 03:40:44,B0101_level_low,11.599999999999994
2026-03-08 04:40:40,B0101_level_low,11.599999999999994
2026-03-08 05:40:47,B0101_level_low,11.386666666666663
2026-03-08 06:02:20,B0101_level_low,11.493333333333332
2026-03-08 06:16:59,B0101_level_low,11.599999999999994
2026-03-08 06:39:33,B0101_level_low,11.599999999999994
2026-03-08 06:40:44,B0101_level_low,11.599999999999994
2026-03-08 07:40:40,B0101_level_low,11.599999999999994
2026-03-08 08:40:47,B0101_level_low,11.599999999999994
2026-03-08 08:41:58,B0101_level_low,11.599999999999994
2026-03-08 09:40:44,B0101_level_low,11.493333333333332
2026-03-08 10:40:20,B0101_level_low,11.599999999999994
2026-03-08 10:40:40,B0101_level_low,10.746666666666663
2026-03-08 11:40:17,B0101_level_low,11.706666666666663
2026-03-08 11:40:47,B0101_level_low,10.746666666666663
2026-03-08 12:40:34,B0101_level_low,11.813333333333333
2026-03-08 13:40:20,B0101_level_low,11.813333333333333
2026-03-08 13:40:51,B0101_level_low,10.426666666666662
2026-03-08 14:39:57,B0101_level_low,11.706666666666663
2026-03-08 14:40:27,B0101_level_low,11.493333333333332
2026-03-08 14:40:47,B0101_level_low,10.639999999999993
2026-03-08 15:40:03,B0101_level_low,11.493333333333332
2026-03-08 15:40:44,B0101_level_low,10.639999999999993
2026-03-08 16:40:51,B0101_level_low,10.639999999999993
2026-03-08 17:40:27,B0101_level_low,11.599999999999994
2026-03-08 17:40:47,B0101_level_low,10.853333333333332
2026-03-08 18:40:14,B0101_level_low,10.106666666666662
2026-03-08 18:40:44,B0101_level_low,-0.6666666666666714
2026-03-08 19:40:51,B0101_level_low,10.746666666666663
2026-03-08 20:40:07,B0101_level_low,11.919999999999995
2026-03-08 20:40:47,B0101_level_low,10.853333333333332
2026-03-08 21:39:53,B0101_level_low,11.599999999999994
2026-03-08 21:40:34,B0101_level_low,10.959999999999994
2026-03-08 22:40:10,B0101_level_low,11.919999999999995
2026-03-08 22:40:30,B0101_level_low,11.279999999999994
2026-03-08 23:39:57,B0101_level_low,11.813333333333333
2026-03-08 23:40:37,B0101_level_low,10.853333333333332
2026-03-09 00:40:24,B0101_level_low,11.919999999999995
2026-03-09 01:40:20,B0101_level_low,11.706666666666663
2026-03-09 01:40:41,B0101_level_low,10.853333333333332
2026-03-09 02:40:27,B0101_level_low,11.599999999999994
2026-03-09 03:39:53,B0101_level_low,11.919999999999995
2026-03-09 03:40:24,B0101_level_low,11.706666666666663
2026-03-09 04:40:00,B0101_level_low,11.706666666666663
2026-03-09 05:39:57,B0101_level_low,11.706666666666663
2026-03-09 05:40:27,B0101_level_low,11.599999999999994
2026-03-09 06:40:24,B0101_level_low,11.066666666666663
2026-03-09 07:40:10,B0101_level_low,-14.0
2026-03-09 07:40:31,B0101_level_low,11.706666666666663
2026-03-09 08:40:37,B0101_level_low,10.853333333333332
2026-03-09 09:40:14,B0101_level_low,11.813333333333333
2026-03-09 09:40:34,B0101_level_low,10.853333333333332
2026-03-09 10:36:18,event_number,10.0
2026-03-09 10:36:35,cumulative_inflow,4.373884615384615
2026-03-09 10:40:00,B0101_level_low,7.759999999999998
2026-03-09 10:40:41,B0101_level_low,10.533333333333331
2026-03-09 11:08:38,event_number,11.0
2026-03-09 11:09:00,cumulative_inflow,4.686884615384614
2026-03-09 11:16:53,B0101_level_low,11.599999999999994
2026-03-09 11:40:27,B0101_level_low,11.599999999999994
2026-03-09 12:26:56,event_number,12.0
2026-03-09 12:27:16,cumulative_inflow,4.916423076923076
2026-03-09 12:28:47,B0101_level_low,11.813333333333333
2026-03-09 12:30:48,B0101_level_low,11.493333333333332
2026-03-09 12:32:39,B0101_level_low,11.279999999999994
2026-03-09 12:33:20,B0101_level_low,11.493333333333332
2026-03-09 12:36:21,B0101_level_low,11.919999999999995
2026-03-09 12:37:02,B0101_level_low,11.813333333333333
2026-03-09 12:37:52,event_number,13.0
2026-03-09 12:38:16,cumulative_inflow,5.199807692307691
2026-03-09 12:40:24,B0101_level_low,11.813333333333333
2026-03-09 12:41:04,B0101_level_low,11.706666666666663
2026-03-09 12:43:46,B0101_level_low,11.493333333333332
2026-03-09 12:45:07,B0101_level_low,11.919999999999995
2026-03-09 13:40:31,B0101_level_low,11.813333333333333
2026-03-09 13:41:31,B0101_level_low,11.493333333333332
2026-03-09 13:49:16,event_number,14.0
2026-03-09 13:49:34,cumulative_inflow,5.485884615384614
2026-03-09 13:49:56,B0101_level_low,11.493333333333332
2026-03-09 13:51:17,B0101_level_low,11.493333333333332
2026-03-09 14:02:14,B0101_level_low,11.919999999999995
2026-03-09 14:09:28,B0101_level_low,11.919999999999995
2026-03-09 14:36:35,B0101_level_low,11.493333333333332
2026-03-09 14:36:45,evaporation_run,1
2026-03-09 14:39:57,B0101_level_low,11.173333333333332
2026-03-09 15:36:45,evaporation_run,0
2026-03-09 15:40:34,B0101_level_low,9.89333333333333
2026-03-09 16:36:46,evaporation_run,1
2026-03-09 16:40:41,B0101_level_low,9.89333333333333
2026-03-09 17:36:46,evaporation_run,0
2026-03-09 17:40:37,B0101_level_low,10.213333333333331
2026-03-09 18:36:46,evaporation_run,1
2026-03-09 18:40:34,B0101_level_low,10.213333333333331
2026-03-09 19:36:47,evaporation_run,0
2026-03-09 19:40:41,B0101_level_low,10.746666666666663
2026-03-09 20:36:47,evaporation_run,1
2026-03-09 20:40:37,B0101_level_low,10.426666666666662
2026-03-09 20:58:59,B0201_level_low,1.991622742530585
2026-03-09 20:59:29,B0201_level_low,1.991622742530585
2026-03-09 20:59:59,B0201_level_low,1.991622742530585
2026-03-09 21:36:47,evaporation_run,0
2026-03-09 21:40:34,B0101_level_low,10.746666666666663
2026-03-09 22:40:41,B0101_level_low,11.173333333333332
2026-03-09 23:40:37,B0101_level_low,10.746666666666663
2026-03-10 00:40:44,B0101_level_low,10.746666666666663
2026-03-10 01:40:41,B0101_level_low,10.853333333333332
2026-03-10 02:40:37,B0101_level_low,10.639999999999993
2026-03-10 03:40:14,B0101_level_low,11.919999999999995
2026-03-10 03:40:44,B0101_level_low,11.173333333333332
2026-03-10 04:40:41,B0101_level_low,10.853333333333332
2026-03-10 05:40:37,B0101_level_low,11.279999999999994
2026-03-10 06:40:44,B0101_level_low,10.853333333333332
2026-03-10 07:40:41,B0101_level_low,10.853333333333332
2026-03-10 08:40:38,B0101_level_low,10.853333333333332
2026-03-10 09:40:44,B0101_level_low,10.746666666666663
2026-03-10 10:40:31,B0101_level_low,11.599999999999994
2026-03-10 11:19:35,event_number,15.0
2026-03-10 11:20:00,cumulative_inflow,5.921384615384614
2026-03-10 11:40:17,B0101_level_low,11.599999999999994
2026-03-10 12:40:14,B0101_level_low,11.173333333333332
2026-03-10 12:40:44,B0101_level_low,10.639999999999993
2026-03-10 12:53:22,event_number,16.0
2026-03-10 12:53:42,cumulative_inflow,6.4605384615384605
2026-03-10 13:40:41,B0101_level_low,10.639999999999993
2026-03-10 13:53:49,event_number,17.0
2026-03-10 13:54:04,cumulative_inflow,6.873153846153845
2026-03-10 13:55:50,B0101_level_low,11.493333333333332
2026-03-10 13:57:11,B0101_level_low,11.493333333333332
2026-03-10 13:58:12,B0101_level_low,11.599999999999994
2026-03-10 13:59:02,B0101_level_low,11.386666666666663
2026-03-10 14:01:03,B0101_level_low,11.919999999999995
2026-03-10 14:02:04,B0101_level_low,11.919999999999995
2026-03-10 14:04:36,B0101_level_low,11.386666666666663
2026-03-10 14:05:46,B0101_level_low,11.386666666666663
2026-03-10 14:06:17,B0101_level_low,11.386666666666663
2026-03-10 14:07:27,B0101_level_low,11.493333333333332
2026-03-10 14:08:28,B0101_level_low,11.386666666666663
2026-03-10 14:09:29,B0101_level_low,11.386666666666663
2026-03-10 14:15:42,B0101_level_low,11.386666666666663
2026-03-10 14:17:54,B0101_level_low,11.386666666666663
2026-03-10 14:19:05,B0101_level_low,11.386666666666663
2026-03-10 14:20:46,B0101_level_low,11.599999999999994
2026-03-10 14:21:36,B0101_level_low,11.386666666666663
2026-03-10 14:22:06,B0101_level_low,11.386666666666663
2026-03-10 14:27:50,B0101_level_low,11.706666666666663
2026-03-10 14:29:21,B0101_level_low,11.386666666666663
2026-03-10 14:40:38,B0101_level_low,11.386666666666663
2026-03-10 14:47:32,B0101_level_low,11.279999999999994
2026-03-10 15:15:09,B0101_level_low,11.493333333333332
2026-03-10 15:25:05,B0101_level_low,11.386666666666663
2026-03-10 15:27:36,B0101_level_low,11.813333333333333
2026-03-10 15:28:37,B0101_level_low,11.599999999999994
2026-03-10 15:29:17,B0101_level_low,11.706666666666663
2026-03-10 15:34:31,B0101_level_low,11.919999999999995
2026-03-10 15:40:44,B0101_level_low,11.386666666666663
2026-03-10 15:41:05,B0101_level_low,11.279999999999994
2026-03-10 15:41:25,B0101_level_low,11.599999999999994
2026-03-10 15:41:55,B0101_level_low,11.919999999999995
2026-03-10 15:43:06,B0101_level_low,11.493333333333332
2026-03-10 15:46:48,B0101_level_low,11.919999999999995
2026-03-10 15:48:09,B0101_level_low,11.919999999999995
2026-03-10 15:59:36,B0101_level_low,11.919999999999995
2026-03-10 16:01:07,B0101_level_low,11.599999999999994
2026-03-10 16:01:37,B0101_level_low,11.813333333333333
2026-03-10 16:20:09,B0101_level_low,11.279999999999994
2026-03-10 16:23:31,B0101_level_low,11.386666666666663
2026-03-10 16:40:41,B0101_level_low,11.493333333333332
2026-03-10 16:42:02,B0101_level_low,11.493333333333332
2026-03-10 16:43:13,B0101_level_low,11.386666666666663
2026-03-10 17:40:38,B0101_level_low,11.279999999999994
2026-03-10 17:41:38,B0101_level_low,11.493333333333332
2026-03-10 17:41:59,B0101_level_low,11.493333333333332
2026-03-10 17:44:10,B0101_level_low,11.493333333333332
2026-03-10 17:46:01,B0101_level_low,11.706666666666663
2026-03-10 17:46:52,B0101_level_low,11.493333333333332
2026-03-10 17:47:52,B0101_level_low,11.493333333333332
2026-03-10 17:49:53,B0101_level_low,11.599999999999994
2026-03-10 17:50:14,B0101_level_low,11.173333333333332
2026-03-10 17:51:04,B0101_level_low,11.493333333333332
2026-03-10 17:51:45,B0101_level_low,11.493333333333332
2026-03-10 17:52:55,B0101_level_low,11.279999999999994
2026-03-10 17:53:15,B0101_level_low,11.919999999999995
2026-03-10 17:56:38,B0101_level_low,11.493333333333332
2026-03-10 17:57:18,B0101_level_low,11.386666666666663
2026-03-10 17:59:39,B0101_level_low,11.706666666666663
2026-03-10 18:02:01,B0101_level_low,11.493333333333332
2026-03-10 18:40:45,B0101_level_low,11.386666666666663
2026-03-10 18:41:05,B0101_level_low,11.279999999999994
2026-03-10 18:46:08,B0101_level_low,11.173333333333332
2026-03-10 18:47:19,B0101_level_low,11.813333333333333
2026-03-10 18:48:29,B0101_level_low,11.813333333333333
2026-03-10 18:49:00,B0101_level_low,11.813333333333333
2026-03-10 19:37:09,B0101_level_low,11.599999999999994
2026-03-10 19:37:39,B0101_level_low,11.599999999999994
2026-03-10 19:38:00,B0101_level_low,11.706666666666663
2026-03-10 19:38:20,B0101_level_low,11.386666666666663
2026-03-10 19:39:30,B0101_level_low,11.493333333333332
2026-03-10 19:40:41,B0101_level_low,11.279999999999994
2026-03-10 19:41:52,B0101_level_low,11.493333333333332
2026-03-10 19:42:32,B0101_level_low,11.493333333333332
2026-03-10 20:40:38,B0101_level_low,11.493333333333332
2026-03-10 20:41:49,B0101_level_low,11.493333333333332
2026-03-10 20:45:21,B0101_level_low,11.493333333333332
2026-03-10 21:40:45,B0101_level_low,11.279999999999994
2026-03-10 21:41:45,B0101_level_low,11.599999999999994
2026-03-10 21:42:05,B0101_level_low,11.493333333333332
2026-03-10 21:44:07,B0101_level_low,11.493333333333332
2026-03-10 21:44:57,B0101_level_low,11.599999999999994
2026-03-10 21:45:58,B0101_level_low,11.493333333333332
2026-03-10 21:49:40,B0101_level_low,11.493333333333332
2026-03-10 21:53:32,B0101_level_low,11.706666666666663
2026-03-10 21:56:44,B0101_level_low,11.279999999999994
2026-03-10 21:57:05,B0101_level_low,11.493333333333332
2026-03-10 21:58:35,B0101_level_low,11.493333333333332
2026-03-10 21:59:16,B0101_level_low,11.279999999999994
2026-03-10 21:59:36,B0101_level_low,11.493333333333332
2026-03-10 22:00:17,B0101_level_low,11.493333333333332
2026-03-10 22:00:37,B0101_level_low,11.493333333333332
2026-03-10 22:40:41,B0101_level_low,11.493333333333332
2026-03-10 22:41:22,B0101_level_low,11.706666666666663
2026-03-10 22:42:53,B0101_level_low,11.493333333333332
2026-03-10 22:43:33,B0101_level_low,11.599999999999994
2026-03-10 23:40:38,B0101_level_low,11.599999999999994
2026-03-10 23:42:59,B0101_level_low,11.599999999999994
2026-03-11 00:39:44,B0101_level_low,9.36
2026-03-11 00:40:04,B0101_level_low,-3.3333333333333357
2026-03-11 00:40:45,B0101_level_low,11.599999999999994
2026-03-11 00:41:35,B0101_level_low,11.493333333333332
2026-03-11 00:41:55,B0101_level_low,11.599999999999994
2026-03-11 00:42:26,B0101_level_low,11.599999999999994
2026-03-11 01:35:28,B0101_level_low,11.919999999999995
2026-03-11 01:38:50,B0101_level_low,11.813333333333333
2026-03-11 01:40:41,B0101_level_low,11.706666666666663
2026-03-11 01:41:42,B0101_level_low,-11.866666666666667
2026-03-11 01:42:02,B0101_level_low,11.599999999999994
2026-03-11 01:43:33,B0101_level_low,11.919999999999995
2026-03-11 01:43:53,B0101_level_low,11.706666666666663
2026-03-11 01:44:13,B0101_level_low,11.599999999999994
2026-03-11 01:44:54,B0101_level_low,11.599999999999994
2026-03-11 01:45:24,B0101_level_low,11.599999999999994
2026-03-11 01:45:44,B0101_level_low,11.599999999999994
2026-03-11 01:46:25,B0101_level_low,11.706666666666663
2026-03-11 01:46:55,B0101_level_low,11.706666666666663
2026-03-11 01:47:56,B0101_level_low,11.599999999999994
2026-03-11 01:48:46,B0101_level_low,11.813333333333333
2026-03-11 01:49:47,B0101_level_low,11.706666666666663
2026-03-11 01:51:28,B0101_level_low,11.813333333333333
2026-03-11 01:51:48,B0101_level_low,11.706666666666663
2026-03-11 01:53:09,B0101_level_low,11.919999999999995
2026-03-11 01:53:29,B0101_level_low,11.493333333333332
2026-03-11 01:54:40,B0101_level_low,11.919999999999995
2026-03-11 01:55:30,B0101_level_low,11.813333333333333
2026-03-11 01:55:51,B0101_level_low,11.599999999999994
2026-03-11 01:56:11,B0101_level_low,11.386666666666663
2026-03-11 01:56:31,B0101_level_low,11.706666666666663
2026-03-11 01:57:11,B0101_level_low,11.599999999999994
2026-03-11 01:57:52,B0101_level_low,11.706666666666663
2026-03-11 01:58:32,B0101_level_low,11.493333333333332
2026-03-11 01:59:02,B0101_level_low,11.493333333333332
2026-03-11 01:59:23,B0101_level_low,11.919999999999995
2026-03-11 01:59:43,B0101_level_low,11.599999999999994
2026-03-11 02:00:13,B0101_level_low,11.493333333333332
2026-03-11 02:30:42,B0101_level_low,11.813333333333333
2026-03-11 02:34:04,B0101_level_low,11.813333333333333
2026-03-11 02:34:34,B0101_level_low,11.599999999999994
2026-03-11 02:35:05,B0101_level_low,11.599999999999994
2026-03-11 02:40:38,B0101_level_low,11.599999999999994
2026-03-11 02:41:08,B0101_level_low,11.599999999999994
2026-03-11 02:45:01,B0101_level_low,11.706666666666663
2026-03-11 02:48:23,B0101_level_low,11.813333333333333
2026-03-11 02:49:23,B0101_level_low,11.599999999999994
2026-03-11 02:50:24,B0101_level_low,11.599999999999994
2026-03-11 02:50:44,B0101_level_low,11.386666666666663
2026-03-11 02:51:25,B0101_level_low,11.706666666666663
2026-03-11 02:52:15,B0101_level_low,11.706666666666663
2026-03-11 02:53:36,B0101_level_low,11.919999999999995
2026-03-11 02:54:06,B0101_level_low,11.919999999999995
2026-03-11 02:54:57,B0101_level_low,11.599999999999994
2026-03-11 02:57:59,B0101_level_low,11.813333333333333
2026-03-11 02:58:49,B0101_level_low,11.813333333333333
2026-03-11 03:00:10,B0101_level_low,11.919999999999995
2026-03-11 03:00:30,B0101_level_low,11.813333333333333
2026-03-11 03:00:50,B0101_level_low,11.919999999999995
2026-03-11 03:01:51,B0101_level_low,11.706666666666663
2026-03-11 03:08:55,B0101_level_low,11.813333333333333
2026-03-11 03:27:06,B0101_level_low,11.919999999999995
2026-03-11 03:35:21,B0101_level_low,11.919999999999995
2026-03-11 03:39:44,B0101_level_low,11.813333333333333
2026-03-11 03:40:04,B0101_level_low,11.813333333333333
2026-03-11 03:40:45,B0101_level_low,11.813333333333333
2026-03-11 03:41:55,B0101_level_low,11.493333333333332
2026-03-11 03:44:07,B0101_level_low,11.919999999999995
2026-03-11 04:40:11,B0101_level_low,11.813333333333333
2026-03-11 04:40:41,B0101_level_low,11.279999999999994
2026-03-11 04:41:12,B0101_level_low,11.599999999999994
2026-03-11 04:41:52,B0101_level_low,11.706666666666663
2026-03-11 04:42:22,B0101_level_low,11.706666666666663
2026-03-11 04:43:23,B0101_level_low,11.599999999999994
2026-03-11 04:44:54,B0101_level_low,11.493333333333332
2026-03-11 05:34:34,B0101_level_low,11.813333333333333
2026-03-11 05:40:38,B0101_level_low,11.493333333333332
2026-03-11 05:41:29,B0101_level_low,11.493333333333332
2026-03-11 05:42:09,B0101_level_low,11.493333333333332
2026-03-11 05:43:10,B0101_level_low,11.813333333333333
2026-03-11 05:43:30,B0101_level_low,11.813333333333333
2026-03-11 05:45:21,B0101_level_low,11.599999999999994
2026-03-11 05:46:22,B0101_level_low,11.599999999999994
2026-03-11 05:50:04,B0101_level_low,11.919999999999995
2026-03-11 05:52:56,B0101_level_low,11.919999999999995
2026-03-11 05:53:46,B0101_level_low,11.599999999999994
2026-03-11 05:56:28,B0101_level_low,11.599999999999994
2026-03-11 05:57:28,B0101_level_low,11.706666666666663
2026-03-11 05:58:59,B0101_level_low,11.813333333333333
2026-03-11 05:59:40,B0101_level_low,11.599999999999994
2026-03-11 06:04:02,B0101_level_low,11.706666666666663
2026-03-11 06:04:43,B0101_level_low,11.706666666666663
2026-03-11 06:05:13,B0101_level_low,11.706666666666663
2026-03-11 06:05:53,B0101_level_low,11.493333333333332
2026-03-11 06:19:52,B0101_level_low,11.706666666666663
2026-03-11 06:27:27,B0101_level_low,11.706666666666663
2026-03-11 06:36:02,B0101_level_low,11.599999999999994
2026-03-11 06:36:47,evaporation_run,1
2026-03-11 06:39:54,B0101_level_low,11.919999999999995
2026-03-11 07:36:47,evaporation_run,0
2026-03-11 07:40:41,B0101_level_low,10.0
2026-03-11 08:36:48,evaporation_run,1
2026-03-11 08:40:18,B0101_level_low,11.706666666666663
2026-03-11 08:40:48,B0101_level_low,9.786666666666662
2026-03-11 09:36:48,evaporation_run,0
2026-03-11 09:40:45,B0101_level_low,10.0
2026-03-11 10:36:48,evaporation_run,1
2026-03-11 10:40:31,B0101_level_low,11.386666666666663
2026-03-11 11:34:14,event_number,18.0
2026-03-11 11:34:39,cumulative_inflow,7.1094230769230755
2026-03-11 11:36:48,evaporation_run,0
2026-03-11 11:40:48,B0101_level_low,9.89333333333333
2026-03-11 12:36:49,evaporation_run,1
2026-03-11 12:40:45,B0101_level_low,9.89333333333333
2026-03-11 13:24:21,B0201_level_low,1.991622742530585
2026-03-11 13:25:22,B0201_level_low,1.9832496462951141
2026-03-11 13:36:49,evaporation_run,0
2026-03-11 13:40:21,B0101_level_low,11.813333333333333
2026-03-11 13:40:41,B0101_level_low,9.89333333333333
2026-03-11 13:42:12,B0201_level_low,1.991622742530585
2026-03-11 13:42:33,B0201_level_low,1.991622742530585
2026-03-11 13:45:24,B0201_level_low,1.991622742530585
2026-03-11 13:48:26,B0201_level_low,1.991622742530585
2026-03-11 13:48:46,B0201_level_low,1.991622742530585
2026-03-11 13:49:17,B0201_level_low,1.991622742530585
2026-03-11 13:49:47,B0201_level_low,1.991622742530585
2026-03-11 13:51:38,B0201_level_low,1.991622742530585
2026-03-11 13:52:19,B0201_level_low,1.991622742530585
2026-03-11 13:52:49,B0201_level_low,1.991622742530585
2026-03-11 13:53:09,B0201_level_low,1.991622742530585
2026-03-11 13:54:20,B0201_level_low,1.991622742530585
2026-03-11 14:06:17,B0201_level_low,1.991622742530585
2026-03-11 14:06:58,B0201_level_low,1.991622742530585
2026-03-11 14:12:51,B0201_level_low,1.991622742530585
2026-03-11 14:13:11,B0201_level_low,1.991622742530585
2026-03-11 14:14:32,B0201_level_low,1.991622742530585
2026-03-11 14:14:52,B0201_level_low,1.991622742530585
2026-03-11 14:15:23,B0201_level_low,1.991622742530585
2026-03-11 14:16:33,B0201_level_low,1.991622742530585
2026-03-11 14:17:34,B0201_level_low,1.991622742530585
2026-03-11 14:19:25,B0201_level_low,1.991622742530585
2026-03-11 14:20:06,B0201_level_low,1.991622742530585
2026-03-11 14:20:26,B0201_level_low,1.991622742530585
2026-03-11 14:21:26,B0201_level_low,1.991622742530585
2026-03-11 14:22:17,B0201_level_low,1.991622742530585
2026-03-11 14:23:38,B0201_level_low,1.991622742530585
2026-03-11 14:24:59,B0201_level_low,1.991622742530585
2026-03-11 14:26:40,B0201_level_low,1.991622742530585
2026-03-11 14:29:01,B0201_level_low,1.991622742530585
2026-03-11 14:32:33,B0201_level_low,1.991622742530585
2026-03-11 14:40:48,B0101_level_low,9.89333333333333
2026-03-11 15:40:45,B0101_level_low,9.89333333333333
2026-03-11 16:34:28,event_number,19.0
2026-03-11 16:34:51,cumulative_inflow,7.247423076923075
2026-03-11 16:40:41,B0101_level_low,10.746666666666663
2026-03-11 17:40:48,B0101_level_low,10.639999999999993
2026-03-11 18:40:45,B0101_level_low,10.746666666666663
2026-03-11 19:40:42,B0101_level_low,10.746666666666663
2026-03-11 20:40:48,B0101_level_low,10.746666666666663
2026-03-11 21:40:45,B0101_level_low,10.746666666666663
2026-03-11 22:40:31,B0101_level_low,11.706666666666663
2026-03-11 23:40:28,B0101_level_low,11.813333333333333
2026-03-11 23:40:48,B0101_level_low,10.853333333333332
2026-03-12 00:40:45,B0101_level_low,10.853333333333332
2026-03-12 01:40:01,B0101_level_low,11.813333333333333
2026-03-12 01:40:42,B0101_level_low,10.746666666666663
2026-03-12 02:40:28,B0101_level_low,11.813333333333333
2026-03-12 02:40:48,B0101_level_low,10.853333333333332
2026-03-12 03:40:45,B0101_level_low,10.853333333333332
2026-03-12 04:39:51,B0101_level_low,11.813333333333333
2026-03-12 04:40:42,B0101_level_low,10.639999999999993
2026-03-12 05:40:48,B0101_level_low,10.853333333333332
2026-03-12 06:40:45,B0101_level_low,10.746666666666663
2026-03-12 07:39:51,B0101_level_low,11.706666666666663
2026-03-12 07:40:42,B0101_level_low,10.853333333333332
2026-03-12 08:40:48,B0101_level_low,10.853333333333332
2026-03-12 09:39:55,B0101_level_low,11.813333333333333
2026-03-12 09:40:25,B0101_level_low,11.706666666666663
2026-03-12 09:40:45,B0101_level_low,10.853333333333332
2026-03-12 09:54:54,B0201_level_low,1.991622742530585
2026-03-12 09:56:04,B0201_level_low,1.991622742530585
2026-03-12 10:05:40,B0201_level_low,1.991622742530585
2026-03-12 10:40:11,B0101_level_low,11.279999999999994
2026-03-12 11:40:08,B0101_level_low,11.599999999999994
2026-03-12 11:40:38,B0101_level_low,11.386666666666663
2026-03-12 12:40:05,B0101_level_low,11.493333333333332
2026-03-12 12:58:36,event_number,20.0
2026-03-12 12:58:53,cumulative_inflow,7.541576923076922
2026-03-12 13:40:12,event_number,21.0
2026-03-12 13:40:22,B0101_level_low,11.706666666666663
2026-03-12 13:40:28,cumulative_inflow,7.806115384615383
2026-03-12 14:33:04,event_number,22.0
2026-03-12 14:33:21,cumulative_inflow,8.38026923076923
2026-03-12 14:40:38,B0101_level_low,11.173333333333332
2026-03-12 15:40:15,B0101_level_low,9.466666666666661
2026-03-12 15:40:15,event_number,23.0
2026-03-12 15:40:34,cumulative_inflow,8.915384615384614
2026-03-12 15:48:10,B0101_level_low,11.493333333333332
2026-03-12 15:50:31,B0101_level_low,11.599999999999994
2026-03-12 15:51:52,B0101_level_low,11.599999999999994
2026-03-12 15:54:34,B0101_level_low,11.493333333333332
2026-03-12 15:56:05,B0101_level_low,11.813333333333333
2026-03-12 15:56:55,B0101_level_low,11.813333333333333
2026-03-12 15:58:46,B0101_level_low,11.493333333333332
2026-03-12 16:00:37,B0101_level_low,11.493333333333332
2026-03-12 16:01:28,B0101_level_low,11.493333333333332
2026-03-12 16:02:08,B0101_level_low,10.746666666666663
2026-03-12 16:05:40,B0101_level_low,11.493333333333332
2026-03-12 16:06:51,B0101_level_low,11.813333333333333
2026-03-12 16:08:42,B0101_level_low,11.599999999999994
2026-03-12 16:10:03,B0101_level_low,11.599999999999994
2026-03-12 16:11:34,B0101_level_low,11.279999999999994
2026-03-12 16:12:55,B0101_level_low,11.493333333333332
2026-03-12 16:16:37,B0101_level_low,11.599999999999994
2026-03-12 16:17:38,B0101_level_low,11.599999999999994
2026-03-12 16:17:58,B0101_level_low,11.599999999999994
2026-03-12 16:18:38,B0101_level_low,11.279999999999994
2026-03-12 16:30:16,B0101_level_low,11.493333333333332
2026-03-12 16:31:57,B0101_level_low,11.493333333333332
2026-03-12 16:40:42,B0101_level_low,11.493333333333332
2026-03-12 16:41:22,B0101_level_low,11.493333333333332
2026-03-12 16:51:59,event_number,24.0
2026-03-12 16:52:22,cumulative_inflow,9.206846153846152
2026-03-12 17:33:54,event_number,25.0
2026-03-12 17:34:16,cumulative_inflow,9.950615384615382
2026-03-12 17:35:56,cumulative_inflow,10.163999999999998
2026-03-12 18:19:32,event_number,27.0
2026-03-12 18:19:56,cumulative_inflow,10.495846153846152
2026-03-12 18:36:49,evaporation_run,1
2026-03-12 18:38:34,B0101_level_low,11.493333333333332
2026-03-12 18:40:35,B0101_level_low,10.959999999999994
2026-03-12 19:17:28,B0101_level_low,11.919999999999995
2026-03-12 19:18:28,B0101_level_low,11.919999999999995
2026-03-12 19:21:10,B0101_level_low,11.599999999999994
2026-03-12 19:23:11,B0101_level_low,11.599999999999994
2026-03-12 19:27:54,B0101_level_low,11.386666666666663
2026-03-12 19:31:16,B0101_level_low,11.599999999999994
2026-03-12 19:31:46,B0101_level_low,11.813333333333333
2026-03-12 19:32:47,B0101_level_low,11.919999999999995
2026-03-12 19:36:49,evaporation_run,0
2026-03-12 19:40:42,B0101_level_low,11.386666666666663
2026-03-12 19:42:03,B0101_level_low,11.599999999999994
2026-03-12 19:42:53,B0101_level_low,11.813333333333333
2026-03-12 19:43:34,B0101_level_low,11.599999999999994
2026-03-12 19:45:55,B0101_level_low,11.599999999999994
2026-03-12 19:47:56,B0101_level_low,11.599999999999994
2026-03-12 19:50:08,B0101_level_low,11.599999999999994
2026-03-12 20:36:50,evaporation_run,1
2026-03-12 20:40:39,B0101_level_low,11.493333333333332
2026-03-12 20:41:19,B0101_level_low,11.599999999999994
2026-03-12 20:41:49,B0101_level_low,11.599999999999994
2026-03-12 20:55:17,B0101_level_low,11.919999999999995
2026-03-12 20:55:48,B0101_level_low,11.279999999999994
2026-03-12 21:36:50,evaporation_run,0
2026-03-12 21:40:35,B0101_level_low,11.493333333333332
2026-03-12 21:40:55,B0101_level_low,11.813333333333333
2026-03-12 22:28:35,B0101_level_low,11.599999999999994
2026-03-12 22:36:09,B0101_level_low,11.599999999999994
2026-03-12 22:36:50,evaporation_run,1
2026-03-12 22:40:42,B0101_level_low,10.0
2026-03-12 23:36:51,evaporation_run,0
2026-03-12 23:40:39,B0101_level_low,11.386666666666663
2026-03-13 00:36:51,evaporation_run,1
2026-03-13 00:40:35,B0101_level_low,10.853333333333332
2026-03-13 01:36:52,evaporation_run,0
2026-03-13 01:40:42,B0101_level_low,10.853333333333332
2026-03-13 02:36:52,evaporation_run,1
2026-03-13 02:40:39,B0101_level_low,10.853333333333332
2026-03-13 03:36:52,evaporation_run,0
2026-03-13 03:40:35,B0101_level_low,10.959999999999994
2026-03-13 04:36:52,evaporation_run,1
2026-03-13 04:40:42,B0101_level_low,10.533333333333331
2026-03-13 05:36:53,evaporation_run,0
2026-03-13 05:36:56,B0201_level_low,1.974880711293589
2026-03-13 05:40:39,B0101_level_low,10.746666666666663
2026-03-13 06:36:53,evaporation_run,1
2026-03-13 06:37:03,B0201_level_low,1.9581553249923709
2026-03-13 06:40:35,B0101_level_low,11.066666666666663
2026-03-13 06:41:56,B0201_level_low,1.991622742530585
2026-03-13 06:42:26,B0201_level_low,1.991622742530585
2026-03-13 06:42:57,B0201_level_low,1.991622742530585
2026-03-13 07:36:53,evaporation_run,0
2026-03-13 07:40:42,B0101_level_low,10.853333333333332
2026-03-13 08:40:39,B0101_level_low,10.746666666666663
2026-03-13 09:40:35,B0101_level_low,10.0
2026-03-13 10:40:42,B0101_level_low,9.89333333333333
2026-03-13 11:40:19,B0101_level_low,11.706666666666663
2026-03-13 11:57:19,event_number,28.0
2026-03-13 11:57:40,cumulative_inflow,10.88153846153846
2026-03-13 12:40:35,B0101_level_low,9.89333333333333
2026-03-13 13:40:42,B0101_level_low,9.89333333333333
2026-03-13 14:40:29,B0101_level_low,11.706666666666663
2026-03-13 15:40:05,B0101_level_low,11.599999999999994
2026-03-13 15:40:35,B0101_level_low,9.68
2026-03-13 16:40:02,B0101_level_low,11.706666666666663
2026-03-13 16:40:42,B0101_level_low,9.57333333333333
2026-03-13 17:39:59,B0101_level_low,11.919999999999995
2026-03-13 17:40:39,B0101_level_low,9.89333333333333
2026-03-13 18:40:15,B0101_level_low,11.919999999999995
2026-03-13 19:40:02,B0101_level_low,11.919999999999995
2026-03-13 19:40:42,B0101_level_low,9.89333333333333
2026-03-13 20:40:29,B0101_level_low,11.493333333333332
2026-03-13 21:40:25,B0101_level_low,11.813333333333333
2026-03-13 22:40:22,B0101_level_low,11.919999999999995
2026-03-13 22:40:42,B0101_level_low,10.959999999999994
2026-03-13 23:39:59,B0101_level_low,11.599999999999994
2026-03-13 23:40:39,B0101_level_low,10.533333333333331
2026-03-14 00:39:55,B0101_level_low,11.919999999999995
2026-03-14 00:40:26,B0101_level_low,11.813333333333333
2026-03-14 01:40:42,B0101_level_low,10.319999999999993
2026-03-14 02:40:39,B0101_level_low,10.426666666666662
2026-03-14 03:39:55,B0101_level_low,11.599999999999994
2026-03-14 03:40:15,B0101_level_low,11.706666666666663
2026-03-14 03:40:46,B0101_level_low,10.213333333333331
2026-03-14 04:40:12,B0101_level_low,11.279999999999994
2026-03-14 04:40:42,B0101_level_low,10.106666666666662
2026-03-14 05:40:19,B0101_level_low,11.919999999999995
2026-03-14 05:40:39,B0101_level_low,10.639999999999993
2026-03-14 06:40:36,B0101_level_low,11.599999999999994
2026-03-14 07:40:02,B0101_level_low,11.706666666666663
2026-03-14 07:40:32,B0101_level_low,11.599999999999994
2026-03-14 08:40:09,B0101_level_low,11.919999999999995
2026-03-14 08:40:29,B0101_level_low,-5.466666666666669
2026-03-14 09:40:26,B0101_level_low,11.706666666666663
2026-03-14 10:40:02,B0101_level_low,11.706666666666663
2026-03-14 10:40:43,B0101_level_low,10.853333333333332
2026-03-14 11:40:09,B0101_level_low,11.813333333333333
2026-03-14 11:40:29,B0101_level_low,-31.92
2026-03-14 12:39:55,B0101_level_low,11.706666666666663
2026-03-14 12:40:26,B0101_level_low,11.706666666666663
2026-03-14 12:40:46,B0101_level_low,10.853333333333332
2026-03-14 13:40:02,B0101_level_low,11.813333333333333
2026-03-14 13:40:22,B0101_level_low,11.599999999999994
2026-03-14 13:40:43,B0101_level_low,10.853333333333332
2026-03-14 14:07:09,event_number,29.0
2026-03-14 14:07:31,cumulative_inflow,11.167615384615383
2026-03-14 14:08:50,B0101_level_low,11.599999999999994
2026-03-14 14:11:01,B0101_level_low,11.386666666666663
2026-03-14 14:39:49,B0101_level_low,11.919999999999995
2026-03-14 14:40:09,B0101_level_low,11.813333333333333
2026-03-14 14:40:39,B0101_level_low,10.639999999999993
2026-03-14 14:48:04,event_number,30.0
2026-03-14 14:48:25,cumulative_inflow,11.558692307692306
2026-03-14 15:40:36,B0101_level_low,11.706666666666663
2026-03-14 16:39:52,B0101_level_low,8.399999999999999
2026-03-14 16:40:33,B0101_level_low,-29.89333333333333
2026-03-14 17:31:54,event_number,31.0
2026-03-14 17:32:18,cumulative_inflow,11.94976923076923
2026-03-14 17:34:05,B0101_level_low,11.706666666666663
2026-03-14 17:34:36,B0101_level_low,11.599999999999994
2026-03-14 17:36:47,B0101_level_low,11.599999999999994
2026-03-14 17:37:07,B0101_level_low,11.599999999999994
2026-03-14 17:37:27,B0101_level_low,11.599999999999994
2026-03-14 17:37:58,B0101_level_low,11.706666666666663
2026-03-14 17:40:39,B0101_level_low,11.706666666666663
2026-03-14 17:50:46,B0101_level_low,11.493333333333332
2026-03-14 17:51:56,B0101_level_low,11.493333333333332
2026-03-14 17:53:37,B0101_level_low,11.599999999999994
2026-03-14 17:54:08,B0101_level_low,11.706666666666663
2026-03-14 17:54:48,B0101_level_low,11.706666666666663
2026-03-14 17:56:19,B0101_level_low,11.599999999999994
2026-03-14 17:56:39,B0101_level_low,11.493333333333332
2026-03-14 17:57:09,B0101_level_low,11.706666666666663
2026-03-14 18:03:33,B0101_level_low,11.706666666666663
2026-03-14 18:40:36,B0101_level_low,10.106666666666662
2026-03-14 18:40:56,event_number,32.0
2026-03-14 18:41:06,B0101_level_low,11.599999999999994
2026-03-14 18:41:15,cumulative_inflow,12.18603846153846
2026-03-14 18:41:37,B0101_level_low,11.706666666666663
2026-03-14 18:42:27,B0101_level_low,11.599999999999994
2026-03-14 18:51:43,B0101_level_low,-62.32000000000001
2026-03-14 19:00:38,B0101_level_low,11.599999999999994
2026-03-14 19:01:19,B0101_level_low,5.626666666666665
2026-03-14 19:02:50,B0101_level_low,-62.32000000000001
2026-03-14 19:27:15,B0101_level_low,11.919999999999995
2026-03-14 19:27:55,B0101_level_low,11.813333333333333
2026-03-14 19:28:35,B0101_level_low,11.706666666666663
2026-03-14 19:28:45,event_number,33.0
2026-03-14 19:29:04,cumulative_inflow,12.511153846153846
2026-03-14 19:30:26,B0101_level_low,11.919999999999995
2026-03-14 19:31:07,B0101_level_low,11.706666666666663
2026-03-14 19:35:40,B0101_level_low,10.959999999999994
2026-03-14 19:36:30,B0101_level_low,10.853333333333332
2026-03-14 19:37:11,B0101_level_low,11.386666666666663
2026-03-14 19:38:52,B0101_level_low,10.853333333333332
2026-03-14 19:39:12,B0101_level_low,11.386666666666663
2026-03-14 19:39:42,B0101_level_low,-9.306666666666672
2026-03-14 19:40:23,B0101_level_low,-1.5200000000000031
2026-03-14 19:41:53,B0101_level_low,11.599999999999994
2026-03-14 20:00:35,event_number,34.0
2026-03-14 20:00:53,cumulative_inflow,12.848384615384616
2026-03-14 20:11:11,event_number,35.0
2026-03-14 20:11:29,cumulative_inflow,13.18023076923077
2026-03-14 20:12:52,B0101_level_low,-62.21333333333334
2026-03-14 20:14:13,event_number,36.0
2026-03-14 20:14:32,cumulative_inflow,13.264384615384616
2026-03-14 20:23:39,event_number,37.0
2026-03-14 20:24:04,cumulative_inflow,13.462961538461538
2026-03-14 20:30:33,event_number,38.0
2026-03-14 20:30:56,cumulative_inflow,13.871538461538462
2026-03-14 20:40:19,B0101_level_low,11.493333333333332
2026-03-14 20:40:39,B0101_level_low,-23.706666666666663
2026-03-14 21:10:48,event_number,39.0
2026-03-14 21:11:12,cumulative_inflow,13.98396153846154
2026-03-14 21:13:40,B0101_level_low,11.706666666666663
2026-03-14 21:20:14,event_number,40.0
2026-03-14 21:20:35,cumulative_inflow,14.362923076923078
2026-03-14 21:22:55,B0101_level_low,-61.36
2026-03-14 21:34:02,event_number,41.0
2026-03-14 21:34:23,cumulative_inflow,14.600538461538463
2026-03-14 21:45:59,event_number,42.0
2026-03-14 21:46:22,cumulative_inflow,15.13969230769231
2026-03-14 21:47:00,B0101_level_low,-24.986666666666665
2026-03-14 21:48:01,cumulative_inflow,15.161923076923078
2026-03-14 21:48:11,event_number,44.0
2026-03-14 21:48:21,B0101_level_low,11.173333333333332
2026-03-14 21:48:47,cumulative_inflow,15.23126923076923
2026-03-14 21:49:42,B0101_level_low,4.453333333333333
2026-03-14 22:15:58,event_number,45.0
2026-03-14 22:16:18,cumulative_inflow,15.626384615384616
2026-03-14 22:16:58,B0101_level_low,8.50666666666666
2026-03-14 22:18:19,B0101_level_low,-51.97333333333333
2026-03-14 22:31:07,event_number,46.0
2026-03-14 22:31:26,cumulative_inflow,16.047076923076922
2026-03-14 22:36:54,evaporation_run,1
2026-03-14 23:19:37,event_number,47.0
2026-03-14 23:19:58,cumulative_inflow,16.416615384615383
2026-03-14 23:32:04,event_number,48.0
2026-03-14 23:32:26,cumulative_inflow,16.68653846153846
2026-03-14 23:36:54,evaporation_run,0
2026-03-14 23:47:44,event_number,49.0
2026-03-14 23:48:08,cumulative_inflow,17.078961538461538
2026-03-14 23:50:25,event_number,50.0
2026-03-14 23:50:48,cumulative_inflow,17.600615384615384
2026-03-14 23:52:28,cumulative_inflow,17.655153846153844
2026-03-14 23:52:37,event_number,52.0
2026-03-14 23:53:14,cumulative_inflow,17.709692307692304
2026-03-14 23:53:47,event_number,53.0
2026-03-14 23:54:38,cumulative_inflow,17.81807692307692
2026-03-15 00:36:54,evaporation_run,1
2026-03-15 01:36:55,evaporation_run,0
2026-03-15 02:36:55,evaporation_run,1
2026-03-15 03:36:55,evaporation_run,0
2026-03-15 04:36:56,evaporation_run,1
2026-03-15 05:36:56,evaporation_run,0
2026-03-15 06:36:56,evaporation_run,1
2026-03-15 07:36:56,evaporation_run,0
2026-03-15 08:36:57,evaporation_run,1
2026-03-15 09:36:57,evaporation_run,0
2026-03-15 10:36:57,evaporation_run,1
2026-03-15 11:36:57,evaporation_run,0
2026-03-15 12:36:57,evaporation_run,1
2026-03-15 13:36:58,evaporation_run,0
2026-03-15 14:36:58,evaporation_run,1
2026-03-15 14:37:48,B0101_level_low,11.599999999999994
2026-03-15 14:40:50,B0101_level_low,11.599999999999994
2026-03-15 15:36:58,evaporation_run,0
2026-03-15 15:40:46,B0101_level_low,11.599999999999994
2026-03-15 15:41:17,B0101_level_low,11.493333333333332
2026-03-15 15:42:17,B0101_level_low,11.599999999999994
2026-03-15 16:36:58,evaporation_run,1
2026-03-15 16:40:43,B0101_level_low,11.386666666666663
2026-03-15 17:19:27,B0101_level_low,11.599999999999994
2026-03-15 17:19:57,B0101_level_low,11.599999999999994
2026-03-15 17:25:40,B0101_level_low,11.599999999999994
2026-03-15 17:27:11,B0101_level_low,11.813333333333333
2026-03-15 17:27:52,B0101_level_low,11.599999999999994
2026-03-15 17:36:58,evaporation_run,0
2026-03-15 17:41:10,B0101_level_low,11.599999999999994
2026-03-15 17:41:30,B0101_level_low,11.599999999999994
2026-03-15 17:42:11,B0101_level_low,11.599999999999994
2026-03-15 18:36:59,evaporation_run,1
2026-03-15 18:40:56,B0101_level_low,11.493333333333332
2026-03-15 18:41:27,B0101_level_low,11.599999999999994
2026-03-15 18:42:07,B0101_level_low,11.599999999999994
2026-03-15 18:46:00,B0101_level_low,11.599999999999994
2026-03-15 18:53:34,B0101_level_low,11.279999999999994
2026-03-15 18:54:55,B0101_level_low,11.706666666666663
2026-03-15 18:57:37,B0101_level_low,11.813333333333333
2026-03-15 18:57:57,B0101_level_low,11.386666666666663
2026-03-15 18:58:57,B0101_level_low,11.599999999999994
2026-03-15 19:08:43,B0101_level_low,11.813333333333333
2026-03-15 19:09:34,B0101_level_low,11.599999999999994
2026-03-15 19:09:54,B0101_level_low,11.706666666666663
2026-03-15 19:13:46,B0101_level_low,11.386666666666663
2026-03-15 19:29:16,B0101_level_low,11.599999999999994
2026-03-15 19:31:17,B0101_level_low,11.599999999999994
2026-03-15 19:36:59,evaporation_run,0
2026-03-15 19:38:22,B0101_level_low,11.599999999999994
2026-03-15 19:40:43,B0101_level_low,11.599999999999994
2026-03-15 20:36:59,evaporation_run,1
2026-03-15 20:40:50,B0101_level_low,11.599999999999994
2026-03-15 20:41:10,B0101_level_low,11.813333333333333
2026-03-15 20:42:11,B0101_level_low,11.599999999999994
2026-03-15 21:36:59,evaporation_run,0
2026-03-15 21:37:04,B0201_level_low,1.974880711293589
2026-03-15 21:41:07,B0101_level_low,11.599999999999994
2026-03-15 21:41:37,B0101_level_low,11.706666666666663
2026-03-15 21:46:10,B0101_level_low,11.599999999999994
2026-03-15 21:48:01,B0101_level_low,11.599999999999994
2026-03-15 21:49:52,B0101_level_low,11.599999999999994
2026-03-15 21:51:13,B0101_level_low,11.813333333333333
2026-03-15 21:55:25,B0101_level_low,11.599999999999994
2026-03-15 22:28:26,B0101_level_low,11.599999999999994
2026-03-15 22:30:17,B0101_level_low,11.599999999999994
2026-03-15 22:32:38,B0101_level_low,11.599999999999994
2026-03-15 22:33:49,B0101_level_low,11.599999999999994
2026-03-15 22:36:59,evaporation_run,1
2026-03-15 22:37:11,B0201_level_low,1.9414465836269317
2026-03-15 22:38:11,B0201_level_low,1.991622742530585
2026-03-15 22:41:03,B0101_level_low,11.599999999999994
2026-03-15 22:41:44,B0101_level_low,11.813333333333333
2026-03-15 22:42:04,B0101_level_low,11.706666666666663
2026-03-15 22:42:34,B0101_level_low,11.386666666666663
2026-03-15 22:45:26,B0101_level_low,11.599999999999994
2026-03-15 22:48:58,B0101_level_low,11.599999999999994
2026-03-15 22:50:39,B0101_level_low,11.813333333333333
2026-03-15 22:51:30,B0101_level_low,11.493333333333332
2026-03-15 22:54:21,B0101_level_low,11.599999999999994
2026-03-15 22:56:43,B0101_level_low,11.706666666666663
2026-03-15 23:03:57,B0101_level_low,11.599999999999994
2026-03-15 23:11:32,B0101_level_low,11.599999999999994
2026-03-15 23:12:53,B0101_level_low,11.599999999999994
2026-03-15 23:13:13,B0101_level_low,11.599999999999994
2026-03-15 23:16:55,B0101_level_low,11.599999999999994
2026-03-15 23:37:00,evaporation_run,0
2026-03-15 23:37:18,B0101_level_low,11.599999999999994
2026-03-15 23:41:10,B0101_level_low,11.386666666666663
2026-03-15 23:46:23,B0101_level_low,11.599999999999994
2026-03-15 23:48:35,B0101_level_low,11.599999999999994
2026-03-15 23:48:55,B0101_level_low,11.599999999999994
2026-03-15 23:54:58,B0101_level_low,11.599999999999994
2026-03-15 23:55:29,B0101_level_low,11.599999999999994
2026-03-16 00:01:02,B0101_level_low,11.599999999999994
2026-03-16 00:09:07,B0101_level_low,11.599999999999994
2026-03-16 00:41:37,B0101_level_low,11.813333333333333
2026-03-16 00:41:57,B0101_level_low,11.599999999999994
2026-03-16 00:42:17,B0101_level_low,11.599999999999994
2026-03-16 00:43:48,B0101_level_low,11.599999999999994
2026-03-16 00:44:19,B0101_level_low,11.813333333333333
2026-03-16 00:44:49,B0101_level_low,11.599999999999994
2026-03-16 00:46:10,B0101_level_low,11.599999999999994
2026-03-16 00:52:03,B0101_level_low,11.599999999999994
2026-03-16 01:04:01,B0101_level_low,11.599999999999994
2026-03-16 01:08:54,B0101_level_low,11.706666666666663
2026-03-16 01:15:07,B0101_level_low,11.599999999999994
2026-03-16 01:19:00,B0101_level_low,11.706666666666663
2026-03-16 01:19:20,B0101_level_low,11.599999999999994
2026-03-16 01:19:40,B0101_level_low,11.599999999999994
2026-03-16 01:24:23,B0101_level_low,11.599999999999994
2026-03-16 01:24:53,B0101_level_low,11.599999999999994
2026-03-16 01:26:14,B0101_level_low,11.599999999999994
2026-03-16 01:28:46,B0101_level_low,11.599999999999994
2026-03-16 01:40:53,B0101_level_low,11.599999999999994
2026-03-16 01:41:44,B0101_level_low,11.599999999999994
2026-03-16 01:42:14,B0101_level_low,11.599999999999994
2026-03-16 01:44:25,B0101_level_low,11.599999999999994
2026-03-16 01:45:06,B0101_level_low,11.706666666666663
2026-03-16 01:45:26,B0101_level_low,11.599999999999994
2026-03-16 01:52:30,B0101_level_low,11.599999999999994
2026-03-16 01:55:12,B0101_level_low,11.813333333333333
2026-03-16 01:57:13,B0101_level_low,11.599999999999994
2026-03-16 01:57:33,B0101_level_low,11.599999999999994
2026-03-16 02:02:36,B0101_level_low,11.919999999999995
2026-03-16 02:10:01,B0101_level_low,11.599999999999994
2026-03-16 02:12:22,B0101_level_low,11.599999999999994
2026-03-16 02:21:08,B0101_level_low,11.599999999999994
2026-03-16 02:36:57,B0101_level_low,11.599999999999994
2026-03-16 02:37:00,evaporation_run,1
2026-03-16 02:40:19,B0101_level_low,11.706666666666663
2026-03-16 02:40:50,B0101_level_low,9.68
2026-03-16 03:37:00,evaporation_run,0
2026-03-16 03:40:46,B0101_level_low,10.106666666666662
2026-03-16 04:37:01,evaporation_run,1
2026-03-16 04:40:33,B0101_level_low,10.426666666666662
2026-03-16 05:37:01,evaporation_run,0
2026-03-16 05:40:40,B0101_level_low,10.426666666666662
2026-03-16 06:37:01,evaporation_run,1
2026-03-16 06:40:36,B0101_level_low,10.213333333333331
2026-03-16 07:37:02,evaporation_run,0
2026-03-16 07:40:33,B0101_level_low,10.106666666666662
2026-03-16 08:37:02,evaporation_run,1
2026-03-16 08:40:40,B0101_level_low,9.466666666666661
2026-03-16 08:59:21,B0201_level_low,1.991622742530585
2026-03-16 08:59:41,B0201_level_low,1.991622742530585
2026-03-16 09:37:02,evaporation_run,0
2026-03-16 09:40:36,B0101_level_low,10.0
2026-03-16 10:39:53,B0101_level_low,11.813333333333333
2026-03-16 10:40:33,B0101_level_low,9.25333333333333
2026-03-16 11:40:30,B0101_level_low,11.813333333333333
2026-03-16 12:39:56,B0101_level_low,11.706666666666663
2026-03-16 12:40:16,B0101_level_low,11.813333333333333
2026-03-16 12:40:36,B0101_level_low,9.146666666666661
2026-03-16 13:40:23,B0101_level_low,11.599999999999994
2026-03-16 14:40:10,B0101_level_low,11.813333333333333
2026-03-16 14:40:40,B0101_level_low,9.57333333333333
2026-03-16 15:40:06,B0101_level_low,11.919999999999995
2026-03-16 15:40:37,B0101_level_low,9.786666666666662
2026-03-16 16:40:13,B0101_level_low,11.919999999999995
2026-03-16 17:40:00,B0101_level_low,11.919999999999995
2026-03-16 17:40:40,B0101_level_low,9.25333333333333
2026-03-16 18:40:27,B0101_level_low,11.813333333333333
2026-03-16 18:40:47,B0101_level_low,9.25333333333333
2026-03-16 19:40:23,B0101_level_low,11.599999999999994
2026-03-16 20:40:20,B0101_level_low,11.919999999999995
2026-03-16 21:40:37,B0101_level_low,9.25333333333333
2026-03-16 22:40:03,B0101_level_low,11.706666666666663
2026-03-16 22:40:33,B0101_level_low,11.599999999999994
2026-03-16 23:40:00,B0101_level_low,11.599999999999994
2026-03-17 00:40:06,B0101_level_low,11.706666666666663
2026-03-17 00:40:37,B0101_level_low,9.25333333333333
2026-03-17 02:40:00,B0101_level_low,11.599999999999994
2026-03-17 04:40:44,B0101_level_low,9.466666666666661
2026-03-17 05:40:30,B0101_level_low,11.706666666666663
2026-03-17 06:40:06,B0101_level_low,11.386666666666663
2026-03-17 08:36:38,event_number,54.0
2026-03-17 08:36:57,cumulative_inflow,17.981653846153844
2026-03-17 08:40:30,B0101_level_low,11.279999999999994
2026-03-17 09:05:36,program_run,0
2026-03-17 10:16:40,program_run,1
2026-03-17 10:16:50,B0101_level_low,9.146666666666661
2026-03-17 10:16:50,B0401_concentrate_full,False
2026-03-17 10:16:50,B0201_level_low,1.7257476350320413
2026-03-17 10:27:47,event_number,54.0
2026-03-17 10:28:13,cumulative_inflow,18.28388461538461
2026-03-17 16:24:55,event_number,55.0
2026-03-17 16:25:13,cumulative_inflow,18.50534615384615
2026-03-17 18:00:24,event_number,56.0
2026-03-17 18:00:40,cumulative_inflow,18.84257692307692
2026-03-17 20:16:47,event_number,57.0
2026-03-17 20:17:06,cumulative_inflow,19.41538461538461
2026-03-18 07:21:33,B0101_level_low,10.853333333333332
2026-03-18 07:23:34,B0101_level_low,10.959999999999994
2026-03-18 07:25:46,B0101_level_low,10.853333333333332
2026-03-18 07:28:37,B0101_level_low,10.746666666666663
2026-03-18 07:47:29,B0101_level_low,10.853333333333332
2026-03-18 07:51:11,B0101_level_low,13.626666666666662
2026-03-18 07:51:52,B0101_level_low,10.853333333333332
2026-03-18 08:00:37,B0101_level_low,10.853333333333332
2026-03-18 08:08:52,B0101_level_low,10.853333333333332
2026-03-18 08:13:25,B0101_level_low,10.853333333333332
2026-03-18 08:14:05,B0101_level_low,12.453333333333333
2026-03-18 08:14:56,B0101_level_low,11.706666666666663
2026-03-18 08:15:26,B0101_level_low,11.386666666666663
2026-03-18 08:15:56,B0101_level_low,10.959999999999994
2026-03-18 08:18:08,B0101_level_low,14.373333333333331
2026-03-18 08:18:28,B0101_level_low,10.853333333333332
2026-03-18 08:20:39,B0101_level_low,12.666666666666664
2026-03-18 08:22:40,B0101_level_low,11.173333333333332
2026-03-18 08:23:41,B0101_level_low,10.853333333333332
2026-03-18 08:27:43,B0101_level_low,11.386666666666663
2026-03-18 08:28:34,B0101_level_low,11.386666666666663
2026-03-18 08:28:54,B0101_level_low,10.959999999999994
2026-03-18 08:30:05,B0101_level_low,13.626666666666662
2026-03-18 08:30:55,B0101_level_low,10.959999999999994
2026-03-18 08:47:46,B0101_level_low,10.853333333333332
2026-03-18 09:21:47,B0101_level_low,10.959999999999994
2026-03-18 09:22:27,B0101_level_low,10.853333333333332
2026-03-18 09:25:09,B0101_level_low,14.159999999999997
2026-03-18 09:25:29,B0101_level_low,10.853333333333332
2026-03-18 09:26:09,B0101_level_low,10.853333333333332
2026-03-18 09:29:01,B0101_level_low,10.853333333333332
2026-03-18 09:30:12,B0101_level_low,10.746666666666663
2026-03-18 09:32:43,B0101_level_low,10.853333333333332
2026-03-18 09:33:03,B0101_level_low,10.853333333333332
2026-03-18 09:50:34,B0101_level_low,10.106666666666662
2026-03-18 09:51:15,B0101_level_low,10.959999999999994
2026-03-18 09:51:55,B0101_level_low,14.053333333333331
2026-03-18 09:53:56,B0101_level_low,11.173333333333332
2026-03-18 09:54:16,B0101_level_low,10.639999999999993
2026-03-18 09:54:57,B0101_level_low,10.0
2026-03-18 09:56:48,B0101_level_low,10.426666666666662
2026-03-18 09:57:28,B0101_level_low,10.0
2026-03-18 09:57:49,B0101_level_low,10.0
2026-03-18 10:00:10,B0101_level_low,10.0
2026-03-18 10:00:30,B0101_level_low,9.786666666666662
2026-03-18 10:01:31,B0101_level_low,10.0
2026-03-18 10:03:52,B0101_level_low,10.746666666666663
2026-03-18 10:04:12,B0101_level_low,12.879999999999995
2026-03-18 10:04:43,B0101_level_low,13.73333333333333
2026-03-18 10:15:39,B0101_level_low,13.626666666666662
2026-03-18 10:18:11,B0101_level_low,14.906666666666663
2026-03-18 10:19:22,B0101_level_low,10.0
2026-03-18 10:20:32,B0101_level_low,9.89333333333333
2026-03-18 10:20:53,B0101_level_low,-23.173333333333332
2026-03-18 10:22:24,B0101_level_low,9.89333333333333
2026-03-18 10:24:35,B0101_level_low,10.426666666666662
2026-03-18 10:25:05,B0101_level_low,9.89333333333333
2026-03-18 10:27:57,B0101_level_low,11.599999999999994
2026-03-18 10:31:59,B0101_level_low,10.533333333333331
2026-03-18 10:38:33,B0101_level_low,10.0
2026-03-18 10:40:35,B0101_level_low,9.786666666666662
2026-03-18 10:42:16,B0101_level_low,9.89333333333333
2026-03-18 10:50:41,B0101_level_low,9.89333333333333
2026-03-18 10:51:52,B0101_level_low,9.786666666666662
2026-03-18 10:52:42,B0101_level_low,10.213333333333331
2026-03-18 10:54:13,B0101_level_low,9.89333333333333
2026-03-18 10:54:43,B0101_level_low,9.89333333333333
2026-03-18 10:55:44,B0101_level_low,10.213333333333331
2026-03-18 10:58:46,B0101_level_low,9.68
2026-03-18 11:00:07,B0101_level_low,12.453333333333333
2026-03-18 11:02:38,B0101_level_low,10.319999999999993
2026-03-18 11:07:31,B0101_level_low,14.373333333333331
2026-03-18 11:09:32,B0101_level_low,11.279999999999994
2026-03-18 11:13:05,B0101_level_low,9.89333333333333
2026-03-18 11:13:45,B0101_level_low,10.959999999999994
2026-03-18 11:16:06,B0101_level_low,10.0
2026-03-18 11:16:27,B0101_level_low,9.68
2026-03-18 11:19:39,B0101_level_low,10.0
2026-03-18 11:20:19,B0101_level_low,13.839999999999996
2026-03-18 11:21:40,B0101_level_low,10.319999999999993
2026-03-18 11:22:00,B0101_level_low,9.89333333333333
2026-03-18 12:30:32,event_number,58.0
2026-03-18 12:30:49,cumulative_inflow,19.776846153846147
2026-03-18 15:08:49,event_number,59.0
2026-03-18 15:09:06,cumulative_inflow,20.00773076923076
2026-03-18 15:12:11,event_number,60.0
2026-03-18 15:12:26,cumulative_inflow,20.64515384615384
2026-03-18 15:14:06,cumulative_inflow,20.68623076923076
2026-03-18 15:14:12,event_number,62.0
2026-03-18 15:14:52,cumulative_inflow,20.75288461538461
2026-03-18 17:20:49,event_number,63.0
2026-03-18 17:21:13,cumulative_inflow,21.147999999999993
2026-03-18 17:22:20,B0101_level_low,10.746666666666663
2026-03-18 19:07:04,event_number,64.0
2026-03-18 19:07:23,cumulative_inflow,21.588884615384607
2026-03-19 10:45:18,event_number,65.0
2026-03-19 10:45:36,cumulative_inflow,22.1091923076923
2026-03-19 10:47:59,event_number,66.0
2026-03-19 10:48:24,cumulative_inflow,22.245846153846145
2026-03-19 11:39:51,event_number,67.0
2026-03-19 11:40:12,cumulative_inflow,22.327307692307684
2026-03-19 12:57:39,event_number,68.0
2026-03-19 12:58:03,cumulative_inflow,22.629538461538452
2026-03-19 13:35:32,event_number,69.0
2026-03-19 13:35:49,cumulative_inflow,22.79446153846153
2026-03-19 13:51:11,event_number,70.0
2026-03-19 13:51:33,cumulative_inflow,22.990346153846144
2026-03-19 15:13:21,event_number,71.0
2026-03-19 15:13:40,cumulative_inflow,23.299307692307682
2026-03-19 15:48:23,event_number,72.0
2026-03-19 15:48:43,cumulative_inflow,23.526153846153836
2026-03-19 16:25:46,event_number,73.0
2026-03-19 16:26:10,cumulative_inflow,23.63857692307691
2026-03-19 20:10:03,event_number,74.0
2026-03-19 20:10:29,cumulative_inflow,24.059269230769218
2026-03-19 20:11:44,B0101_level_low,10.959999999999994
2026-03-19 20:12:44,B0101_level_low,14.693333333333328
2026-03-19 20:13:05,B0101_level_low,14.693333333333328
2026-03-19 20:13:55,B0101_level_low,14.053333333333331
2026-03-19 20:16:37,B0101_level_low,14.586666666666662
2026-03-19 20:17:58,B0101_level_low,14.586666666666662
2026-03-19 20:18:48,B0101_level_low,14.693333333333328
2026-03-19 20:20:39,B0101_level_low,11.066666666666663
2026-03-19 20:45:04,event_number,75.0
2026-03-19 20:45:21,cumulative_inflow,24.43284615384614
2026-03-19 20:46:55,B0101_level_low,-62.42666666666666
2026-03-19 20:47:26,B0101_level_low,14.693333333333328
2026-03-19 20:47:56,B0101_level_low,13.946666666666662
2026-03-19 20:49:07,B0101_level_low,13.839999999999996
2026-03-19 20:50:17,B0101_level_low,13.946666666666662
2026-03-19 20:50:58,event_number,76.0
2026-03-19 20:51:16,cumulative_inflow,24.904692307692294
2026-03-19 20:51:28,B0101_level_low,14.693333333333328
2026-03-19 21:20:36,B0101_level_low,11.813333333333333
2026-03-19 21:21:16,B0101_level_low,-22.0
2026-03-19 21:25:19,B0101_level_low,14.799999999999997
2026-03-19 21:26:09,B0101_level_low,14.906666666666663
2026-03-19 21:27:10,B0101_level_low,14.479999999999997
2026-03-19 21:27:50,B0101_level_low,14.693333333333328
2026-03-19 21:29:01,B0101_level_low,14.693333333333328
2026-03-19 21:44:51,B0101_level_low,14.479999999999997
2026-03-19 21:47:42,B0101_level_low,14.693333333333328
2026-03-19 21:48:03,B0101_level_low,14.693333333333328
2026-03-19 21:48:53,B0101_level_low,14.479999999999997
2026-03-19 21:51:25,B0101_level_low,14.693333333333328
2026-03-19 22:17:29,evaporation_run,1
2026-03-19 22:17:31,B0101_level_low,14.586666666666662
2026-03-19 23:17:29,evaporation_run,0
2026-03-19 23:20:39,B0101_level_low,14.799999999999997
2026-03-19 23:21:00,B0101_level_low,14.693333333333328
2026-03-19 23:21:20,B0101_level_low,14.693333333333328
2026-03-20 00:17:29,evaporation_run,1
2026-03-20 00:20:46,B0101_level_low,14.159999999999997
2026-03-20 00:21:06,B0101_level_low,14.799999999999997
2026-03-20 00:21:26,B0101_level_low,14.799999999999997
2026-03-20 00:52:25,B0101_level_low,14.693333333333328
2026-03-20 01:17:30,evaporation_run,0
2026-03-20 01:21:33,B0101_level_low,14.479999999999997
2026-03-20 01:33:41,B0101_level_low,14.693333333333328
2026-03-20 02:17:30,evaporation_run,1
2026-03-20 02:20:39,B0101_level_low,14.906666666666663
2026-03-20 02:21:10,B0101_level_low,14.906666666666663
2026-03-20 03:17:30,evaporation_run,0
2026-03-20 03:20:56,B0101_level_low,14.799999999999997
2026-03-20 03:21:16,B0101_level_low,14.906666666666663
2026-03-20 03:21:37,B0101_level_low,14.799999999999997
2026-03-20 03:22:07,B0101_level_low,14.799999999999997
2026-03-20 04:17:30,evaporation_run,1
2026-03-20 04:21:33,B0101_level_low,14.693333333333328
2026-03-20 04:48:10,B0201_level_low,1.991622742530585
2026-03-20 04:48:40,B0201_level_low,1.991622742530585
2026-03-20 05:17:30,evaporation_run,0
2026-03-20 05:21:30,B0101_level_low,14.693333333333328
2026-03-20 05:24:12,B0101_level_low,14.799999999999997
2026-03-20 06:21:16,B0101_level_low,14.799999999999997
2026-03-20 06:21:47,B0101_level_low,14.799999999999997
2026-03-20 06:22:07,B0101_level_low,14.799999999999997
2026-03-20 06:22:27,B0101_level_low,14.799999999999997
2026-03-20 06:22:47,B0101_level_low,14.799999999999997
2026-03-20 06:23:48,B0101_level_low,14.693333333333328
2026-03-20 06:25:19,B0101_level_low,14.799999999999997
2026-03-20 06:45:01,B0101_level_low,14.799999999999997
2026-03-20 07:21:33,B0101_level_low,14.906666666666663
2026-03-20 07:22:04,B0101_level_low,14.693333333333328
2026-03-20 08:21:30,B0101_level_low,14.799999999999997
2026-03-20 09:20:46,B0101_level_low,14.799999999999997
2026-03-20 10:20:43,B0101_level_low,13.839999999999996
2026-03-20 11:20:39,B0101_level_low,13.839999999999996
2026-03-20 12:20:46,B0101_level_low,13.73333333333333
2026-03-20 12:21:06,B0101_level_low,14.586666666666662
2026-03-20 13:20:43,B0101_level_low,14.586666666666662
2026-03-20 14:15:36,event_number,77.0
2026-03-20 14:15:58,cumulative_inflow,25.434423076923064
2026-03-20 14:17:30,evaporation_run,1
2026-03-20 14:17:58,B0101_level_low,14.906666666666663
2026-03-20 14:19:59,event_number,78.0
2026-03-20 14:20:23,cumulative_inflow,25.548192307692293
2026-03-20 15:17:30,evaporation_run,0
2026-03-20 15:52:46,event_number,79.0
2026-03-20 15:53:07,cumulative_inflow,25.645807692307677
2026-03-20 16:17:31,evaporation_run,1
2026-03-20 17:08:02,event_number,80.0
2026-03-20 17:08:21,cumulative_inflow,26.41111538461537
2026-03-20 17:10:01,cumulative_inflow,26.63661538461537
2026-03-20 17:17:31,evaporation_run,0
2026-03-20 17:20:49,B0101_level_low,13.199999999999996
2026-03-20 18:17:31,evaporation_run,1
2026-03-20 18:20:46,B0101_level_low,14.479999999999997
2026-03-20 19:17:31,evaporation_run,0
2026-03-20 19:20:43,B0101_level_low,14.266666666666662
2026-03-20 19:21:53,B0101_level_low,14.053333333333331
2026-03-20 20:17:31,evaporation_run,1
2026-03-20 20:20:49,B0101_level_low,14.266666666666662
2026-03-20 20:50:18,B0201_level_low,1.991622742530585
2026-03-20 20:50:48,B0201_level_low,1.991622742530585
2026-03-20 21:17:31,evaporation_run,0
2026-03-20 22:20:43,B0101_level_low,13.839999999999996
2026-03-20 23:20:49,B0101_level_low,14.053333333333331
2026-03-20 23:21:20,B0101_level_low,14.586666666666662
2026-03-21 00:20:46,B0101_level_low,14.906666666666663
2026-03-21 01:20:43,B0101_level_low,13.306666666666665
2026-03-21 02:20:49,B0101_level_low,14.586666666666662
2026-03-21 03:20:46,B0101_level_low,13.946666666666662
2026-03-21 05:20:59,B0101_level_low,13.73333333333333
2026-03-21 17:35:48,event_number,82.0
2026-03-21 17:36:07,cumulative_inflow,27.03307692307691
2026-03-21 17:37:29,B0101_level_low,14.266666666666662
2026-03-21 17:37:59,B0101_level_low,13.73333333333333
2026-03-23 08:21:39,B0101_level_low,13.199999999999996
2026-03-23 08:26:12,B0101_level_low,14.053333333333331
2026-03-23 08:30:45,B0101_level_low,14.053333333333331
2026-03-23 08:33:36,B0101_level_low,14.799999999999997
2026-03-23 08:33:56,B0101_level_low,14.053333333333331
2026-03-23 08:34:47,B0101_level_low,14.266666666666662
2026-03-23 08:35:48,B0101_level_low,14.906666666666663
2026-03-23 08:36:58,B0101_level_low,14.053333333333331
2026-03-23 08:39:10,B0101_level_low,14.586666666666662
2026-03-23 08:39:30,B0101_level_low,14.053333333333331
2026-03-23 08:47:05,B0101_level_low,13.946666666666662
2026-03-23 08:48:05,B0101_level_low,14.586666666666662
2026-03-23 08:48:35,B0101_level_low,14.053333333333331
2026-03-23 08:52:48,B0101_level_low,14.586666666666662
2026-03-23 08:55:40,B0101_level_low,14.159999999999997
2026-03-23 08:56:00,B0101_level_low,14.799999999999997
2026-03-23 08:56:51,B0101_level_low,14.159999999999997
2026-03-23 08:57:21,B0101_level_low,14.373333333333331
2026-03-23 08:57:41,B0101_level_low,14.053333333333331
2026-03-23 09:21:46,B0101_level_low,12.986666666666665
2026-03-23 09:24:27,B0101_level_low,13.946666666666662
2026-03-23 09:24:48,B0101_level_low,14.053333333333331
2026-03-23 09:29:20,B0101_level_low,12.986666666666665
2026-03-23 09:47:31,B0101_level_low,14.906666666666663
2026-03-23 09:50:03,B0101_level_low,13.199999999999996
2026-03-23 09:50:54,B0101_level_low,13.41333333333333
2026-03-23 09:51:44,B0101_level_low,13.199999999999996
2026-03-23 09:54:56,B0101_level_low,13.199999999999996
2026-03-23 09:58:28,event_number,83.0
2026-03-23 09:58:45,cumulative_inflow,27.26261538461537
2026-03-23 10:06:23,B0101_level_low,13.519999999999996
2026-03-23 10:07:54,B0101_level_low,12.986666666666665
2026-03-23 14:36:08,event_number,84.0
2026-03-23 14:36:31,cumulative_inflow,27.762730769230753
2026-03-23 14:37:49,B0101_level_low,-46.53333333333333
2026-03-23 14:38:11,cumulative_inflow,27.8118846153846
2026-03-23 14:38:19,event_number,86.0
2026-03-23 14:38:57,cumulative_inflow,27.88796153846152
2026-03-25 17:55:10,event_number,87.0
2026-03-25 17:55:29,cumulative_inflow,28.353076923076905
2026-03-26 11:19:28,event_number,88.0
2026-03-26 11:19:53,cumulative_inflow,28.92723076923075
2026-03-26 11:21:32,cumulative_inflow,29.303499999999982
2026-03-26 12:21:56,B0101_level_low,14.906666666666663
2026-03-26 13:20:42,B0101_level_low,-62.32000000000001
2026-03-26 13:25:25,B0101_level_low,-62.32000000000001
2026-03-26 13:26:36,B0101_level_low,14.693333333333328
2026-03-26 14:17:06,B0101_level_low,-62.32000000000001
2026-03-26 14:17:27,B0101_level_low,14.799999999999997
2026-03-26 14:17:31,evaporation_run,1
2026-03-26 15:17:32,evaporation_run,0
2026-03-26 16:17:32,evaporation_run,1
2026-03-26 16:21:43,B0101_level_low,14.053333333333331
2026-03-26 17:17:32,evaporation_run,0
2026-03-26 17:20:59,B0101_level_low,14.799999999999997
2026-03-26 17:21:19,B0101_level_low,14.693333333333328
2026-03-26 18:17:32,evaporation_run,1
2026-03-26 19:17:32,evaporation_run,0
2026-03-26 19:20:52,B0101_level_low,14.799999999999997
2026-03-26 19:21:33,B0101_level_low,14.053333333333331
2026-03-26 20:17:32,evaporation_run,1
2026-03-26 20:21:19,B0101_level_low,14.906666666666663
2026-03-26 20:41:21,B0101_level_low,14.799999999999997
2026-03-26 21:17:33,evaporation_run,0
2026-03-26 21:21:26,B0101_level_low,14.906666666666663
2026-03-26 21:22:06,B0101_level_low,14.799999999999997
2026-03-26 21:24:18,B0101_level_low,14.799999999999997
2026-03-26 21:25:28,B0101_level_low,14.906666666666663
2026-03-26 21:27:40,B0101_level_low,14.906666666666663
2026-03-26 21:28:00,B0101_level_low,14.906666666666663
2026-03-26 21:34:04,B0101_level_low,14.799999999999997
2026-03-26 22:03:21,B0101_level_low,14.799999999999997
2026-03-26 22:08:04,B0101_level_low,14.799999999999997
2026-03-26 22:14:38,B0101_level_low,14.693333333333328
2026-03-26 22:17:33,evaporation_run,1
2026-03-26 22:21:02,B0101_level_low,14.479999999999997
2026-03-26 22:21:53,B0101_level_low,14.906666666666663
2026-03-26 22:22:13,B0101_level_low,14.906666666666663
2026-03-26 22:23:14,B0101_level_low,14.906666666666663
2026-03-26 22:23:54,B0101_level_low,14.906666666666663
2026-03-26 22:24:24,B0101_level_low,14.906666666666663
2026-03-26 22:32:49,B0101_level_low,14.906666666666663
2026-03-26 22:34:10,B0101_level_low,14.906666666666663
2026-03-26 22:34:30,B0101_level_low,14.799999999999997
2026-03-26 22:35:11,B0101_level_low,14.906666666666663
2026-03-26 22:36:22,B0101_level_low,14.906666666666663
2026-03-26 22:37:02,B0101_level_low,14.906666666666663
2026-03-26 22:39:23,B0201_level_low,1.991622742530585
2026-03-26 22:43:26,B0101_level_low,14.799999999999997
2026-03-26 22:47:18,B0101_level_low,14.799999999999997
2026-03-26 22:48:19,B0101_level_low,14.799999999999997
2026-03-26 23:07:31,B0101_level_low,14.906666666666663
2026-03-26 23:17:33,evaporation_run,0
2026-03-27 00:21:26,B0101_level_low,14.906666666666663
2026-03-27 00:21:56,B0101_level_low,14.906666666666663
2026-03-27 00:24:58,B0101_level_low,14.799999999999997
2026-03-27 00:27:09,B0101_level_low,14.906666666666663
2026-03-27 00:32:43,B0101_level_low,14.906666666666663
2026-03-27 00:34:24,B0101_level_low,14.906666666666663
2026-03-27 00:34:54,B0101_level_low,14.906666666666663
2026-03-27 00:35:14,B0101_level_low,14.906666666666663
2026-03-27 00:38:36,B0101_level_low,14.906666666666663
2026-03-27 00:39:17,B0101_level_low,14.906666666666663
2026-03-27 00:40:27,B0101_level_low,14.906666666666663
2026-03-27 00:41:38,B0101_level_low,14.906666666666663
2026-03-27 00:41:58,B0101_level_low,14.799999999999997
2026-03-27 00:42:59,B0101_level_low,14.906666666666663
2026-03-27 00:44:00,B0101_level_low,14.906666666666663
2026-03-27 00:44:20,B0101_level_low,14.799999999999997
2026-03-27 00:53:25,B0101_level_low,14.906666666666663
2026-03-27 00:54:26,B0101_level_low,14.906666666666663
2026-03-27 00:55:47,B0101_level_low,14.906666666666663
2026-03-27 00:56:07,B0101_level_low,14.693333333333328
2026-03-27 00:56:37,B0101_level_low,14.586666666666662
2026-03-27 00:57:08,B0101_level_low,14.906666666666663
2026-03-27 01:21:33,B0101_level_low,14.906666666666663
2026-03-27 01:22:53,B0101_level_low,14.906666666666663
2026-03-27 01:23:54,B0101_level_low,14.906666666666663
2026-03-27 01:24:34,B0101_level_low,14.693333333333328
2026-03-27 01:25:25,B0101_level_low,14.906666666666663
2026-03-27 01:38:03,B0101_level_low,14.906666666666663
2026-03-27 01:40:34,B0101_level_low,14.586666666666662
2026-03-27 01:41:55,B0101_level_low,14.906666666666663
2026-03-27 01:43:06,B0101_level_low,14.906666666666663
2026-03-27 01:43:46,B0101_level_low,14.906666666666663
2026-03-27 01:45:47,B0101_level_low,14.799999999999997
2026-03-27 01:46:28,B0101_level_low,14.906666666666663
2026-03-27 01:54:53,B0101_level_low,14.799999999999997
2026-03-27 01:55:13,B0101_level_low,14.906666666666663
2026-03-27 02:01:47,B0101_level_low,14.906666666666663
2026-03-27 02:03:18,B0101_level_low,14.906666666666663
2026-03-27 02:03:38,B0101_level_low,14.906666666666663
2026-03-27 02:04:19,B0101_level_low,14.799999999999997
2026-03-27 02:04:49,B0101_level_low,14.906666666666663
2026-03-27 02:06:20,B0101_level_low,14.693333333333328
2026-03-27 02:11:53,B0101_level_low,14.906666666666663
2026-03-27 02:14:05,B0101_level_low,14.906666666666663
2026-03-27 02:17:07,B0101_level_low,14.906666666666663
2026-03-27 02:17:33,evaporation_run,1
2026-03-27 03:17:33,evaporation_run,0
2026-03-27 04:17:34,evaporation_run,1
2026-03-27 05:17:34,evaporation_run,0
2026-03-27 05:22:20,B0101_level_low,13.519999999999996
2026-03-27 05:22:40,B0101_level_low,13.306666666666665
2026-03-27 05:23:10,B0101_level_low,13.73333333333333
2026-03-27 05:31:05,B0101_level_low,13.306666666666665
2026-03-27 06:17:34,evaporation_run,1
2026-03-27 07:17:34,evaporation_run,0
2026-03-27 07:20:42,B0101_level_low,14.266666666666662
2026-03-27 08:17:34,evaporation_run,1
2026-03-27 08:20:39,B0101_level_low,14.159999999999997
2026-03-27 09:17:34,evaporation_run,0
2026-03-27 10:17:35,evaporation_run,1
2026-03-27 10:35:01,B0101_level_low,13.41333333333333
2026-03-27 10:42:15,B0201_level_low,1.991622742530585
2026-03-27 10:43:06,B0201_level_low,1.991622742530585
2026-03-27 11:17:35,evaporation_run,0
2026-03-27 11:22:00,B0101_level_low,12.453333333333333
2026-03-27 11:22:20,B0101_level_low,13.199999999999996
2026-03-27 11:25:01,B0101_level_low,14.479999999999997
2026-03-27 11:25:32,B0101_level_low,14.479999999999997
2026-03-27 11:46:24,B0101_level_low,12.453333333333333
2026-03-27 12:20:45,B0101_level_low,13.41333333333333
2026-03-27 12:22:16,B0101_level_low,12.453333333333333
2026-03-27 12:22:47,B0101_level_low,12.559999999999995
2026-03-27 12:23:47,B0101_level_low,12.453333333333333
2026-03-27 12:27:50,B0101_level_low,12.453333333333333
2026-03-27 12:29:51,B0101_level_low,14.906666666666663
2026-03-27 12:30:21,B0101_level_low,14.159999999999997
2026-03-27 12:33:53,B0101_level_low,12.453333333333333
2026-03-27 12:43:50,B0101_level_low,12.346666666666664
2026-03-27 12:47:32,B0101_level_low,13.09333333333333
2026-03-27 12:48:32,B0101_level_low,14.479999999999997
2026-03-27 12:50:03,B0101_level_low,14.479999999999997
2026-03-27 12:50:34,B0101_level_low,12.453333333333333
2026-03-27 13:02:51,B0101_level_low,13.306666666666665
2026-03-27 13:22:23,B0101_level_low,12.559999999999995
2026-03-27 13:22:43,B0101_level_low,12.666666666666664
2026-03-27 13:23:14,B0101_level_low,13.41333333333333
2026-03-27 13:23:44,B0101_level_low,12.453333333333333
2026-03-27 13:24:04,B0101_level_low,12.453333333333333
2026-03-27 13:24:34,B0101_level_low,14.906666666666663
2026-03-27 13:25:45,B0101_level_low,14.586666666666662
2026-03-27 13:28:37,B0101_level_low,12.239999999999995
2026-03-27 13:42:05,B0101_level_low,12.773333333333326
2026-03-27 14:10:33,B0101_level_low,13.199999999999996
2026-03-27 14:12:24,B0101_level_low,14.586666666666662
2026-03-27 14:14:15,B0101_level_low,12.559999999999995
2026-03-27 14:16:26,B0101_level_low,14.906666666666663
2026-03-27 14:17:17,B0101_level_low,12.453333333333333
2026-03-27 14:17:35,evaporation_run,1
2026-03-27 14:20:19,B0101_level_low,11.813333333333333
2026-03-27 14:20:39,B0101_level_low,12.453333333333333
2026-03-27 14:44:13,event_number,90.0
2026-03-27 14:44:28,cumulative_inflow,29.79553846153844
2026-03-27 15:17:35,evaporation_run,0
2026-03-27 16:17:36,evaporation_run,1
2026-03-27 17:17:36,evaporation_run,0
2026-03-27 18:17:36,evaporation_run,1
2026-03-27 19:17:36,evaporation_run,0
2026-03-27 20:17:36,evaporation_run,1
2026-03-27 21:04:46,B0201_level_low,1.991622742530585
2026-03-27 21:05:06,B0201_level_low,1.991622742530585
2026-03-27 21:17:36,evaporation_run,0
2026-03-27 23:20:49,B0101_level_low,13.306666666666665
2026-03-28 10:35:31,event_number,91.0
2026-03-28 10:35:56,cumulative_inflow,30.043923076923058
2026-03-28 10:44:57,event_number,92.0
2026-03-28 10:45:19,cumulative_inflow,30.464615384615364
2026-03-28 13:09:05,event_number,93.0
2026-03-28 13:09:25,cumulative_inflow,31.100692307692288
2026-03-28 13:11:05,cumulative_inflow,31.15253846153844
2026-03-28 13:11:16,event_number,95.0
2026-03-28 13:11:51,cumulative_inflow,31.224576923076903
2026-03-28 14:19:48,event_number,96.0
2026-03-28 14:20:13,cumulative_inflow,31.357192307692287
2026-03-28 14:34:37,event_number,97.0
2026-03-28 14:34:59,cumulative_inflow,31.780576923076904
2026-03-28 15:34:14,event_number,98.0
2026-03-28 15:34:36,cumulative_inflow,32.21203846153844
2026-03-28 16:25:35,event_number,99.0
2026-03-28 16:25:58,cumulative_inflow,32.681192307692285
2026-03-28 16:40:54,event_number,100.0
2026-03-28 16:41:19,cumulative_inflow,32.9645769230769
2026-03-28 16:43:36,event_number,101.0
2026-03-28 16:43:56,cumulative_inflow,33.20219230769228
2026-03-28 16:45:37,event_number,102.0
2026-03-28 16:46:01,cumulative_inflow,33.96749999999997
2026-03-28 16:47:28,B0101_level_low,14.266666666666662
2026-03-28 16:47:41,cumulative_inflow,34.26299999999997
2026-03-28 16:47:49,B0101_level_low,14.799999999999997
2026-03-28 16:55:03,event_number,104.0
2026-03-28 16:55:22,cumulative_inflow,34.864076923076894
2026-03-28 17:20:59,B0101_level_low,14.906666666666663
2026-03-28 17:21:29,event_number,105.0
2026-03-28 17:21:39,B0101_level_low,14.799999999999997
2026-03-28 17:21:45,cumulative_inflow,35.201307692307665
2026-03-28 17:34:27,event_number,106.0
2026-03-28 17:34:47,cumulative_inflow,35.35546153846151
2026-03-28 17:36:08,event_number,107.0
2026-03-28 17:36:31,cumulative_inflow,35.74249999999997
2026-03-28 17:38:11,cumulative_inflow,35.99761538461536
2026-03-28 17:42:52,event_number,109.0
2026-03-28 17:43:09,cumulative_inflow,36.641769230769206
2026-03-28 17:44:50,cumulative_inflow,37.139192307692284
2026-03-28 17:55:40,event_number,111.0
2026-03-28 17:55:57,cumulative_inflow,37.34853846153844
2026-03-28 17:57:21,event_number,112.0
2026-03-28 17:57:40,cumulative_inflow,37.82980769230767
2026-03-28 17:59:20,cumulative_inflow,38.11319230769228
2026-03-28 18:17:37,evaporation_run,1
2026-03-28 18:48:12,event_number,114.0
2026-03-28 18:48:28,cumulative_inflow,38.71830769230766
2026-03-28 18:56:47,event_number,115.0
2026-03-28 18:57:09,cumulative_inflow,39.15246153846151
2026-03-28 19:01:00,event_number,116.0
2026-03-28 19:01:25,cumulative_inflow,39.806038461538435
2026-03-28 19:03:05,cumulative_inflow,39.90634615384613
2026-03-28 19:04:32,event_number,118.0
2026-03-28 19:04:56,cumulative_inflow,40.55723076923074
2026-03-28 19:06:33,event_number,119.0
2026-03-28 19:06:36,cumulative_inflow,40.637346153846124
2026-03-28 19:17:37,evaporation_run,0
2026-03-28 19:30:58,event_number,120.0
2026-03-28 19:31:16,cumulative_inflow,41.40265384615382
2026-03-28 19:32:55,cumulative_inflow,41.7452692307692
2026-03-28 19:34:41,event_number,122.0
2026-03-28 19:35:03,cumulative_inflow,41.895384615384586
2026-03-28 19:41:04,event_number,123.0
2026-03-28 19:41:24,cumulative_inflow,42.11146153846151
2026-03-28 19:42:56,event_number,124.0
2026-03-28 19:43:19,cumulative_inflow,42.25080769230767
2026-03-28 19:44:57,event_number,125.0
2026-03-28 19:45:15,cumulative_inflow,42.6270769230769
2026-03-28 19:48:59,event_number,126.0
2026-03-28 19:49:24,cumulative_inflow,42.99930769230767
2026-03-28 19:51:04,cumulative_inflow,43.072692307692286
2026-03-28 19:51:11,event_number,128.0
2026-03-28 19:51:50,cumulative_inflow,43.139346153846134
2026-03-28 20:02:17,event_number,129.0
2026-03-28 20:02:34,cumulative_inflow,43.30830769230767
2026-03-28 20:04:29,event_number,130.0
2026-03-28 20:04:46,cumulative_inflow,43.825923076923054
2026-03-28 20:06:26,cumulative_inflow,43.86969230769228
2026-03-28 20:06:40,event_number,132.0
2026-03-28 20:07:12,cumulative_inflow,43.93096153846152
2026-03-28 20:16:56,event_number,133.0
2026-03-28 20:17:17,cumulative_inflow,44.21569230769229
2026-03-28 20:17:37,evaporation_run,1
2026-03-28 20:19:58,event_number,134.0
2026-03-28 20:20:17,cumulative_inflow,44.6740769230769
2026-03-28 20:32:36,event_number,135.0
2026-03-28 20:33:01,cumulative_inflow,45.019384615384595
2026-03-28 20:54:29,event_number,136.0
2026-03-28 20:54:54,cumulative_inflow,45.25430769230767
2026-03-28 21:11:40,event_number,137.0
2026-03-28 21:12:04,cumulative_inflow,46.01961538461536
2026-03-28 21:13:44,cumulative_inflow,46.301653846153826
2026-03-28 21:17:37,evaporation_run,0
2026-03-28 21:40:07,event_number,139.0
2026-03-28 21:40:30,cumulative_inflow,46.50023076923075
2026-03-28 21:51:04,event_number,140.0
2026-03-28 21:51:23,cumulative_inflow,47.03803846153844
2026-03-28 21:58:18,event_number,141.0
2026-03-28 21:58:39,cumulative_inflow,47.24469230769229
2026-03-28 22:00:10,event_number,142.0
2026-03-28 22:00:33,cumulative_inflow,47.65326923076921
2026-03-28 22:17:38,evaporation_run,1
2026-03-28 22:20:32,event_number,143.0
2026-03-28 22:20:49,cumulative_inflow,47.94742307692306
2026-03-28 22:29:58,event_number,144.0
2026-03-28 22:30:18,cumulative_inflow,48.42061538461537
2026-03-28 22:36:42,event_number,145.0
2026-03-28 22:36:58,cumulative_inflow,48.91669230769229
2026-03-28 22:42:25,event_number,146.0
2026-03-28 22:42:46,cumulative_inflow,49.40738461538459
2026-03-28 23:09:02,event_number,147.0
2026-03-28 23:09:23,cumulative_inflow,50.157884615384596
2026-03-28 23:11:03,cumulative_inflow,50.372615384615365
2026-03-28 23:17:38,evaporation_run,0
2026-03-29 00:02:34,event_number,149.0
2026-03-29 00:02:53,cumulative_inflow,50.99119230769229
2026-03-29 00:04:33,cumulative_inflow,51.04169230769229
2026-03-29 00:04:46,event_number,151.0
2026-03-29 00:05:19,cumulative_inflow,51.11238461538459
2026-03-29 00:17:38,evaporation_run,1
2026-03-29 01:17:38,evaporation_run,0
2026-03-29 03:17:38,evaporation_run,1
2026-03-29 04:17:38,evaporation_run,0
2026-03-29 05:17:39,evaporation_run,1
2026-03-29 06:17:39,evaporation_run,0
2026-03-29 07:17:39,evaporation_run,1
2026-03-29 08:17:39,evaporation_run,0
2026-03-29 09:17:40,evaporation_run,1
2026-03-29 10:17:40,evaporation_run,0
2026-03-29 11:17:40,evaporation_run,1
2026-03-29 12:17:40,evaporation_run,0
2026-03-29 18:13:12,program_run,1
2026-03-29 18:13:14,evaporation_run,1
2026-03-29 18:13:22,event_number,151.0
2026-03-29 18:13:22,B0401_concentrate_full,False
2026-03-29 18:13:38,cumulative_inflow,51.32711538461536
2026-03-29 19:13:14,evaporation_run,0
2026-03-29 20:13:14,evaporation_run,1
2026-03-29 21:13:15,evaporation_run,0
2026-03-29 22:13:15,evaporation_run,1
2026-03-29 23:13:15,evaporation_run,0
2026-03-30 00:13:15,evaporation_run,1
2026-03-30 01:13:16,evaporation_run,0
2026-03-30 02:13:16,evaporation_run,1
2026-03-30 03:13:16,evaporation_run,0
2026-03-30 04:13:16,evaporation_run,1
2026-03-30 05:13:17,evaporation_run,0
2026-03-30 06:13:17,evaporation_run,1
2026-03-30 07:13:17,evaporation_run,0
2026-03-30 08:13:17,evaporation_run,1
2026-03-30 09:13:18,evaporation_run,0
2026-03-30 10:13:18,evaporation_run,1
2026-03-30 11:13:18,evaporation_run,0
2026-03-30 12:13:18,evaporation_run,1
2026-03-30 12:38:17,event_number,152.0
2026-03-30 12:38:42,cumulative_inflow,51.79088461538459
2026-03-30 13:13:18,evaporation_run,0
2026-03-30 14:13:19,evaporation_run,1
2026-03-30 15:13:19,evaporation_run,0
2026-03-30 16:13:19,evaporation_run,1
2026-03-30 17:13:19,evaporation_run,0
2026-03-30 18:13:20,evaporation_run,1
2026-03-30 19:13:20,evaporation_run,0
2026-03-30 20:13:20,evaporation_run,1
2026-03-31 06:15:34,B0101_level_low,14.693333333333328
2026-03-31 06:17:35,B0101_level_low,14.373333333333331
2026-03-31 07:17:21,B0101_level_low,14.373333333333331
2026-03-31 07:18:02,B0101_level_low,14.586666666666662
2026-03-31 08:17:18,B0101_level_low,14.693333333333328
2026-03-31 08:17:58,B0101_level_low,14.586666666666662
2026-03-31 09:17:35,B0101_level_low,14.373333333333331
2026-03-31 10:57:36,B0201_level_low,1.991622742530585
2026-03-31 12:53:49,evaporation_run,0
2026-03-31 15:33:23,program_run,0
2026-03-31 15:54:25,program_run,1
2026-03-31 15:54:35,B0101_level_low,11.599999999999994
2026-03-31 15:54:35,B0401_concentrate_full,False
2026-03-31 15:54:35,B0201_level_low,1.9832496462951141
2026-03-31 18:15:52,event_number,152.0
2026-03-31 18:16:14,cumulative_inflow,52.175230769230744
2026-03-31 20:02:57,event_number,153.0
2026-03-31 20:03:22,cumulative_inflow,52.780346153846125
2026-04-01 10:35:00,B0201_level_low,1.991622742530585
2026-04-01 10:35:51,B0201_level_low,1.991622742530585
2026-04-01 10:56:33,B0201_level_low,1.991622742530585
2026-04-01 10:56:54,B0201_level_low,1.991622742530585
2026-04-01 10:57:14,B0201_level_low,1.991622742530585
2026-04-01 11:17:16,B0201_level_low,1.991622742530585
2026-04-01 11:18:19,evaporation_run,1
2026-04-01 11:18:37,B0201_level_low,1.9414465836269317
2026-04-01 13:03:40,evaporation_run,0
2026-04-01 14:24:41,event_number,154.0
2026-04-01 14:25:04,cumulative_inflow,53.10680769230766
2026-04-01 15:18:23,event_number,155.0
2026-04-01 15:18:48,cumulative_inflow,53.72134615384612
2026-04-01 15:20:27,cumulative_inflow,53.77453846153843
2026-04-01 15:20:35,event_number,157.0
2026-04-01 15:21:13,cumulative_inflow,53.83715384615381
2026-04-01 18:07:47,event_number,158.0
2026-04-01 18:08:07,cumulative_inflow,54.38573076923073
2026-04-01 19:55:43,B0101_level_low,13.946666666666662
2026-04-01 19:57:10,evaporation_run,1
2026-04-01 22:15:38,B0201_level_low,1.991622742530585
2026-04-01 22:16:19,B0201_level_low,1.991622742530585
2026-04-02 00:01:01,evaporation_run,0
2026-04-02 08:54:59,B0101_level_low,13.306666666666665
2026-04-03 14:52:15,evaporation_run,1
2026-04-03 14:52:28,B0201_level_low,1.016562404638389
2026-04-03 14:52:45,evaporation_run,0
2026-04-03 14:58:25,evaporation_run,1
2026-04-03 14:58:42,B0201_level_low,1.0244403140344547
2026-04-03 14:58:45,evaporation_run,0
2026-04-03 14:59:05,evaporation_run,1
2026-04-03 14:59:23,B0201_level_low,1.016562404638389
2026-04-03 14:59:25,evaporation_run,0
2026-04-03 15:00:05,evaporation_run,1
2026-04-03 15:00:23,B0201_level_low,1.016562404638389
2026-04-03 15:00:45,evaporation_run,0
2026-04-03 15:00:53,B0201_level_low,0.9929536438538573
2026-04-03 15:01:56,evaporation_run,1
2026-04-03 15:02:24,B0201_level_low,1.0008190695480899
2026-04-03 15:02:46,evaporation_run,0
2026-04-03 15:02:55,B0201_level_low,0.9772352761672254
2026-04-03 15:05:35,evaporation_run,1
2026-04-03 15:05:46,B0201_level_low,1.016562404638389
2026-04-03 15:06:15,evaporation_run,0
2026-04-03 15:06:17,B0201_level_low,0.9772352761672254
2026-04-03 15:10:16,evaporation_run,1
2026-04-03 15:10:29,B0201_level_low,1.016562404638389
2026-04-03 15:10:45,evaporation_run,0
2026-04-03 15:10:50,B0201_level_low,0.9693823341748278
2026-04-03 15:11:25,evaporation_run,1
2026-04-03 15:11:35,evaporation_run,0
2026-04-03 15:11:40,B0201_level_low,0.9929536438538573
2026-04-03 15:12:05,evaporation_run,1
2026-04-03 15:12:15,evaporation_run,0
2026-04-03 15:12:20,B0201_level_low,0.9929536438538573
2026-04-03 15:17:15,evaporation_run,1
2026-04-03 15:17:35,evaporation_run,0
2026-04-03 15:17:44,B0201_level_low,0.9929536438538573
2026-04-03 15:19:05,evaporation_run,1
2026-04-03 15:19:25,evaporation_run,0
2026-04-03 15:19:35,B0201_level_low,0.9772352761672254
2026-04-03 15:21:16,evaporation_run,1
2026-04-03 15:21:46,evaporation_run,0
2026-04-03 15:21:46,B0201_level_low,0.9929536438538573
2026-04-03 15:27:26,evaporation_run,1
2026-04-03 15:27:36,evaporation_run,0
2026-04-03 15:27:40,B0201_level_low,0.9929536438538573
2026-04-03 15:28:46,evaporation_run,1
2026-04-03 15:28:56,evaporation_run,0
2026-04-03 15:29:01,B0201_level_low,0.9850923793935689
2026-04-03 15:29:06,evaporation_run,1
2026-04-03 15:29:16,evaporation_run,0
2026-04-03 15:29:21,B0201_level_low,0.9850923793935689
2026-04-03 15:29:26,evaporation_run,1
2026-04-03 15:29:36,evaporation_run,0
2026-04-03 15:29:41,B0201_level_low,0.9693823341748278
2026-04-03 15:30:05,evaporation_run,1
2026-04-03 15:30:15,evaporation_run,0
2026-04-03 15:30:21,B0201_level_low,0.9929536438538573
2026-04-03 15:30:25,evaporation_run,1
2026-04-03 15:30:35,evaporation_run,0
2026-04-03 15:30:42,B0201_level_low,0.9929536438538573
2026-04-03 15:31:05,evaporation_run,1
2026-04-03 15:31:15,evaporation_run,0
2026-04-03 15:31:22,B0201_level_low,0.9929536438538573
2026-04-03 15:31:25,evaporation_run,1
2026-04-03 15:31:35,evaporation_run,0
2026-04-03 15:31:42,B0201_level_low,0.9929536438538573
2026-04-03 15:31:45,evaporation_run,1
2026-04-03 15:31:55,evaporation_run,0
2026-04-03 15:32:03,B0201_level_low,0.9929536438538573
2026-04-03 15:32:05,evaporation_run,1
2026-04-03 15:32:15,evaporation_run,0
2026-04-03 15:32:23,B0201_level_low,0.9929536438538573
2026-04-03 15:32:55,evaporation_run,1
2026-04-03 15:33:13,B0201_level_low,1.0008190695480899
2026-04-03 15:33:26,evaporation_run,0
2026-04-03 15:34:06,evaporation_run,1
2026-04-03 15:34:24,B0201_level_low,1.0008190695480899
2026-04-03 15:34:26,evaporation_run,0
2026-04-03 15:34:56,evaporation_run,1
2026-04-03 15:35:14,B0201_level_low,1.0008190695480899
2026-04-03 15:35:16,evaporation_run,0
2026-04-03 15:35:36,evaporation_run,1
2026-04-03 15:35:46,evaporation_run,0
2026-04-03 15:35:55,B0201_level_low,0.9772352761672254
2026-04-03 15:35:56,evaporation_run,1
2026-04-03 15:36:06,evaporation_run,0
2026-04-03 15:36:15,B0201_level_low,1.0008190695480899
2026-04-03 15:36:45,evaporation_run,1
2026-04-03 15:36:55,evaporation_run,0
2026-04-03 15:36:55,B0201_level_low,0.9772352761672254
2026-04-03 15:37:05,evaporation_run,1
2026-04-03 15:37:15,evaporation_run,0
2026-04-03 15:37:16,B0201_level_low,0.9929536438538573
2026-04-03 15:37:35,evaporation_run,1
2026-04-03 15:37:45,evaporation_run,0
2026-04-03 15:37:46,B0201_level_low,0.9929536438538573
2026-04-03 15:37:55,evaporation_run,1
2026-04-03 15:38:05,evaporation_run,0
2026-04-03 15:38:06,B0201_level_low,0.9929536438538573
2026-04-04 02:29:35,B0202_pH_high,3.501
2026-04-04 02:31:05,B0202_pH_high,3.502
2026-04-04 02:32:46,B0202_pH_high,3.505
2026-04-04 02:33:27,B0202_pH_high,3.501
2026-04-04 02:34:17,B0202_pH_high,3.502
2026-04-04 02:35:28,B0202_pH_high,3.502
2026-04-04 02:36:29,B0202_pH_high,3.503
2026-04-04 02:37:19,B0202_pH_high,3.502
2026-04-04 02:37:50,B0202_pH_high,3.503
2026-04-04 02:38:50,B0202_pH_high,3.501
2026-04-04 02:39:21,B0202_pH_high,3.505
2026-04-04 02:39:51,B0202_pH_high,3.501
2026-04-04 02:41:12,B0202_pH_high,3.501
2026-04-04 02:42:22,B0202_pH_high,3.501
2026-04-04 02:42:53,B0202_pH_high,3.501
2026-04-04 02:43:33,B0202_pH_high,3.501
2026-04-04 02:44:03,B0202_pH_high,3.501
2026-04-04 02:44:44,B0202_pH_high,3.501
2026-04-04 02:45:04,B0202_pH_high,3.501
2026-04-04 02:45:44,B0202_pH_high,3.501
2026-04-04 02:46:55,B0202_pH_high,3.501
2026-04-04 02:47:15,B0202_pH_high,3.501
2026-04-04 02:52:49,B0202_pH_high,3.502
2026-04-04 02:54:40,B0202_pH_high,3.505
2026-04-04 02:55:20,B0202_pH_high,3.502
2026-04-04 02:56:51,B0202_pH_high,3.501
2026-04-04 02:57:42,B0202_pH_high,3.505
2026-04-05 21:54:52,program_run,0
2026-04-05 22:08:40,program_run,1
2026-04-05 22:08:50,B0101_level_low,8.18666666666666
2026-04-05 22:08:50,B0401_concentrate_full,False
2026-04-05 22:08:50,B0201_level_low,2.5275168529974756
2026-04-07 10:37:38,event_number,158.0
2026-04-07 10:37:54,cumulative_inflow,54.99892307692304
2026-04-07 20:19:44,event_number,159.0
2026-04-07 20:20:01,cumulative_inflow,55.764230769230736
2026-04-07 20:21:41,cumulative_inflow,56.52953846153843
2026-04-07 20:23:22,cumulative_inflow,57.02157692307689
2026-04-08 09:51:40,event_number,162.0
2026-04-08 09:51:58,cumulative_inflow,57.37630769230766
2026-04-08 10:42:41,event_number,163.0
2026-04-08 10:43:00,cumulative_inflow,57.7552692307692
2026-04-08 11:31:11,event_number,164.0
2026-04-08 11:31:31,cumulative_inflow,58.08846153846151
2026-04-08 15:04:21,event_number,165.0
2026-04-08 15:04:45,cumulative_inflow,58.55223076923074
2026-04-08 17:10:48,event_number,166.0
2026-04-08 17:11:05,cumulative_inflow,58.723884615384584
2026-04-08 17:43:49,program_run,0
2026-04-08 17:47:17,program_run,1
2026-04-08 17:47:27,B0101_level_low,-62.74666666666667
2026-04-08 17:47:27,B0401_concentrate_full,False
2026-04-08 17:47:27,B0201_level_low,2.4671574610924627
2026-04-09 20:23:23,event_number,166.0
2026-04-09 20:23:48,cumulative_inflow,59.054384615384585
2026-04-09 21:15:24,event_number,167.0
2026-04-09 21:15:41,cumulative_inflow,59.40507692307689
2026-04-10 13:29:00,event_number,168.0
2026-04-10 13:29:17,cumulative_inflow,59.55519230769227
2026-04-10 13:54:35,event_number,169.0
2026-04-10 13:54:59,cumulative_inflow,59.690499999999965
2026-04-10 13:59:38,event_number,170.0
2026-04-10 13:59:54,cumulative_inflow,60.34138461538458
2026-04-10 14:01:34,cumulative_inflow,60.409384615384575
2026-04-10 14:01:40,event_number,172.0
2026-04-10 14:02:20,cumulative_inflow,60.467961538461495
2026-04-10 14:22:22,event_number,173.0
2026-04-10 14:22:43,cumulative_inflow,60.59923076923072
2026-04-11 07:53:04,B0101_level_low,-62.42666666666666
2026-04-12 05:53:01,B0101_level_low,14.479999999999997
2026-04-12 12:46:04,event_number,174.0
2026-04-12 12:46:21,cumulative_inflow,60.772230769230724
2026-04-12 12:51:03,cumulative_inflow,60.84830769230765
2026-04-12 13:06:16,event_number,176.0
2026-04-12 13:06:37,cumulative_inflow,61.236692307692266
2026-04-12 13:10:49,B0101_level_low,14.906666666666663
2026-04-12 13:11:09,B0101_level_low,-52.61333333333333
2026-04-12 13:13:51,B0101_level_low,-58.373333333333335
2026-04-12 13:17:33,B0101_level_low,-62.42666666666666
2026-04-12 13:20:35,B0101_level_low,-62.42666666666666
2026-04-12 13:39:37,B0101_level_low,14.693333333333328
2026-04-12 13:40:47,B0101_level_low,-20.61333333333333
2026-04-12 13:40:57,event_number,177.0
2026-04-12 13:41:14,cumulative_inflow,61.81623076923073
2026-04-12 13:47:11,B0101_level_low,-62.74666666666667
2026-04-12 13:55:57,B0101_level_low,-62.53333333333333
2026-04-12 14:24:04,event_number,178.0
2026-04-12 14:24:26,cumulative_inflow,62.40519230769227
2026-04-12 14:24:34,B0101_level_low,-52.506666666666675
2026-04-12 14:26:05,B0101_level_low,-51.653333333333336
2026-04-12 14:26:35,B0101_level_low,-62.53333333333333
2026-04-12 14:32:39,B0101_level_low,-62.53333333333333
2026-04-12 14:33:40,B0101_level_low,-62.53333333333333
2026-04-12 14:34:10,B0101_level_low,-24.66666666666667
2026-04-12 14:36:11,B0101_level_low,-62.53333333333333
2026-04-12 14:51:10,B0101_level_low,-62.53333333333333
2026-04-12 14:54:12,B0101_level_low,-62.53333333333333
2026-04-12 15:13:54,B0101_level_low,3.8133333333333326
2026-04-12 15:16:46,B0101_level_low,-62.53333333333333
2026-04-12 15:30:55,B0101_level_low,-60.93333333333334
2026-04-12 15:31:45,B0101_level_low,-50.266666666666666
2026-04-12 15:32:26,B0101_level_low,-4.720000000000006
2026-04-12 15:36:08,B0101_level_low,12.879999999999995
2026-04-12 16:37:15,event_number,179.0
2026-04-12 16:37:33,cumulative_inflow,62.82723076923073
2026-04-12 16:40:27,B0101_level_low,-35.97333333333333
2026-04-12 16:41:58,B0101_level_low,-62.42666666666666
2026-04-12 16:46:21,B0101_level_low,5.199999999999996
2026-04-12 16:47:52,event_number,180.0
2026-04-12 16:48:15,cumulative_inflow,63.21561538461535
2026-04-12 16:49:53,B0101_level_low,-56.56
2026-04-12 16:51:14,B0101_level_low,-62.42666666666666
2026-04-12 16:51:34,event_number,181.0
2026-04-12 16:51:54,cumulative_inflow,63.45861538461535
2026-04-12 16:54:56,event_number,182.0
2026-04-12 16:55:17,cumulative_inflow,63.70969230769227
2026-04-12 17:01:40,B0101_level_low,-62.42666666666666
2026-04-12 18:44:33,B0101_level_low,13.199999999999996
2026-04-12 18:45:24,B0101_level_low,-62.64
2026-04-12 18:45:44,B0101_level_low,-14.96
2026-04-12 18:46:44,B0101_level_low,-55.92
2026-04-12 18:47:05,B0101_level_low,-62.42666666666666
2026-04-12 18:48:05,B0101_level_low,-58.266666666666666
2026-04-12 18:49:36,B0101_level_low,-62.42666666666666
2026-04-13 00:52:28,B0101_level_low,-62.53333333333333
2026-04-13 00:52:48,B0101_level_low,-62.42666666666666
2026-04-13 00:55:30,B0101_level_low,-62.53333333333333
2026-04-13 01:00:33,B0101_level_low,-2.1600000000000037
2026-04-13 01:00:53,B0101_level_low,14.906666666666663
2026-04-13 01:01:44,B0101_level_low,0.0799999999999983
2026-04-13 01:48:30,evaporation_run,1
2026-04-13 01:48:42,B0201_level_low,2.955741809304519
2026-04-13 01:49:43,B0202_pH_high,3.557
2026-04-13 01:50:54,B0101_level_low,-28.506666666666675
2026-04-13 01:54:56,B0101_level_low,-21.46666666666667
2026-04-13 01:56:27,B0101_level_low,-62.53333333333333
2026-04-13 04:04:15,B0202_pH_high,3.502
2026-04-13 04:06:16,B0202_pH_high,3.501
2026-04-13 04:06:47,B0202_pH_high,3.501
2026-04-13 04:07:58,B0202_pH_high,3.507
2026-04-13 04:08:38,B0202_pH_high,3.502
2026-04-13 04:09:08,B0202_pH_high,3.508
2026-04-13 04:10:29,B0202_pH_high,3.503
2026-04-13 04:11:09,B0202_pH_high,3.502
2026-04-13 04:11:30,B0202_pH_high,3.502
2026-04-13 04:13:11,B0202_pH_high,3.501
2026-04-13 04:14:42,B0202_pH_high,3.502
2026-04-13 04:15:12,B0202_pH_high,3.506
2026-04-13 04:25:28,B0201_level_low,2.9911400393930148
2026-04-13 04:26:19,B0201_level_low,2.9911400393930148
2026-04-13 08:28:57,B0201_level_low,2.9911400393930148
2026-04-13 08:29:17,B0201_level_low,2.9911400393930148
2026-04-13 08:29:48,B0201_level_low,2.9911400393930148
2026-04-13 09:49:16,B0101_level_low,14.693333333333328
2026-04-13 09:51:58,B0101_level_low,14.159999999999997
2026-04-13 09:52:38,B0101_level_low,14.693333333333328
2026-04-13 10:51:44,B0101_level_low,14.586666666666662
2026-04-13 10:52:15,B0101_level_low,13.73333333333333
2026-04-13 11:53:02,B0101_level_low,14.693333333333328
2026-04-13 12:51:38,B0101_level_low,14.693333333333328
2026-04-13 12:51:58,B0101_level_low,14.266666666666662
2026-04-13 12:52:38,B0101_level_low,14.479999999999997
2026-04-13 13:51:45,B0101_level_low,14.159999999999997
2026-04-13 13:52:35,B0101_level_low,14.693333333333328
2026-04-13 14:22:03,B0201_level_low,2.3385025106111463
2026-04-13 14:30:08,B0201_level_low,2.261758953588371
2026-04-13 14:44:17,B0201_level_low,2.253252697866674
2026-04-13 14:44:57,B0201_level_low,2.244750603378922
2026-04-13 14:45:48,B0201_level_low,2.2362526701251144
2026-04-13 14:46:38,B0201_level_low,2.2192692873193334
2026-04-13 14:47:08,B0201_level_low,2.210783837767359
2026-04-13 14:53:22,B0201_level_low,2.1346020473271006
2026-04-13 14:54:13,B0201_level_low,2.1261582101145726
2026-04-13 14:54:23,B0101_level_low,14.693333333333328
2026-04-13 14:55:03,B0201_level_low,2.117718534135989
2026-04-13 14:58:25,B0201_level_low,2.0840014425611004
2026-04-13 14:59:16,B0201_level_low,2.07558257275224
2026-04-13 15:01:37,B0201_level_low,2.041948705856243
2026-04-13 15:53:59,B0101_level_low,14.693333333333328
2026-04-13 16:51:24,B0101_level_low,13.73333333333333
2026-04-13 16:51:45,B0101_level_low,14.693333333333328
2026-04-13 16:52:05,B0101_level_low,14.479999999999997
2026-04-13 16:52:55,B0101_level_low,14.693333333333328
2026-04-13 16:56:23,evaporation_run,0
2026-04-13 16:56:28,B0201_level_low,1.2787305462313094
2026-04-13 16:56:43,evaporation_run,1
2026-04-13 16:57:43,evaporation_run,0
2026-04-13 16:57:48,B0201_level_low,1.270719477349017
2026-04-13 16:57:53,evaporation_run,1
2026-04-13 17:00:32,evaporation_run,0
2026-04-13 17:00:40,B0201_level_low,1.2467112381058065
2026-04-13 17:00:42,evaporation_run,1
2026-04-13 17:01:02,evaporation_run,0
2026-04-13 17:01:10,B0201_level_low,1.2307265514467227
2026-04-13 17:01:52,evaporation_run,1
2026-04-13 17:03:52,B0201_level_low,1.1272318084722714
2026-04-13 17:03:53,evaporation_run,0
2026-04-13 17:04:23,evaporation_run,1
2026-04-13 17:04:32,evaporation_run,0
2026-04-13 17:04:33,B0201_level_low,1.2147585097234161
2026-04-13 17:04:52,evaporation_run,1
2026-04-13 17:05:02,evaporation_run,0
2026-04-13 17:05:03,B0201_level_low,1.447924237800649
2026-04-13 17:05:12,evaporation_run,1
2026-04-13 17:05:22,evaporation_run,0
2026-04-13 17:05:23,B0201_level_low,1.1034482758620685
2026-04-13 17:05:32,evaporation_run,1
2026-04-13 17:05:42,evaporation_run,0
2026-04-13 17:05:43,B0201_level_low,1.1351679751435624
2026-04-13 17:05:52,evaporation_run,1
2026-04-13 17:06:02,evaporation_run,0
2026-04-13 17:06:03,B0201_level_low,1.1431083030487974
2026-04-13 17:07:12,evaporation_run,1
2026-04-13 17:08:02,evaporation_run,0
2026-04-13 17:08:05,B0201_level_low,1.1351679751435624
2026-04-13 17:08:12,evaporation_run,1
2026-04-13 17:08:22,evaporation_run,0
2026-04-13 17:08:25,B0201_level_low,1.1431083030487974
2026-04-13 17:08:32,evaporation_run,1
2026-04-13 17:08:42,evaporation_run,0
2026-04-13 17:08:45,B0201_level_low,1.1351679751435624
2026-04-13 17:08:53,evaporation_run,1
2026-04-13 17:09:03,evaporation_run,0
2026-04-13 17:09:05,B0201_level_low,1.1431083030487974
2026-04-13 17:09:13,evaporation_run,1
2026-04-13 17:09:23,evaporation_run,0
2026-04-13 17:09:25,B0201_level_low,1.1431083030487974
2026-04-13 17:09:33,evaporation_run,1
2026-04-13 17:09:43,evaporation_run,0
2026-04-13 17:09:46,B0201_level_low,1.1351679751435624
2026-04-13 17:11:12,evaporation_run,1
2026-04-13 17:11:22,evaporation_run,0
2026-04-13 17:11:27,B0201_level_low,1.1431083030487974
2026-04-13 17:11:42,evaporation_run,1
2026-04-13 17:11:52,evaporation_run,0
2026-04-13 17:11:57,B0201_level_low,1.1351679751435624
2026-04-13 17:12:22,evaporation_run,1
2026-04-13 17:12:32,evaporation_run,0
2026-04-13 17:12:37,B0201_level_low,1.1510527921879774
2026-04-13 17:12:52,evaporation_run,1
2026-04-13 17:13:02,evaporation_run,0
2026-04-13 17:13:08,B0201_level_low,1.1431083030487974
2026-04-13 17:15:02,evaporation_run,1
2026-04-13 17:15:13,evaporation_run,0
2026-04-13 17:15:19,B0201_level_low,1.3349245429578058
2026-04-13 17:15:33,evaporation_run,1
2026-04-13 17:15:43,evaporation_run,0
2026-04-13 17:15:49,B0201_level_low,1.1510527921879774
2026-04-13 17:16:53,evaporation_run,1
2026-04-13 17:17:03,evaporation_run,0
2026-04-13 17:17:10,B0201_level_low,1.1431083030487974
2026-04-13 17:17:22,evaporation_run,1
2026-04-13 17:17:32,evaporation_run,0
2026-04-13 17:17:41,B0201_level_low,1.1272318084722714
2026-04-13 17:18:12,evaporation_run,1
2026-04-13 17:18:22,evaporation_run,0
2026-04-13 17:18:31,B0201_level_low,1.1351679751435624
2026-04-13 17:18:32,evaporation_run,1
2026-04-13 17:18:42,evaporation_run,0
2026-04-13 17:18:51,B0201_level_low,1.1272318084722714
2026-04-13 17:31:02,evaporation_run,1
2026-04-13 17:31:12,evaporation_run,0
2026-04-13 17:31:19,B0201_level_low,1.4317314894443367
2026-04-13 17:31:42,evaporation_run,1
2026-04-13 17:31:52,evaporation_run,0
2026-04-13 17:31:59,B0201_level_low,1.1192998030349264
2026-04-13 17:32:02,evaporation_run,1
2026-04-13 17:32:12,evaporation_run,0
2026-04-13 17:32:19,B0201_level_low,1.1113719588315254
2026-04-13 17:32:22,evaporation_run,1
2026-04-13 17:32:32,evaporation_run,0
2026-04-13 17:32:40,B0201_level_low,1.1113719588315254
2026-04-13 17:33:12,evaporation_run,1
2026-04-13 17:33:22,evaporation_run,0
2026-04-13 17:33:30,B0201_level_low,1.1192998030349264
2026-04-13 17:35:23,evaporation_run,1
2026-04-13 17:35:33,evaporation_run,0
2026-04-13 17:35:42,B0201_level_low,1.1272318084722714
2026-04-13 17:36:23,evaporation_run,1
2026-04-13 17:36:32,B0201_level_low,1.1192998030349264
2026-04-13 17:36:33,evaporation_run,0
2026-04-13 17:36:43,evaporation_run,1
2026-04-13 17:36:52,B0201_level_low,1.1192998030349264
2026-04-13 17:36:53,evaporation_run,0
2026-04-13 17:39:42,evaporation_run,1
2026-04-13 17:39:52,evaporation_run,0
2026-04-13 17:39:54,B0201_level_low,1.1351679751435624
2026-04-13 17:45:12,evaporation_run,1
2026-04-13 17:45:22,evaporation_run,0
2026-04-13 17:45:28,B0201_level_low,1.1192998030349264
2026-04-13 17:46:02,evaporation_run,1
2026-04-13 17:46:12,evaporation_run,0
2026-04-13 17:46:18,B0201_level_low,1.1351679751435624
2026-04-13 17:47:13,evaporation_run,1
2026-04-13 17:47:23,evaporation_run,0
2026-04-13 17:47:29,B0201_level_low,1.1113719588315254
2026-04-13 17:54:13,evaporation_run,1
2026-04-13 17:54:23,evaporation_run,0
2026-04-13 17:54:23,B0201_level_low,1.1113719588315254
2026-04-13 17:54:33,evaporation_run,1
2026-04-13 17:54:43,evaporation_run,0
2026-04-13 17:54:43,B0201_level_low,1.1034482758620685
2026-04-13 17:55:03,evaporation_run,1
2026-04-13 17:55:13,evaporation_run,0
2026-04-13 17:55:13,B0201_level_low,1.1034482758620685
2026-04-13 17:56:13,evaporation_run,1
2026-04-13 17:56:22,evaporation_run,0
2026-04-13 17:56:24,B0201_level_low,1.0955287541265575
2026-04-13 17:57:52,evaporation_run,1
2026-04-13 17:58:02,evaporation_run,0
2026-04-13 17:58:05,B0201_level_low,1.0955287541265575
2026-04-13 17:58:12,evaporation_run,1
2026-04-13 17:58:22,evaporation_run,0
2026-04-13 17:58:25,B0201_level_low,1.0876133936249897
2026-04-13 17:59:22,evaporation_run,1
2026-04-13 17:59:32,evaporation_run,0
2026-04-13 17:59:36,B0201_level_low,1.0876133936249897
2026-04-13 17:59:42,evaporation_run,1
2026-04-13 17:59:52,evaporation_run,0
2026-04-13 17:59:56,B0201_level_low,1.0797021943573668
2026-04-13 18:12:22,evaporation_run,1
2026-04-13 18:12:32,evaporation_run,0
2026-04-13 18:12:34,B0201_level_low,1.1034482758620685
2026-04-13 18:13:53,evaporation_run,1
2026-04-13 18:14:03,evaporation_run,0
2026-04-13 18:14:05,B0201_level_low,1.0955287541265575
2026-04-13 18:14:13,evaporation_run,1
2026-04-13 18:14:23,evaporation_run,0
2026-04-13 18:14:25,B0201_level_low,1.0876133936249897
2026-04-13 18:14:43,evaporation_run,1
2026-04-13 18:14:53,evaporation_run,0
2026-04-13 18:14:56,B0201_level_low,1.0797021943573668
2026-04-13 18:16:12,evaporation_run,1
2026-04-13 18:16:22,evaporation_run,0
2026-04-13 18:16:26,B0201_level_low,1.0797021943573668
2026-04-13 18:16:42,evaporation_run,1
2026-04-13 18:16:52,evaporation_run,0
2026-04-13 18:16:57,B0201_level_low,1.0876133936249897
2026-04-13 18:17:22,evaporation_run,1
2026-04-13 18:17:32,evaporation_run,0
2026-04-13 18:17:37,B0201_level_low,1.0876133936249897
2026-04-13 18:17:52,evaporation_run,1
2026-04-13 18:18:02,evaporation_run,0
2026-04-13 18:18:08,B0201_level_low,1.0797021943573668
2026-04-13 18:18:12,evaporation_run,1
2026-04-13 18:18:22,evaporation_run,0
2026-04-13 18:18:28,B0201_level_low,1.071795156323689
2026-04-13 18:18:32,evaporation_run,1
2026-04-13 18:18:42,evaporation_run,0
2026-04-13 18:18:48,B0201_level_low,1.071795156323689
2026-04-13 18:19:02,evaporation_run,1
2026-04-13 18:19:13,evaporation_run,0
2026-04-13 18:19:18,B0201_level_low,1.0797021943573668
2026-04-13 18:19:43,evaporation_run,1
2026-04-13 18:19:53,evaporation_run,0
2026-04-13 18:19:59,B0201_level_low,1.0876133936249897
2026-04-13 18:20:03,evaporation_run,1
2026-04-13 18:20:13,evaporation_run,0
2026-04-13 18:20:19,B0201_level_low,1.0797021943573668
2026-04-13 18:20:23,evaporation_run,1
2026-04-13 18:20:33,evaporation_run,0
2026-04-13 18:20:39,B0201_level_low,1.040208616528421
2026-04-13 18:20:43,evaporation_run,1
2026-04-13 18:20:53,evaporation_run,0
2026-04-13 18:20:59,B0201_level_low,1.0323223846644654
2026-04-13 18:21:03,evaporation_run,1
2026-04-13 18:21:13,evaporation_run,0
2026-04-13 18:21:19,B0201_level_low,1.0559935639581655
2026-04-13 18:21:23,evaporation_run,1
2026-04-13 18:21:33,evaporation_run,0
2026-04-13 18:21:40,B0201_level_low,1.0559935639581655
2026-04-13 18:21:53,evaporation_run,1
2026-04-13 18:22:03,evaporation_run,0
2026-04-13 18:22:10,B0201_level_low,1.071795156323689
2026-04-13 18:22:12,evaporation_run,1
2026-04-13 18:22:22,evaporation_run,0
2026-04-13 18:22:30,B0201_level_low,1.0559935639581655
2026-04-13 18:22:32,evaporation_run,1
2026-04-13 18:22:42,evaporation_run,0
2026-04-13 18:22:50,B0201_level_low,1.0559935639581655
2026-04-13 18:22:52,evaporation_run,1
2026-04-13 18:23:02,evaporation_run,0
2026-04-13 18:23:11,B0201_level_low,1.0559935639581655
2026-04-13 18:23:12,evaporation_run,1
2026-04-13 18:23:22,evaporation_run,0
2026-04-13 18:23:31,B0201_level_low,1.0559935639581655
2026-04-13 18:23:42,evaporation_run,1
2026-04-13 18:23:52,evaporation_run,0
2026-04-13 18:24:01,B0201_level_low,1.0638922795239552
2026-04-13 18:24:02,evaporation_run,1
2026-04-13 18:24:12,evaporation_run,0
2026-04-13 18:24:21,B0201_level_low,1.0559935639581655
2026-04-13 18:24:22,evaporation_run,1
2026-04-13 18:24:32,evaporation_run,0
2026-04-13 18:24:42,B0201_level_low,1.0480990096263216
2026-04-13 18:24:52,evaporation_run,1
2026-04-13 18:25:02,evaporation_run,0
2026-04-13 18:25:12,B0201_level_low,1.0559935639581655
2026-04-13 18:25:33,evaporation_run,1
2026-04-13 18:25:42,B0201_level_low,1.0638922795239552
2026-04-13 18:25:43,evaporation_run,0
2026-04-13 18:25:53,evaporation_run,1
2026-04-13 18:26:02,B0201_level_low,1.0559935639581655
2026-04-13 18:26:03,evaporation_run,0
2026-04-13 18:27:23,evaporation_run,1
2026-04-13 18:27:33,evaporation_run,0
2026-04-13 18:27:33,B0201_level_low,1.0638922795239552
2026-04-13 18:28:13,evaporation_run,1
2026-04-13 18:28:23,evaporation_run,0
2026-04-13 18:28:24,B0201_level_low,1.071795156323689
2026-04-13 18:28:33,evaporation_run,1
2026-04-13 18:28:42,evaporation_run,0
2026-04-13 18:28:44,B0201_level_low,1.071795156323689
2026-04-13 18:29:42,evaporation_run,1
2026-04-13 18:29:52,evaporation_run,0
2026-04-13 18:29:55,B0201_level_low,1.0638922795239552
2026-04-13 18:30:42,evaporation_run,1
2026-04-13 18:30:52,evaporation_run,0
2026-04-13 18:30:55,B0201_level_low,1.071795156323689
2026-04-13 18:31:52,evaporation_run,1
2026-04-13 18:32:03,evaporation_run,0
2026-04-13 18:32:06,B0201_level_low,1.071795156323689
2026-04-13 18:32:43,evaporation_run,1
2026-04-13 18:32:53,evaporation_run,0
2026-04-13 18:32:57,B0201_level_low,1.071795156323689
2026-04-13 18:33:03,evaporation_run,1
2026-04-13 18:33:13,evaporation_run,0
2026-04-13 18:33:17,B0201_level_low,1.0559935639581655
2026-04-13 18:34:13,evaporation_run,1
2026-04-13 18:34:23,evaporation_run,0
2026-04-13 18:34:28,B0201_level_low,1.071795156323689
2026-04-13 18:34:43,evaporation_run,1
2026-04-13 18:34:53,evaporation_run,0
2026-04-13 18:34:58,B0201_level_low,1.0559935639581655
2026-04-13 18:35:32,evaporation_run,1
2026-04-13 18:35:42,evaporation_run,0
2026-04-13 18:35:48,B0201_level_low,1.0559935639581655
2026-04-13 18:35:52,evaporation_run,1
2026-04-13 18:36:02,evaporation_run,0
2026-04-13 18:36:09,B0201_level_low,1.0480990096263216
2026-04-13 18:37:02,evaporation_run,1
2026-04-13 18:37:12,evaporation_run,0
2026-04-13 18:37:19,B0201_level_low,1.0559935639581655
2026-04-13 18:38:02,evaporation_run,1
2026-04-13 18:38:12,evaporation_run,0
2026-04-13 18:38:20,B0201_level_low,1.0638922795239552
2026-04-13 18:38:23,evaporation_run,1
2026-04-13 18:38:33,evaporation_run,0
2026-04-13 18:38:40,B0201_level_low,1.0559935639581655
2026-04-13 18:40:13,evaporation_run,1
2026-04-13 18:40:23,evaporation_run,0
2026-04-13 18:40:31,B0201_level_low,1.0638922795239552
2026-04-13 18:40:43,evaporation_run,1
2026-04-13 18:40:53,evaporation_run,0
2026-04-13 18:41:02,B0201_level_low,1.0638922795239552
2026-04-13 18:41:32,evaporation_run,1
2026-04-13 18:41:42,evaporation_run,0
2026-04-13 18:41:52,evaporation_run,1
2026-04-13 18:42:02,evaporation_run,0
2026-04-13 18:42:02,B0201_level_low,1.0480990096263216
2026-04-13 18:42:12,evaporation_run,1
2026-04-13 18:42:22,evaporation_run,0
2026-04-13 18:42:22,B0201_level_low,1.0480990096263216
2026-04-13 18:42:32,evaporation_run,1
2026-04-13 18:42:42,evaporation_run,0
2026-04-13 18:42:43,B0201_level_low,1.0559935639581655
2026-04-13 18:42:52,evaporation_run,1
2026-04-13 18:43:02,evaporation_run,0
2026-04-13 18:43:03,B0201_level_low,1.0559935639581655
2026-04-13 18:43:22,evaporation_run,1
2026-04-13 18:43:32,evaporation_run,0
2026-04-13 18:43:33,B0201_level_low,1.0559935639581655
2026-04-13 18:43:42,evaporation_run,1
2026-04-13 18:43:52,evaporation_run,0
2026-04-13 18:43:53,B0201_level_low,1.0559935639581655
2026-04-13 18:44:02,evaporation_run,1
2026-04-13 18:44:12,evaporation_run,0
2026-04-13 18:44:14,B0201_level_low,1.0559935639581655
2026-04-13 18:44:22,evaporation_run,1
2026-04-13 18:44:33,evaporation_run,0
2026-04-13 18:44:34,B0201_level_low,1.0480990096263216
2026-04-13 18:44:43,evaporation_run,1
2026-04-13 18:44:53,evaporation_run,0
2026-04-13 18:44:54,B0201_level_low,1.0480990096263216
2026-04-13 18:45:03,evaporation_run,1
2026-04-13 18:45:13,evaporation_run,0
2026-04-13 18:45:14,B0201_level_low,1.0559935639581655
2026-04-13 18:45:23,evaporation_run,1
2026-04-13 18:45:33,evaporation_run,0
2026-04-13 18:45:34,B0201_level_low,1.0480990096263216
2026-04-13 18:45:43,evaporation_run,1
2026-04-13 18:45:53,evaporation_run,0
2026-04-13 18:45:55,B0201_level_low,1.0559935639581655
2026-04-13 18:46:03,evaporation_run,1
2026-04-13 18:46:13,evaporation_run,0
2026-04-13 18:46:15,B0201_level_low,1.0480990096263216
2026-04-13 18:46:23,evaporation_run,1
2026-04-13 18:46:33,evaporation_run,0
2026-04-13 18:46:35,B0201_level_low,1.0480990096263216
2026-04-13 18:46:43,evaporation_run,1
2026-04-13 18:46:53,evaporation_run,0
2026-04-13 18:46:55,B0201_level_low,1.0480990096263216
2026-04-13 18:47:03,evaporation_run,1
2026-04-13 18:47:13,evaporation_run,0
2026-04-13 18:47:15,B0201_level_low,1.0480990096263216
2026-04-13 18:47:33,evaporation_run,1
2026-04-13 18:47:43,evaporation_run,0
2026-04-13 18:47:46,B0201_level_low,1.0480990096263216
2026-04-13 18:47:52,evaporation_run,1
2026-04-13 18:48:02,evaporation_run,0
2026-04-13 18:48:06,B0201_level_low,1.0480990096263216
2026-04-13 18:48:12,evaporation_run,1
2026-04-13 18:48:22,evaporation_run,0
2026-04-13 18:48:26,B0201_level_low,1.0480990096263216
2026-04-13 18:48:32,evaporation_run,1
2026-04-13 18:48:42,evaporation_run,0
2026-04-13 18:48:46,B0201_level_low,1.0480990096263216
2026-04-13 18:48:52,evaporation_run,1
2026-04-13 18:49:02,evaporation_run,0
2026-04-13 18:49:06,B0201_level_low,1.0480990096263216
2026-04-13 18:49:12,evaporation_run,1
2026-04-13 18:49:22,evaporation_run,0
2026-04-13 18:49:27,B0201_level_low,1.0480990096263216
2026-04-13 18:49:32,evaporation_run,1
2026-04-13 18:49:42,evaporation_run,0
2026-04-13 18:49:47,B0201_level_low,1.0480990096263216
2026-04-13 18:49:52,evaporation_run,1
2026-04-13 18:50:02,evaporation_run,0
2026-04-13 18:50:07,B0201_level_low,1.0480990096263216
2026-04-13 18:50:12,evaporation_run,1
2026-04-13 18:50:22,evaporation_run,0
2026-04-13 18:50:27,B0201_level_low,1.0480990096263216
2026-04-13 18:50:32,evaporation_run,1
2026-04-13 18:50:42,evaporation_run,0
2026-04-13 18:50:48,B0201_level_low,1.040208616528421
2026-04-13 18:51:13,evaporation_run,1
2026-04-13 18:51:23,evaporation_run,0
2026-04-13 18:51:28,B0101_level_low,14.586666666666662
2026-04-13 18:51:28,B0201_level_low,1.040208616528421
2026-04-13 18:51:33,evaporation_run,1
2026-04-13 18:51:43,evaporation_run,0
2026-04-13 18:51:48,B0101_level_low,14.053333333333331
2026-04-13 18:51:48,B0201_level_low,1.040208616528421
2026-04-13 18:52:13,evaporation_run,1
2026-04-13 18:52:23,evaporation_run,0
2026-04-13 18:52:29,B0101_level_low,14.693333333333328
2026-04-13 18:52:29,B0201_level_low,1.040208616528421
2026-04-13 18:52:33,evaporation_run,1
2026-04-13 18:52:43,evaporation_run,0
2026-04-13 18:52:49,B0101_level_low,14.693333333333328
2026-04-13 18:52:49,B0201_level_low,1.040208616528421
2026-04-13 18:52:53,evaporation_run,1
2026-04-13 18:53:03,evaporation_run,0
2026-04-13 18:53:09,B0101_level_low,14.693333333333328
2026-04-13 18:53:09,B0201_level_low,1.040208616528421
2026-04-13 18:53:13,evaporation_run,1
2026-04-13 18:53:23,evaporation_run,0
2026-04-13 18:53:29,B0201_level_low,1.040208616528421
2026-04-13 18:53:43,evaporation_run,1
2026-04-13 18:53:53,evaporation_run,0
2026-04-13 18:53:59,B0201_level_low,1.040208616528421
2026-04-13 18:54:10,B0101_level_low,14.693333333333328
2026-04-13 18:54:22,evaporation_run,1
2026-04-13 18:54:32,evaporation_run,0
2026-04-13 18:54:40,B0201_level_low,1.040208616528421
2026-04-13 18:54:42,evaporation_run,1
2026-04-13 18:54:52,evaporation_run,0
2026-04-13 18:55:00,B0201_level_low,1.0323223846644654
2026-04-13 18:55:22,evaporation_run,1
2026-04-13 18:55:32,evaporation_run,0
2026-04-13 18:55:41,B0201_level_low,1.040208616528421
2026-04-13 18:56:01,B0202_pH_high,3.502
2026-04-13 18:56:12,evaporation_run,1
2026-04-13 18:56:22,evaporation_run,0
2026-04-13 18:56:31,B0201_level_low,1.0323223846644654
2026-04-13 18:56:32,evaporation_run,1
2026-04-13 18:56:42,evaporation_run,0
2026-04-13 18:56:51,B0201_level_low,1.0323223846644654
2026-04-13 18:57:02,evaporation_run,1
2026-04-13 18:57:12,evaporation_run,0
2026-04-13 18:57:22,B0201_level_low,1.0323223846644654
2026-04-13 18:57:43,evaporation_run,1
2026-04-13 18:57:53,evaporation_run,0
2026-04-13 18:58:02,B0201_level_low,1.0323223846644654
2026-04-13 18:58:03,evaporation_run,1
2026-04-13 18:58:13,evaporation_run,0
2026-04-13 18:58:33,evaporation_run,1
2026-04-13 18:58:42,B0201_level_low,1.0323223846644654
2026-04-13 18:58:43,evaporation_run,0
2026-04-13 18:58:53,evaporation_run,1
2026-04-13 18:59:03,B0201_level_low,1.0323223846644654
2026-04-13 18:59:03,evaporation_run,0
2026-04-13 18:59:53,evaporation_run,1
2026-04-13 19:00:03,evaporation_run,0
2026-04-13 19:00:03,B0201_level_low,1.0323223846644654
2026-04-13 19:00:33,evaporation_run,1
2026-04-13 19:00:34,B0202_pH_high,3.502
2026-04-13 19:00:43,evaporation_run,0
2026-04-13 19:00:44,B0201_level_low,1.0323223846644654
2026-04-13 19:00:52,evaporation_run,1
2026-04-13 19:01:02,evaporation_run,0
2026-04-13 19:01:04,B0201_level_low,1.0323223846644654
2026-04-13 19:01:12,evaporation_run,1
2026-04-13 19:01:22,evaporation_run,0
2026-04-13 19:01:24,B0201_level_low,1.0323223846644654
2026-04-13 19:01:32,evaporation_run,1
2026-04-13 19:01:42,evaporation_run,0
2026-04-13 19:01:44,B0201_level_low,1.0323223846644654
2026-04-13 19:01:52,evaporation_run,1
2026-04-13 19:02:02,evaporation_run,0
2026-04-13 19:02:04,B0201_level_low,1.0323223846644654
2026-04-13 19:02:22,evaporation_run,1
2026-04-13 19:02:32,evaporation_run,0
2026-04-13 19:02:35,B0201_level_low,1.040208616528421
2026-04-13 19:02:52,evaporation_run,1
2026-04-13 19:03:02,evaporation_run,0
2026-04-13 19:03:05,B0201_level_low,1.0323223846644654
2026-04-13 19:03:42,evaporation_run,1
2026-04-13 19:03:53,evaporation_run,0
2026-04-13 19:03:56,B0202_pH_high,3.507
2026-04-13 19:03:56,B0201_level_low,1.0323223846644654
2026-04-13 19:04:23,evaporation_run,1
2026-04-13 19:04:33,evaporation_run,0
2026-04-13 19:04:36,B0201_level_low,1.0323223846644654
2026-04-13 19:04:56,B0202_pH_high,3.511
2026-04-13 19:05:13,evaporation_run,1
2026-04-13 19:05:23,evaporation_run,0
2026-04-13 19:05:27,B0201_level_low,1.0323223846644654
2026-04-13 19:05:43,evaporation_run,1
2026-04-13 19:05:53,evaporation_run,0
2026-04-13 19:05:57,B0202_pH_high,3.507
2026-04-13 19:05:57,B0201_level_low,1.0323223846644654
2026-04-13 19:06:13,evaporation_run,1
2026-04-13 19:06:23,evaporation_run,0
2026-04-13 19:06:27,B0201_level_low,1.0323223846644654
2026-04-13 19:06:47,B0202_pH_high,3.511
2026-04-13 19:07:13,evaporation_run,1
2026-04-13 19:07:22,evaporation_run,0
2026-04-13 19:07:28,B0201_level_low,1.0323223846644654
2026-04-13 19:07:42,evaporation_run,1
2026-04-13 19:07:52,evaporation_run,0
2026-04-13 19:07:58,B0201_level_low,1.0323223846644654
2026-04-13 19:08:22,evaporation_run,1
2026-04-13 19:08:32,evaporation_run,0
2026-04-13 19:08:38,B0201_level_low,1.0323223846644654
2026-04-13 19:09:02,evaporation_run,1
2026-04-13 19:09:12,evaporation_run,0
2026-04-13 19:09:19,B0201_level_low,1.0323223846644654
2026-04-13 19:09:32,evaporation_run,1
2026-04-13 19:09:42,evaporation_run,0
2026-04-13 19:09:49,B0202_pH_high,3.504
2026-04-13 19:09:49,B0201_level_low,1.0323223846644654
2026-04-13 19:10:02,evaporation_run,1
2026-04-13 19:10:13,evaporation_run,0
2026-04-13 19:10:20,B0201_level_low,1.0323223846644654
2026-04-13 19:10:23,evaporation_run,1
2026-04-13 19:10:30,B0202_pH_high,3.505
2026-04-13 19:10:33,evaporation_run,0
2026-04-13 19:10:40,B0201_level_low,1.0323223846644654
2026-04-13 19:10:50,B0202_pH_high,3.505
2026-04-13 19:11:13,evaporation_run,1
2026-04-13 19:11:20,B0202_pH_high,3.511
2026-04-13 19:11:23,evaporation_run,0
2026-04-13 19:11:30,B0201_level_low,1.0323223846644654
2026-04-13 19:11:43,evaporation_run,1
2026-04-13 19:11:53,evaporation_run,0
2026-04-13 19:12:01,B0201_level_low,1.0323223846644654
2026-04-13 19:12:03,evaporation_run,1
2026-04-13 19:12:13,evaporation_run,0
2026-04-13 19:12:21,B0201_level_low,1.0323223846644654
2026-04-13 19:12:33,evaporation_run,1
2026-04-13 19:12:43,evaporation_run,0
2026-04-13 19:12:51,B0201_level_low,1.0323223846644654
2026-04-13 19:13:03,evaporation_run,1
2026-04-13 19:13:13,evaporation_run,0
2026-04-13 19:13:21,B0201_level_low,1.0323223846644654
2026-04-13 19:13:31,B0202_pH_high,3.508
2026-04-13 19:13:33,evaporation_run,1
2026-04-13 19:13:42,evaporation_run,0
2026-04-13 19:13:52,B0201_level_low,1.0323223846644654
2026-04-13 19:14:32,B0202_pH_high,3.501
2026-04-13 19:15:23,B0202_pH_high,3.519
2026-04-13 19:15:52,evaporation_run,1
2026-04-13 19:16:02,evaporation_run,0
2026-04-13 19:16:03,B0201_level_low,1.0323223846644654
2026-04-13 19:16:13,B0202_pH_high,3.501
2026-04-13 19:16:23,evaporation_run,1
2026-04-13 19:16:33,evaporation_run,0
2026-04-13 19:16:33,B0201_level_low,1.0323223846644654
2026-04-13 19:16:43,B0202_pH_high,3.509
2026-04-13 19:17:03,evaporation_run,1
2026-04-13 19:17:13,evaporation_run,0
2026-04-13 19:17:14,B0202_pH_high,3.506
2026-04-13 19:17:14,B0201_level_low,1.0323223846644654
2026-04-13 19:17:34,B0202_pH_high,3.519
2026-04-13 19:18:14,B0202_pH_high,3.503
2026-04-13 19:18:45,B0202_pH_high,3.506
2026-04-13 19:19:03,evaporation_run,1
2026-04-13 19:19:13,evaporation_run,0
2026-04-13 19:19:15,B0201_level_low,1.0323223846644654
2026-04-13 19:19:45,B0202_pH_high,3.527
2026-04-13 19:20:16,B0202_pH_high,3.501
2026-04-13 19:20:36,B0202_pH_high,3.525
2026-04-13 19:20:42,evaporation_run,1
2026-04-13 19:20:52,evaporation_run,0
2026-04-13 19:20:56,B0201_level_low,1.0323223846644654
2026-04-13 19:21:02,evaporation_run,1
2026-04-13 19:21:12,evaporation_run,0
2026-04-13 19:21:16,B0202_pH_high,3.507
2026-04-13 19:21:16,B0201_level_low,1.0323223846644654
2026-04-13 19:21:22,evaporation_run,1
2026-04-13 19:21:32,evaporation_run,0
2026-04-13 19:21:36,B0201_level_low,1.0323223846644654
2026-04-13 19:21:42,evaporation_run,1
2026-04-13 19:21:52,evaporation_run,0
2026-04-13 19:21:57,B0202_pH_high,3.523
2026-04-13 19:21:57,B0201_level_low,1.0323223846644654
2026-04-13 19:22:12,evaporation_run,1
2026-04-13 19:22:17,B0202_pH_high,3.523
2026-04-13 19:22:22,evaporation_run,0
2026-04-13 19:22:27,B0201_level_low,1.0323223846644654
2026-04-13 19:22:42,evaporation_run,1
2026-04-13 19:22:47,B0202_pH_high,3.506
2026-04-13 19:22:53,evaporation_run,0
2026-04-13 19:22:57,B0201_level_low,1.0323223846644654
2026-04-13 19:23:13,evaporation_run,1
2026-04-13 19:23:23,evaporation_run,0
2026-04-13 19:23:28,B0201_level_low,1.0244403140344547
2026-04-13 19:23:53,evaporation_run,1
2026-04-13 19:24:03,evaporation_run,0
2026-04-13 19:24:08,B0202_pH_high,3.506
2026-04-13 19:24:08,B0201_level_low,1.0323223846644654
2026-04-13 19:24:23,evaporation_run,1
2026-04-13 19:24:33,evaporation_run,0
2026-04-13 19:24:38,B0201_level_low,1.0244403140344547
2026-04-13 19:24:53,evaporation_run,1
2026-04-13 19:25:03,evaporation_run,0
2026-04-13 19:25:09,B0202_pH_high,3.515
2026-04-13 19:25:09,B0201_level_low,1.0323223846644654
2026-04-13 19:25:13,evaporation_run,1
2026-04-13 19:25:23,evaporation_run,0
2026-04-13 19:25:29,B0201_level_low,1.0244403140344547
2026-04-13 19:25:33,evaporation_run,1
2026-04-13 19:25:43,evaporation_run,0
2026-04-13 19:25:49,B0201_level_low,1.0244403140344547
2026-04-13 19:26:32,evaporation_run,1
2026-04-13 19:26:42,evaporation_run,0
2026-04-13 19:26:50,B0201_level_low,1.0244403140344547
2026-04-13 19:27:20,B0202_pH_high,3.529
2026-04-13 19:27:32,evaporation_run,1
2026-04-13 19:27:42,evaporation_run,0
2026-04-13 19:27:50,B0201_level_low,1.0244403140344547
2026-04-13 19:28:41,B0202_pH_high,3.509
2026-04-13 19:29:11,B0202_pH_high,3.536
2026-04-13 19:29:13,evaporation_run,1
2026-04-13 19:29:23,evaporation_run,0
2026-04-13 19:29:31,B0201_level_low,1.0244403140344547
2026-04-13 19:29:51,B0202_pH_high,3.535
2026-04-13 19:29:53,evaporation_run,1
2026-04-13 19:30:03,evaporation_run,0
2026-04-13 19:30:12,B0201_level_low,1.0244403140344547
2026-04-13 19:30:22,B0202_pH_high,3.52
2026-04-13 19:30:52,B0202_pH_high,3.533
2026-04-13 19:31:33,B0202_pH_high,3.507
2026-04-13 19:31:43,evaporation_run,1
2026-04-13 19:31:53,B0201_level_low,1.0244403140344547
2026-04-13 19:31:53,evaporation_run,0
2026-04-13 19:32:03,evaporation_run,1
2026-04-13 19:32:13,B0201_level_low,1.0244403140344547
2026-04-13 19:32:13,evaporation_run,0
2026-04-13 19:32:23,evaporation_run,1
2026-04-13 19:32:23,B0202_pH_high,3.518
2026-04-13 19:32:33,evaporation_run,0
2026-04-13 19:32:33,B0201_level_low,1.0244403140344547
2026-04-13 19:32:43,evaporation_run,1
2026-04-13 19:32:53,evaporation_run,0
2026-04-13 19:32:53,B0201_level_low,1.0244403140344547
2026-04-13 19:33:02,evaporation_run,1
2026-04-13 19:33:12,evaporation_run,0
2026-04-13 19:33:14,B0201_level_low,1.0244403140344547
2026-04-13 19:33:42,evaporation_run,1
2026-04-13 19:33:52,evaporation_run,0
2026-04-13 19:33:54,B0202_pH_high,3.529
2026-04-13 19:33:54,B0201_level_low,1.016562404638389
2026-04-13 19:34:02,evaporation_run,1
2026-04-13 19:34:12,evaporation_run,0
2026-04-13 19:34:14,B0201_level_low,1.0244403140344547
2026-04-13 19:34:22,evaporation_run,1
2026-04-13 19:34:32,evaporation_run,0
2026-04-13 19:34:34,B0201_level_low,1.0244403140344547
2026-04-13 19:34:42,evaporation_run,1
2026-04-13 19:34:52,evaporation_run,0
2026-04-13 19:34:55,B0202_pH_high,3.52
2026-04-13 19:34:55,B0201_level_low,1.0244403140344547
2026-04-13 19:35:02,evaporation_run,1
2026-04-13 19:35:12,evaporation_run,0
2026-04-13 19:35:15,B0201_level_low,1.0244403140344547
2026-04-13 19:35:22,evaporation_run,1
2026-04-13 19:35:33,evaporation_run,0
2026-04-13 19:35:35,B0201_level_low,1.016562404638389
2026-04-13 19:35:43,evaporation_run,1
2026-04-13 19:35:53,evaporation_run,0
2026-04-13 19:35:55,B0202_pH_high,3.517
2026-04-13 19:35:55,B0201_level_low,1.016562404638389
2026-04-13 19:36:03,evaporation_run,1
2026-04-13 19:36:13,evaporation_run,0
2026-04-13 19:36:15,B0201_level_low,1.016562404638389
2026-04-13 19:36:33,evaporation_run,1
2026-04-13 19:36:43,evaporation_run,0
2026-04-13 19:36:46,B0201_level_low,1.016562404638389
2026-04-13 19:36:53,evaporation_run,1
2026-04-13 19:37:03,evaporation_run,0
2026-04-13 19:37:06,B0201_level_low,1.016562404638389
2026-04-13 19:37:43,evaporation_run,1
2026-04-13 19:37:46,B0202_pH_high,3.525
2026-04-13 19:37:53,evaporation_run,0
2026-04-13 19:37:56,B0201_level_low,1.016562404638389
2026-04-13 19:38:23,evaporation_run,1
2026-04-13 19:38:33,evaporation_run,0
2026-04-13 19:38:37,B0201_level_low,1.016562404638389
2026-04-13 19:38:57,B0202_pH_high,3.511
2026-04-13 19:39:03,evaporation_run,1
2026-04-13 19:39:13,evaporation_run,0
2026-04-13 19:39:17,B0201_level_low,1.016562404638389
2026-04-13 19:39:27,B0202_pH_high,3.528
2026-04-13 19:40:08,B0202_pH_high,3.535
2026-04-13 19:40:48,B0202_pH_high,3.524
2026-04-13 19:42:03,evaporation_run,1
2026-04-13 19:42:13,evaporation_run,0
2026-04-13 19:42:19,B0201_level_low,1.016562404638389
2026-04-13 19:42:23,evaporation_run,1
2026-04-13 19:42:33,evaporation_run,0
2026-04-13 19:42:39,B0201_level_low,1.0086886564762665
2026-04-13 19:42:43,evaporation_run,1
2026-04-13 19:42:49,B0202_pH_high,3.52
2026-04-13 19:42:53,evaporation_run,0
2026-04-13 19:43:00,B0201_level_low,1.016562404638389
2026-04-13 19:43:03,evaporation_run,1
2026-04-13 19:43:13,evaporation_run,0
2026-04-13 19:43:20,B0201_level_low,1.016562404638389
2026-04-13 19:43:33,evaporation_run,1
2026-04-13 19:43:40,B0202_pH_high,3.523
2026-04-13 19:43:43,evaporation_run,0
2026-04-13 19:43:50,B0201_level_low,1.016562404638389
2026-04-13 19:44:03,evaporation_run,1
2026-04-13 19:44:13,evaporation_run,0
2026-04-13 19:44:20,B0202_pH_high,3.504
2026-04-13 19:44:20,B0201_level_low,1.016562404638389
2026-04-13 19:44:23,evaporation_run,1
2026-04-13 19:44:33,evaporation_run,0
2026-04-13 19:44:41,B0201_level_low,1.016562404638389
2026-04-13 19:44:43,evaporation_run,1
2026-04-13 19:44:53,evaporation_run,0
2026-04-13 19:45:01,B0201_level_low,1.016562404638389
2026-04-13 19:45:13,evaporation_run,1
2026-04-13 19:45:23,evaporation_run,0
2026-04-13 19:45:31,B0202_pH_high,3.52
2026-04-13 19:45:31,B0201_level_low,1.0086886564762665
2026-04-13 19:45:43,evaporation_run,1
2026-04-13 19:45:52,evaporation_run,0
2026-04-13 19:46:01,B0201_level_low,1.016562404638389
2026-04-13 19:46:12,B0202_pH_high,3.508
2026-04-13 19:46:12,evaporation_run,1
2026-04-13 19:46:22,evaporation_run,0
2026-04-13 19:46:32,B0201_level_low,1.0086886564762665
2026-04-13 19:46:42,B0202_pH_high,3.51
2026-04-13 19:46:42,evaporation_run,1
2026-04-13 19:46:52,evaporation_run,0
2026-04-13 19:47:02,B0201_level_low,1.016562404638389
2026-04-13 19:47:02,evaporation_run,1
2026-04-13 19:47:12,evaporation_run,0
2026-04-13 19:47:22,evaporation_run,1
2026-04-13 19:47:32,B0201_level_low,1.0086886564762665
2026-04-13 19:47:32,evaporation_run,0
2026-04-13 19:47:52,evaporation_run,1
2026-04-13 19:48:02,evaporation_run,0
2026-04-13 19:48:03,B0201_level_low,1.016562404638389
2026-04-13 19:48:13,evaporation_run,1
2026-04-13 19:48:23,evaporation_run,0
2026-04-13 19:48:23,B0201_level_low,1.0086886564762665
2026-04-13 19:48:43,evaporation_run,1
2026-04-13 19:48:53,evaporation_run,0
2026-04-13 19:48:53,B0201_level_low,1.0086886564762665
2026-04-13 19:49:23,B0202_pH_high,3.501
2026-04-13 19:49:33,evaporation_run,1
2026-04-13 19:49:43,evaporation_run,0
2026-04-13 19:49:44,B0201_level_low,1.0086886564762665
2026-04-13 19:50:13,evaporation_run,1
2026-04-13 19:50:23,evaporation_run,0
2026-04-13 19:50:24,B0201_level_low,1.016562404638389
2026-04-13 19:51:03,evaporation_run,1
2026-04-13 19:51:13,evaporation_run,0
2026-04-13 19:51:15,B0201_level_low,1.016562404638389
2026-04-13 19:51:23,evaporation_run,1
2026-04-13 19:51:33,evaporation_run,0
2026-04-13 19:51:35,B0201_level_low,1.016562404638389
2026-04-13 19:52:03,evaporation_run,1
2026-04-13 19:52:13,evaporation_run,0
2026-04-13 19:52:15,B0201_level_low,1.016562404638389
2026-04-13 19:52:46,B0101_level_low,14.693333333333328
2026-04-13 19:53:06,B0101_level_low,14.693333333333328
2026-04-13 19:53:16,B0202_pH_high,3.503
2026-04-13 19:53:32,evaporation_run,1
2026-04-13 19:53:36,B0101_level_low,14.799999999999997
2026-04-13 19:53:42,evaporation_run,0
2026-04-13 19:53:46,B0201_level_low,1.016562404638389
2026-04-13 19:54:02,evaporation_run,1
2026-04-13 19:54:12,evaporation_run,0
2026-04-13 19:54:16,B0201_level_low,1.0086886564762665
2026-04-13 19:54:22,evaporation_run,1
2026-04-13 19:54:32,evaporation_run,0
2026-04-13 19:54:37,B0201_level_low,1.0086886564762665
2026-04-13 19:54:43,evaporation_run,1
2026-04-13 19:54:53,evaporation_run,0
2026-04-13 19:54:57,B0201_level_low,1.0086886564762665
2026-04-13 19:55:03,evaporation_run,1
2026-04-13 19:55:13,evaporation_run,0
2026-04-13 19:55:17,B0201_level_low,1.0086886564762665
2026-04-13 19:55:23,evaporation_run,1
2026-04-13 19:55:33,evaporation_run,0
2026-04-13 19:55:37,B0201_level_low,1.0008190695480899
2026-04-13 19:55:53,evaporation_run,1
2026-04-13 19:56:03,evaporation_run,0
2026-04-13 19:56:08,B0201_level_low,1.0086886564762665
2026-04-13 19:56:13,evaporation_run,1
2026-04-13 19:56:23,evaporation_run,0
2026-04-13 19:56:28,B0201_level_low,1.0086886564762665
2026-04-13 19:56:33,evaporation_run,1
2026-04-13 19:56:43,evaporation_run,0
2026-04-13 19:56:48,B0201_level_low,1.0086886564762665
2026-04-13 19:56:53,evaporation_run,1
2026-04-13 19:57:03,evaporation_run,0
2026-04-13 19:57:08,B0201_level_low,1.0008190695480899
2026-04-13 19:57:13,evaporation_run,1
2026-04-13 19:57:23,evaporation_run,0
2026-04-13 19:57:28,B0201_level_low,1.0086886564762665
2026-04-13 19:57:33,evaporation_run,1
2026-04-13 19:57:43,evaporation_run,0
2026-04-13 19:57:49,B0201_level_low,1.0008190695480899
2026-04-13 19:57:53,evaporation_run,1
2026-04-13 19:58:03,evaporation_run,0
2026-04-13 19:58:09,B0201_level_low,1.0086886564762665
2026-04-13 19:58:13,evaporation_run,1
2026-04-13 19:58:23,evaporation_run,0
2026-04-13 19:58:29,B0201_level_low,1.0086886564762665
2026-04-13 19:58:33,evaporation_run,1
2026-04-13 19:58:43,evaporation_run,0
2026-04-13 19:58:49,B0201_level_low,1.0008190695480899
2026-04-13 19:58:53,evaporation_run,1
2026-04-13 19:59:02,evaporation_run,0
2026-04-13 19:59:09,B0201_level_low,1.0008190695480899
2026-04-13 19:59:12,evaporation_run,1
2026-04-13 19:59:22,evaporation_run,0
2026-04-13 19:59:30,B0201_level_low,1.0008190695480899
2026-04-13 19:59:32,evaporation_run,1
2026-04-13 19:59:42,evaporation_run,0
2026-04-13 19:59:50,B0201_level_low,1.0086886564762665
2026-04-13 19:59:52,evaporation_run,1
2026-04-13 20:00:02,evaporation_run,0
2026-04-13 20:00:10,B0201_level_low,1.0086886564762665
2026-04-13 20:00:12,evaporation_run,1
2026-04-13 20:00:22,evaporation_run,0
2026-04-13 20:00:30,B0201_level_low,1.0086886564762665
2026-04-13 20:00:32,evaporation_run,1
2026-04-13 20:00:42,evaporation_run,0
2026-04-13 20:00:51,B0201_level_low,1.0086886564762665
2026-04-13 20:01:13,evaporation_run,1
2026-04-13 20:01:23,evaporation_run,0
2026-04-13 20:01:31,B0201_level_low,1.0086886564762665
2026-04-13 20:01:43,evaporation_run,1
2026-04-13 20:01:53,evaporation_run,0
2026-04-13 20:02:01,B0201_level_low,1.0086886564762665
2026-04-13 20:02:23,evaporation_run,1
2026-04-13 20:02:33,evaporation_run,0
2026-04-13 20:02:42,B0201_level_low,1.016562404638389
2026-04-13 20:02:43,evaporation_run,1
2026-04-13 20:02:53,evaporation_run,0
2026-04-13 20:03:02,B0201_level_low,1.0086886564762665
2026-04-13 20:03:13,evaporation_run,1
2026-04-13 20:03:23,evaporation_run,0
2026-04-13 20:03:32,B0201_level_low,1.0086886564762665
2026-04-13 20:03:33,evaporation_run,1
2026-04-13 20:03:43,evaporation_run,0
2026-04-13 20:04:23,evaporation_run,1
2026-04-13 20:04:33,B0201_level_low,1.0008190695480899
2026-04-13 20:04:33,evaporation_run,0
2026-04-13 20:05:03,evaporation_run,1
2026-04-13 20:05:13,evaporation_run,0
2026-04-13 20:05:13,B0201_level_low,1.0086886564762665
2026-04-13 20:05:22,evaporation_run,1
2026-04-13 20:05:32,evaporation_run,0
2026-04-13 20:05:33,B0201_level_low,1.0008190695480899
2026-04-13 20:06:12,evaporation_run,1
2026-04-13 20:06:22,evaporation_run,0
2026-04-13 20:06:24,B0201_level_low,1.0086886564762665
2026-04-13 20:06:32,evaporation_run,1
2026-04-13 20:06:42,evaporation_run,0
2026-04-13 20:06:44,B0201_level_low,1.0008190695480899
2026-04-13 20:07:02,evaporation_run,1
2026-04-13 20:07:12,evaporation_run,0
2026-04-13 20:07:14,B0201_level_low,1.0008190695480899
2026-04-13 20:07:43,evaporation_run,1
2026-04-13 20:07:53,evaporation_run,0
2026-04-13 20:07:55,B0201_level_low,1.0086886564762665
2026-04-13 20:08:03,evaporation_run,1
2026-04-13 20:08:13,evaporation_run,0
2026-04-13 20:08:15,B0201_level_low,1.0086886564762665
2026-04-13 20:08:23,evaporation_run,1
2026-04-13 20:08:33,evaporation_run,0
2026-04-13 20:08:35,B0201_level_low,1.0008190695480899
2026-04-13 20:09:23,evaporation_run,1
2026-04-13 20:09:33,evaporation_run,0
2026-04-13 20:09:36,B0201_level_low,1.0008190695480899
2026-04-13 20:10:03,evaporation_run,1
2026-04-13 20:10:13,evaporation_run,0
2026-04-13 20:10:16,B0201_level_low,1.0008190695480899
2026-04-13 20:10:33,evaporation_run,1
2026-04-13 20:10:43,evaporation_run,0
2026-04-13 20:10:47,B0201_level_low,1.0086886564762665
2026-04-13 20:10:53,evaporation_run,1
2026-04-13 20:11:03,evaporation_run,0
2026-04-13 20:11:07,B0201_level_low,1.0008190695480899
2026-04-13 20:11:23,evaporation_run,1
2026-04-13 20:11:33,evaporation_run,0
2026-04-13 20:11:37,B0201_level_low,1.0008190695480899
2026-04-13 20:11:43,evaporation_run,1
2026-04-13 20:11:52,evaporation_run,0
2026-04-13 20:11:57,B0201_level_low,1.0008190695480899
2026-04-13 20:12:02,evaporation_run,1
2026-04-13 20:12:12,evaporation_run,0
2026-04-13 20:12:18,B0201_level_low,1.0086886564762665
2026-04-13 20:12:22,evaporation_run,1
2026-04-13 20:12:32,evaporation_run,0
2026-04-13 20:12:38,B0201_level_low,1.0008190695480899
2026-04-13 20:13:02,evaporation_run,1
2026-04-13 20:13:12,evaporation_run,0
2026-04-13 20:13:18,B0201_level_low,1.0008190695480899
2026-04-13 20:13:32,evaporation_run,1
2026-04-13 20:13:42,evaporation_run,0
2026-04-13 20:13:48,B0201_level_low,1.0086886564762665
2026-04-13 20:13:53,evaporation_run,1
2026-04-13 20:14:03,evaporation_run,0
2026-04-13 20:14:09,B0201_level_low,1.0086886564762665
2026-04-13 20:14:13,evaporation_run,1
2026-04-13 20:14:23,evaporation_run,0
2026-04-13 20:14:29,B0201_level_low,1.0008190695480899
2026-04-13 20:14:33,evaporation_run,1
2026-04-13 20:14:43,evaporation_run,0
2026-04-13 20:14:49,B0201_level_low,1.0008190695480899
2026-04-13 20:14:53,evaporation_run,1
2026-04-13 20:14:59,B0202_pH_high,3.502
2026-04-13 20:15:03,evaporation_run,0
2026-04-13 20:15:09,B0201_level_low,1.0008190695480899
2026-04-13 20:15:29,B0202_pH_high,3.514
2026-04-13 20:15:33,evaporation_run,1
2026-04-13 20:15:43,evaporation_run,0
2026-04-13 20:15:50,B0201_level_low,1.0086886564762665
2026-04-13 20:15:53,evaporation_run,1
2026-04-13 20:16:03,evaporation_run,0
2026-04-13 20:16:10,B0202_pH_high,3.511
2026-04-13 20:16:10,B0201_level_low,1.0086886564762665
2026-04-13 20:16:13,evaporation_run,1
2026-04-13 20:16:23,evaporation_run,0
2026-04-13 20:16:30,B0201_level_low,1.0008190695480899
2026-04-13 20:16:33,evaporation_run,1
2026-04-13 20:16:40,B0202_pH_high,3.514
2026-04-13 20:16:43,evaporation_run,0
2026-04-13 20:16:50,B0201_level_low,1.0086886564762665
2026-04-13 20:16:53,evaporation_run,1
2026-04-13 20:17:21,B0202_pH_high,3.513
2026-04-13 20:17:43,evaporation_run,0
2026-04-13 20:17:51,B0201_level_low,1.0086886564762665
2026-04-13 20:17:53,evaporation_run,1
2026-04-13 20:18:03,evaporation_run,0
2026-04-13 20:18:11,B0201_level_low,1.0086886564762665
2026-04-13 20:18:12,evaporation_run,1
2026-04-13 20:18:22,evaporation_run,0
2026-04-13 20:18:31,B0201_level_low,1.0086886564762665
2026-04-13 20:18:32,evaporation_run,1
2026-04-13 20:18:42,evaporation_run,0
2026-04-13 20:18:52,B0201_level_low,1.0086886564762665
2026-04-13 20:18:52,evaporation_run,1
2026-04-13 20:19:12,evaporation_run,0
2026-04-13 20:19:22,B0201_level_low,1.0008190695480899
2026-04-13 20:19:22,evaporation_run,1
2026-04-13 20:19:32,evaporation_run,0
2026-04-13 20:19:42,B0201_level_low,1.0008190695480899
2026-04-13 20:19:42,evaporation_run,1
2026-04-13 20:19:52,evaporation_run,0
2026-04-13 20:20:03,evaporation_run,1
2026-04-13 20:20:22,B0201_level_low,1.0086886564762665
2026-04-13 20:20:23,evaporation_run,0
2026-04-13 20:20:33,evaporation_run,1
2026-04-13 20:20:43,evaporation_run,0
2026-04-13 20:20:43,B0201_level_low,1.0008190695480899
2026-04-13 20:20:53,evaporation_run,1
2026-04-13 20:21:03,evaporation_run,0
2026-04-13 20:21:03,B0201_level_low,1.0008190695480899
2026-04-13 20:21:13,evaporation_run,1
2026-04-13 20:21:23,evaporation_run,0
2026-04-13 20:21:23,B0201_level_low,1.0086886564762665
2026-04-13 20:21:33,evaporation_run,1
2026-04-13 20:22:43,evaporation_run,0
2026-04-13 20:22:44,B0201_level_low,1.0008190695480899
2026-04-13 20:22:53,evaporation_run,1
2026-04-13 20:23:03,evaporation_run,0
2026-04-13 20:23:04,B0201_level_low,1.0086886564762665
2026-04-13 20:23:13,evaporation_run,1
2026-04-13 20:23:23,evaporation_run,0
2026-04-13 20:23:24,B0201_level_low,1.0086886564762665
2026-04-13 20:23:33,evaporation_run,1
2026-04-13 20:23:43,evaporation_run,0
2026-04-13 20:23:45,B0201_level_low,1.0008190695480899
2026-04-13 20:23:53,evaporation_run,1
2026-04-13 20:24:03,evaporation_run,0
2026-04-13 20:24:05,B0201_level_low,1.0086886564762665
2026-04-13 20:24:13,evaporation_run,1
2026-04-13 20:24:23,evaporation_run,0
2026-04-13 20:24:25,B0201_level_low,1.0008190695480899
2026-04-13 20:24:32,evaporation_run,1
2026-04-13 20:25:22,evaporation_run,0
2026-04-13 20:25:26,B0201_level_low,1.0086886564762665
2026-04-13 20:25:32,evaporation_run,1
2026-04-13 20:25:42,evaporation_run,0
2026-04-13 20:25:46,B0201_level_low,1.0008190695480899
2026-04-13 20:25:52,evaporation_run,1
2026-04-13 20:26:23,evaporation_run,0
2026-04-13 20:26:26,B0201_level_low,0.9929536438538573
2026-04-13 20:26:33,evaporation_run,1
2026-04-13 20:26:43,evaporation_run,0
2026-04-13 20:26:46,B0201_level_low,1.0008190695480899
2026-04-13 20:26:53,evaporation_run,1
2026-04-13 20:27:03,evaporation_run,0
2026-04-13 20:27:07,B0201_level_low,0.9929536438538573
2026-04-13 20:27:13,evaporation_run,1
2026-04-13 20:27:53,evaporation_run,0
2026-04-13 20:27:57,B0201_level_low,0.9929536438538573
2026-04-13 20:28:03,evaporation_run,1
2026-04-13 20:28:23,evaporation_run,0
2026-04-13 20:28:27,B0201_level_low,0.9929536438538573
2026-04-13 20:28:33,evaporation_run,1
2026-04-13 20:28:43,evaporation_run,0
2026-04-13 20:28:48,B0201_level_low,0.9929536438538573
2026-04-13 20:28:53,evaporation_run,1
2026-04-13 20:30:13,evaporation_run,0
2026-04-13 20:30:19,B0201_level_low,1.0008190695480899
2026-04-13 20:30:23,evaporation_run,1
2026-04-13 20:30:33,evaporation_run,0
2026-04-13 20:30:39,B0201_level_low,0.9929536438538573
2026-04-13 20:30:43,evaporation_run,1
2026-04-13 20:30:52,evaporation_run,0
2026-04-13 20:30:59,B0201_level_low,0.9929536438538573
2026-04-13 20:31:02,evaporation_run,1
2026-04-13 20:31:12,evaporation_run,0
2026-04-13 20:31:19,B0201_level_low,1.0008190695480899
2026-04-13 20:31:22,evaporation_run,1
2026-04-13 20:31:32,evaporation_run,0
2026-04-13 20:31:39,B0201_level_low,0.9929536438538573
2026-04-13 20:31:42,evaporation_run,1
2026-04-13 20:31:52,evaporation_run,0
2026-04-13 20:32:00,B0201_level_low,0.9929536438538573
2026-04-13 20:32:02,evaporation_run,1
2026-04-13 20:32:12,evaporation_run,0
2026-04-13 20:32:20,B0201_level_low,0.9929536438538573
2026-04-13 20:32:22,evaporation_run,1
2026-04-13 20:32:32,evaporation_run,0
2026-04-13 20:32:40,B0201_level_low,0.9929536438538573
2026-04-13 20:32:43,evaporation_run,1
2026-04-13 20:32:53,evaporation_run,0
2026-04-13 20:33:00,B0201_level_low,1.0008190695480899
2026-04-13 20:33:03,evaporation_run,1
2026-04-13 20:33:13,evaporation_run,0
2026-04-13 20:33:20,B0201_level_low,0.9929536438538573
2026-04-13 20:33:23,evaporation_run,1
2026-04-13 20:33:33,evaporation_run,0
2026-04-13 20:33:41,B0201_level_low,0.9929536438538573
2026-04-13 20:33:43,evaporation_run,1
2026-04-13 20:33:53,evaporation_run,0
2026-04-13 20:34:01,B0201_level_low,0.9929536438538573
2026-04-13 20:34:03,evaporation_run,1
2026-04-13 20:34:13,evaporation_run,0
2026-04-13 20:34:21,B0201_level_low,0.9929536438538573
2026-04-13 20:34:23,evaporation_run,1
2026-04-13 20:34:33,evaporation_run,0
2026-04-13 20:34:41,B0201_level_low,0.9929536438538573
2026-04-13 20:34:43,evaporation_run,1
2026-04-13 20:34:53,evaporation_run,0
2026-04-13 20:35:01,B0201_level_low,1.0008190695480899
2026-04-13 20:35:03,evaporation_run,1
2026-04-13 20:35:13,evaporation_run,0
2026-04-13 20:35:22,B0201_level_low,0.9929536438538573
2026-04-13 20:35:23,evaporation_run,1
2026-04-13 20:35:33,evaporation_run,0
2026-04-13 20:35:42,B0201_level_low,0.9929536438538573
2026-04-13 20:35:43,evaporation_run,1
2026-04-13 20:35:53,evaporation_run,0
2026-04-13 20:36:02,B0201_level_low,0.9929536438538573
2026-04-13 20:36:03,evaporation_run,1
2026-04-13 20:36:13,evaporation_run,0
2026-04-13 20:36:23,evaporation_run,1
2026-04-13 20:36:32,B0201_level_low,0.9850923793935689
2026-04-13 20:36:33,evaporation_run,0
2026-04-13 20:36:53,evaporation_run,1
2026-04-13 20:37:02,evaporation_run,0
2026-04-13 20:37:03,B0201_level_low,0.9929536438538573
2026-04-13 20:37:12,evaporation_run,1
2026-04-13 20:37:22,evaporation_run,0
2026-04-13 20:37:23,B0201_level_low,0.9929536438538573
2026-04-13 20:37:42,evaporation_run,1
2026-04-13 20:38:02,evaporation_run,0
2026-04-13 20:38:03,B0201_level_low,0.9850923793935689
2026-04-13 20:38:12,evaporation_run,1
2026-04-13 20:39:03,evaporation_run,0
2026-04-13 20:39:04,B0201_level_low,0.9929536438538573
2026-04-13 20:39:13,evaporation_run,1
2026-04-13 20:39:23,evaporation_run,0
2026-04-13 20:39:24,B0201_level_low,0.9850923793935689
2026-04-13 20:39:33,evaporation_run,1
2026-04-13 20:39:53,evaporation_run,0
2026-04-13 20:39:54,B0201_level_low,0.9929536438538573
2026-04-13 20:40:03,evaporation_run,1
2026-04-13 20:40:13,evaporation_run,0
2026-04-13 20:40:15,B0201_level_low,0.9850923793935689
2026-04-13 20:40:23,evaporation_run,1
2026-04-13 20:40:33,evaporation_run,0
2026-04-13 20:40:35,B0201_level_low,0.9929536438538573
2026-04-13 20:40:53,evaporation_run,1
2026-04-13 20:41:03,evaporation_run,0
2026-04-13 20:41:05,B0201_level_low,0.9929536438538573
2026-04-13 20:41:13,evaporation_run,1
2026-04-13 20:41:23,evaporation_run,0
2026-04-13 20:41:25,B0201_level_low,0.9929536438538573
2026-04-13 20:41:33,evaporation_run,1
2026-04-13 20:41:43,evaporation_run,0
2026-04-13 20:41:46,B0201_level_low,0.9929536438538573
2026-04-13 20:41:53,evaporation_run,1
2026-04-13 20:42:03,evaporation_run,0
2026-04-13 20:42:06,B0201_level_low,0.9850923793935689
2026-04-13 20:42:13,evaporation_run,1
2026-04-13 20:42:53,evaporation_run,0
2026-04-13 20:42:56,B0201_level_low,0.9929536438538573
2026-04-13 20:43:03,evaporation_run,1
2026-04-13 20:43:12,evaporation_run,0
2026-04-13 20:43:17,B0201_level_low,0.9850923793935689
2026-04-13 20:43:32,evaporation_run,1
2026-04-13 20:43:42,evaporation_run,0
2026-04-13 20:43:47,B0201_level_low,0.9929536438538573
2026-04-13 20:43:52,evaporation_run,1
2026-04-13 20:44:02,evaporation_run,0
2026-04-13 20:44:07,B0201_level_low,0.9929536438538573
2026-04-13 20:44:12,evaporation_run,1
2026-04-13 20:44:22,evaporation_run,0
2026-04-13 20:44:27,B0201_level_low,0.9929536438538573
2026-04-13 20:44:32,evaporation_run,1
2026-04-13 20:44:42,evaporation_run,0
2026-04-13 20:44:47,B0201_level_low,0.9929536438538573
2026-04-13 20:45:03,evaporation_run,1
2026-04-13 20:45:23,evaporation_run,0
2026-04-13 20:45:28,B0201_level_low,0.9850923793935689
2026-04-13 20:45:33,evaporation_run,1
2026-04-13 20:45:43,evaporation_run,0
2026-04-13 20:45:48,B0201_level_low,0.9929536438538573
2026-04-13 20:45:53,evaporation_run,1
2026-04-13 20:46:03,evaporation_run,0
2026-04-13 20:46:08,B0201_level_low,0.9929536438538573
2026-04-13 20:46:23,evaporation_run,1
2026-04-13 20:46:33,evaporation_run,0
2026-04-13 20:46:39,B0201_level_low,0.9850923793935689
2026-04-13 20:46:43,evaporation_run,1
2026-04-13 20:46:53,evaporation_run,0
2026-04-13 20:46:59,B0201_level_low,0.9850923793935689
2026-04-13 20:47:13,evaporation_run,1
2026-04-13 20:47:23,evaporation_run,0
2026-04-13 20:47:29,B0201_level_low,0.9850923793935689
2026-04-13 20:47:33,evaporation_run,1
2026-04-13 20:47:43,evaporation_run,0
2026-04-13 20:47:49,B0201_level_low,0.9929536438538573
2026-04-13 20:47:53,evaporation_run,1
2026-04-13 20:48:03,evaporation_run,0
2026-04-13 20:48:10,B0201_level_low,0.9850923793935689
2026-04-13 20:48:13,evaporation_run,1
2026-04-13 20:48:23,evaporation_run,0
2026-04-13 20:48:30,B0201_level_low,0.9772352761672254
2026-04-13 20:48:33,evaporation_run,1
2026-04-13 20:48:43,evaporation_run,0
2026-04-13 20:48:50,B0201_level_low,0.9850923793935689
2026-04-13 20:49:03,evaporation_run,1
2026-04-13 20:49:13,evaporation_run,0
2026-04-13 20:49:20,B0201_level_low,0.9772352761672254
2026-04-13 20:49:42,evaporation_run,1
2026-04-13 20:49:52,evaporation_run,0
2026-04-13 20:50:01,B0201_level_low,0.9772352761672254
2026-04-13 20:50:12,evaporation_run,1
2026-04-13 20:50:42,evaporation_run,0
2026-04-13 20:50:51,B0201_level_low,0.9772352761672254
2026-04-13 20:51:21,B0101_level_low,14.693333333333328
2026-04-13 20:51:33,evaporation_run,1
2026-04-13 20:51:43,evaporation_run,0
2026-04-13 20:51:52,B0201_level_low,0.9772352761672254
2026-04-13 20:51:53,evaporation_run,1
2026-04-13 20:52:03,evaporation_run,0
2026-04-13 20:52:12,B0201_level_low,0.9772352761672254
2026-04-13 20:52:43,evaporation_run,1
2026-04-13 20:52:52,B0101_level_low,14.693333333333328
2026-04-13 20:52:52,B0201_level_low,0.9772352761672254
2026-04-13 20:52:53,evaporation_run,0
2026-04-13 20:53:03,evaporation_run,1
2026-04-13 20:53:13,B0101_level_low,14.693333333333328
2026-04-13 20:53:13,B0201_level_low,0.9772352761672254
2026-04-13 20:53:13,evaporation_run,0
2026-04-13 20:53:53,evaporation_run,1
2026-04-13 20:54:03,evaporation_run,0
2026-04-13 20:54:03,B0201_level_low,0.9772352761672254
2026-04-13 20:54:13,B0101_level_low,14.693333333333328
2026-04-13 20:55:03,evaporation_run,1
2026-04-13 20:55:13,evaporation_run,0
2026-04-13 20:55:14,B0201_level_low,0.9693823341748278
2026-04-13 20:55:33,evaporation_run,1
2026-04-13 20:55:43,evaporation_run,0
2026-04-13 20:55:44,B0201_level_low,0.9772352761672254
2026-04-13 20:56:02,evaporation_run,1
2026-04-13 20:56:12,evaporation_run,0
2026-04-13 20:56:14,B0201_level_low,0.9929536438538573
2026-04-13 20:56:22,evaporation_run,1
2026-04-13 20:56:32,evaporation_run,0
2026-04-13 20:56:35,B0201_level_low,0.9772352761672254
2026-04-13 20:57:12,evaporation_run,1
2026-04-13 20:57:23,evaporation_run,0
2026-04-13 20:57:25,B0201_level_low,0.9772352761672254
2026-04-13 20:57:33,evaporation_run,1
2026-04-13 20:57:43,evaporation_run,0
2026-04-13 20:57:45,B0201_level_low,0.9772352761672254
2026-04-13 20:57:53,evaporation_run,1
2026-04-13 20:58:03,evaporation_run,0
2026-04-13 20:58:06,B0201_level_low,0.9772352761672254
2026-04-13 20:58:33,evaporation_run,1
2026-04-13 20:58:43,evaporation_run,0
2026-04-13 20:58:46,B0201_level_low,0.9772352761672254
2026-04-13 20:59:03,evaporation_run,1
2026-04-13 20:59:23,evaporation_run,0
2026-04-13 20:59:26,B0201_level_low,0.9772352761672254
2026-04-13 20:59:43,evaporation_run,1
2026-04-13 20:59:53,evaporation_run,0
2026-04-13 20:59:57,B0201_level_low,0.9772352761672254
2026-04-13 21:00:13,evaporation_run,1
2026-04-13 21:00:23,evaporation_run,0
2026-04-13 21:00:27,B0201_level_low,0.9772352761672254
2026-04-13 21:00:33,evaporation_run,1
2026-04-13 21:00:43,evaporation_run,0
2026-04-13 21:00:47,B0201_level_low,0.9850923793935689
2026-04-13 21:00:53,evaporation_run,1
2026-04-13 21:01:03,evaporation_run,0
2026-04-13 21:01:07,B0201_level_low,0.9772352761672254
2026-04-13 21:01:13,evaporation_run,1
2026-04-13 21:01:23,evaporation_run,0
2026-04-13 21:01:28,B0201_level_low,0.9772352761672254
2026-04-13 21:01:33,evaporation_run,1
2026-04-13 21:01:43,evaporation_run,0
2026-04-13 21:01:48,B0201_level_low,0.9850923793935689
2026-04-13 21:01:53,evaporation_run,1
2026-04-13 21:02:03,evaporation_run,0
2026-04-13 21:02:08,B0201_level_low,0.9850923793935689
2026-04-13 21:02:12,evaporation_run,1
2026-04-13 21:02:22,evaporation_run,0
2026-04-13 21:02:28,B0201_level_low,0.9693823341748278
2026-04-13 21:02:52,evaporation_run,1
2026-04-13 21:03:12,evaporation_run,0
2026-04-13 21:03:19,B0201_level_low,0.9929536438538573
2026-04-13 21:03:22,evaporation_run,1
2026-04-13 21:03:33,evaporation_run,0
2026-04-13 21:03:39,B0201_level_low,0.9850923793935689
2026-04-13 21:03:43,evaporation_run,1
2026-04-13 21:03:53,evaporation_run,0
2026-04-13 21:03:59,B0201_level_low,0.9772352761672254
2026-04-13 21:04:03,evaporation_run,1
2026-04-13 21:04:13,evaporation_run,0
2026-04-13 21:04:19,B0201_level_low,0.9693823341748278
2026-04-13 21:04:23,evaporation_run,1
2026-04-13 21:04:33,evaporation_run,0
2026-04-13 21:04:40,B0201_level_low,0.9850923793935689
2026-04-13 21:04:43,evaporation_run,1
2026-04-13 21:04:53,evaporation_run,0
2026-04-13 21:05:00,B0201_level_low,0.9850923793935689
2026-04-13 21:05:13,evaporation_run,1
2026-04-13 21:05:23,evaporation_run,0
2026-04-13 21:05:30,B0201_level_low,0.9772352761672254
2026-04-13 21:05:33,evaporation_run,1
2026-04-13 21:05:43,evaporation_run,0
2026-04-13 21:05:50,B0201_level_low,0.9772352761672254
2026-04-13 21:06:03,evaporation_run,1
2026-04-13 21:06:13,evaporation_run,0
2026-04-13 21:06:21,B0201_level_low,0.9772352761672254
2026-04-13 21:06:33,evaporation_run,1
2026-04-13 21:06:43,evaporation_run,0
2026-04-13 21:06:51,B0201_level_low,0.9850923793935689
2026-04-13 21:06:53,evaporation_run,1
2026-04-13 21:07:03,evaporation_run,0
2026-04-13 21:07:11,B0201_level_low,0.9693823341748278
2026-04-13 21:07:13,evaporation_run,1
2026-04-13 21:07:23,evaporation_run,0
2026-04-13 21:07:31,B0201_level_low,0.9693823341748278
2026-04-13 21:07:53,evaporation_run,1
2026-04-13 21:08:03,evaporation_run,0
2026-04-13 21:08:12,B0201_level_low,0.9772352761672254
2026-04-13 21:09:22,evaporation_run,1
2026-04-13 21:09:32,evaporation_run,0
2026-04-13 21:09:33,B0201_level_low,0.9772352761672254
2026-04-13 21:09:53,evaporation_run,1
2026-04-13 21:10:03,evaporation_run,0
2026-04-13 21:10:03,B0201_level_low,0.9772352761672254
2026-04-13 21:10:33,evaporation_run,1
2026-04-13 21:10:43,evaporation_run,0
2026-04-13 21:10:43,B0201_level_low,0.9772352761672254
2026-04-13 21:10:53,evaporation_run,1
2026-04-13 21:11:03,evaporation_run,0
2026-04-13 21:11:04,B0201_level_low,0.9772352761672254
2026-04-13 21:11:23,evaporation_run,1
2026-04-13 21:11:33,evaporation_run,0
2026-04-13 21:11:34,B0201_level_low,0.9772352761672254
2026-04-13 21:11:43,evaporation_run,1
2026-04-13 21:11:53,evaporation_run,0
2026-04-13 21:11:54,B0201_level_low,0.9772352761672254
2026-04-13 21:12:03,evaporation_run,1
2026-04-13 21:12:13,evaporation_run,0
2026-04-13 21:12:14,B0201_level_low,0.9772352761672254
2026-04-13 21:12:23,evaporation_run,1
2026-04-13 21:12:33,evaporation_run,0
2026-04-13 21:12:34,B0201_level_low,0.9772352761672254
2026-04-13 21:12:53,evaporation_run,1
2026-04-13 21:13:03,evaporation_run,0
2026-04-13 21:13:05,B0201_level_low,0.9772352761672254
2026-04-13 21:13:23,evaporation_run,1
2026-04-13 21:13:33,evaporation_run,0
2026-04-13 21:13:35,B0201_level_low,0.9772352761672254
2026-04-13 21:13:43,evaporation_run,1
2026-04-13 21:13:53,evaporation_run,0
2026-04-13 21:13:55,B0201_level_low,0.9772352761672254
2026-04-13 21:14:03,evaporation_run,1
2026-04-13 21:14:13,evaporation_run,0
2026-04-13 21:14:16,B0201_level_low,0.9693823341748278
2026-04-13 21:14:23,evaporation_run,1
2026-04-13 21:14:32,evaporation_run,0
2026-04-13 21:14:36,B0201_level_low,0.9850923793935689
2026-04-13 21:14:42,evaporation_run,1
2026-04-13 21:14:52,evaporation_run,0
2026-04-13 21:14:56,B0201_level_low,0.9693823341748278
2026-04-13 21:15:02,evaporation_run,1
2026-04-13 21:15:53,evaporation_run,0
2026-04-13 21:15:57,B0201_level_low,0.9850923793935689
2026-04-13 21:16:03,evaporation_run,1
2026-04-13 21:16:33,evaporation_run,0
2026-04-13 21:16:37,B0201_level_low,0.9850923793935689
2026-04-13 21:16:43,evaporation_run,1
2026-04-13 21:16:53,evaporation_run,0
2026-04-13 21:16:57,B0201_level_low,0.9850923793935689
2026-04-13 21:17:03,evaporation_run,1
2026-04-13 21:17:13,evaporation_run,0
2026-04-13 21:17:17,B0201_level_low,0.9850923793935689
2026-04-13 21:17:23,evaporation_run,1
2026-04-13 21:17:33,evaporation_run,0
2026-04-13 21:17:38,B0201_level_low,0.9772352761672254
2026-04-13 21:18:03,evaporation_run,1
2026-04-13 21:18:13,evaporation_run,0
2026-04-13 21:18:18,B0201_level_low,0.9772352761672254
2026-04-13 21:18:23,evaporation_run,1
2026-04-13 21:18:33,evaporation_run,0
2026-04-13 21:18:38,B0201_level_low,0.9772352761672254
2026-04-13 21:18:43,evaporation_run,1
2026-04-13 21:18:53,evaporation_run,0
2026-04-13 21:18:58,B0201_level_low,0.9772352761672254
2026-04-13 21:19:13,evaporation_run,1
2026-04-13 21:19:23,evaporation_run,0
2026-04-13 21:19:29,B0201_level_low,0.9693823341748278
2026-04-13 21:19:43,evaporation_run,1
2026-04-13 21:19:53,evaporation_run,0
2026-04-13 21:19:59,B0201_level_low,0.9772352761672254
2026-04-13 21:20:03,evaporation_run,1
2026-04-13 21:20:13,evaporation_run,0
2026-04-13 21:20:19,B0201_level_low,0.9772352761672254
2026-04-13 21:20:23,evaporation_run,1
2026-04-13 21:20:33,evaporation_run,0
2026-04-13 21:20:39,B0201_level_low,0.9772352761672254
2026-04-13 21:20:42,evaporation_run,1
2026-04-13 21:20:52,evaporation_run,0
2026-04-13 21:21:00,B0201_level_low,0.9850923793935689
2026-04-13 21:21:12,evaporation_run,1
2026-04-13 21:21:22,evaporation_run,0
2026-04-13 21:21:30,B0201_level_low,0.9772352761672254
2026-04-13 21:22:23,evaporation_run,1
2026-04-13 21:22:33,evaporation_run,0
2026-04-13 21:22:41,B0201_level_low,0.9772352761672254
2026-04-13 21:22:43,evaporation_run,1
2026-04-13 21:22:53,evaporation_run,0
2026-04-13 21:23:01,B0201_level_low,0.9772352761672254
2026-04-13 21:23:03,evaporation_run,1
2026-04-13 21:23:13,evaporation_run,0
2026-04-13 21:23:21,B0201_level_low,0.9772352761672254
2026-04-13 21:23:43,evaporation_run,1
2026-04-13 21:23:53,evaporation_run,0
2026-04-13 21:24:02,B0201_level_low,0.9772352761672254
2026-04-13 21:24:03,evaporation_run,1
2026-04-13 21:24:13,evaporation_run,0
2026-04-13 21:24:22,B0201_level_low,0.9772352761672254
2026-04-13 21:24:33,evaporation_run,1
2026-04-13 21:24:43,evaporation_run,0
2026-04-13 21:24:52,B0201_level_low,0.9772352761672254
2026-04-13 21:26:03,evaporation_run,1
2026-04-13 21:26:13,B0201_level_low,0.9772352761672254
2026-04-13 21:26:13,evaporation_run,0
2026-04-13 21:26:33,evaporation_run,1
2026-04-13 21:26:43,B0201_level_low,0.9772352761672254
2026-04-13 21:26:43,evaporation_run,0
2026-04-13 21:26:53,evaporation_run,1
2026-04-13 21:27:02,evaporation_run,0
2026-04-13 21:27:03,B0201_level_low,0.9772352761672254
2026-04-13 21:27:12,evaporation_run,1
2026-04-13 21:27:22,evaporation_run,0
2026-04-13 21:27:24,B0201_level_low,0.9772352761672254
2026-04-13 21:27:32,evaporation_run,1
2026-04-13 21:27:42,evaporation_run,0
2026-04-13 21:27:44,B0201_level_low,0.9693823341748278
2026-04-13 21:27:52,evaporation_run,1
2026-04-13 21:28:13,evaporation_run,0
2026-04-13 21:28:14,B0201_level_low,0.9693823341748278
2026-04-13 21:28:23,evaporation_run,1
2026-04-13 21:31:33,evaporation_run,0
2026-04-13 21:31:36,B0201_level_low,0.9929536438538573
2026-04-13 21:31:43,evaporation_run,1
2026-04-13 21:31:53,evaporation_run,0
2026-04-13 21:31:56,B0201_level_low,0.9850923793935689
2026-04-13 21:32:23,evaporation_run,1
2026-04-13 21:33:13,evaporation_run,0
2026-04-13 21:33:17,B0201_level_low,0.9929536438538573
2026-04-13 21:33:42,evaporation_run,1
2026-04-13 21:34:53,evaporation_run,0
2026-04-13 21:34:58,B0201_level_low,0.9850923793935689
2026-04-13 21:35:03,evaporation_run,1
2026-04-13 21:35:13,evaporation_run,0
2026-04-13 21:35:18,B0201_level_low,0.9772352761672254
2026-04-13 21:35:53,evaporation_run,1
2026-04-13 21:36:03,evaporation_run,0
2026-04-13 21:36:09,B0201_level_low,0.9693823341748278
2026-04-13 21:36:13,evaporation_run,1
2026-04-13 21:36:43,evaporation_run,0
2026-04-13 21:36:49,B0201_level_low,0.9850923793935689
2026-04-13 21:37:03,evaporation_run,1
2026-04-13 21:37:33,evaporation_run,0
2026-04-13 21:37:40,B0201_level_low,0.9772352761672254
2026-04-13 21:37:43,evaporation_run,1
2026-04-13 21:37:53,evaporation_run,0
2026-04-13 21:38:00,B0201_level_low,0.9772352761672254
2026-04-13 21:38:03,evaporation_run,1
2026-04-13 21:39:43,evaporation_run,0
2026-04-13 21:39:51,B0201_level_low,0.9850923793935689
2026-04-13 21:39:53,evaporation_run,1
2026-04-13 21:40:12,evaporation_run,0
2026-04-13 21:40:22,B0201_level_low,0.9693823341748278
2026-04-13 21:40:22,evaporation_run,1
2026-04-13 21:40:32,evaporation_run,0
2026-04-13 21:40:42,B0201_level_low,0.9850923793935689
2026-04-13 21:40:42,evaporation_run,1
2026-04-13 21:41:23,evaporation_run,0
2026-04-13 21:41:32,B0201_level_low,0.9850923793935689
2026-04-13 21:41:33,evaporation_run,1
2026-04-13 21:41:52,B0201_level_low,0.9772352761672254
2026-04-13 21:41:53,evaporation_run,0
2026-04-13 21:42:03,evaporation_run,1
2026-04-13 21:42:13,B0201_level_low,0.9693823341748278
2026-04-13 21:42:13,evaporation_run,0
2026-04-13 21:42:23,evaporation_run,1
2026-04-13 21:42:43,evaporation_run,0
2026-04-13 21:42:43,B0201_level_low,0.9615335534163734
2026-04-13 21:42:53,evaporation_run,1
2026-04-13 21:43:03,evaporation_run,0
2026-04-13 21:43:03,B0201_level_low,0.9693823341748278
2026-04-13 21:43:13,evaporation_run,1
2026-04-13 21:43:23,evaporation_run,0
2026-04-13 21:43:23,B0201_level_low,0.9693823341748278
2026-04-13 21:43:33,evaporation_run,1
2026-04-13 21:43:43,evaporation_run,0
2026-04-13 21:43:44,B0201_level_low,0.9693823341748278
2026-04-13 21:43:53,evaporation_run,1
2026-04-13 21:44:23,evaporation_run,0
2026-04-13 21:44:24,B0201_level_low,0.9772352761672254
2026-04-13 21:44:33,evaporation_run,1
2026-04-13 21:44:53,evaporation_run,0
2026-04-13 21:44:54,B0201_level_low,0.9772352761672254
2026-04-13 21:45:03,evaporation_run,1
2026-04-13 21:45:13,evaporation_run,0
2026-04-13 21:45:15,B0201_level_low,0.9772352761672254
2026-04-13 21:45:23,evaporation_run,1
2026-04-13 21:45:33,evaporation_run,0
2026-04-13 21:45:35,B0201_level_low,0.9772352761672254
2026-04-13 21:45:43,evaporation_run,1
2026-04-13 21:45:53,evaporation_run,0
2026-04-13 21:45:55,B0201_level_low,0.9772352761672254
2026-04-13 21:46:13,evaporation_run,1
2026-04-13 21:46:42,evaporation_run,0
2026-04-13 21:46:45,B0201_level_low,0.9772352761672254
2026-04-13 21:46:52,evaporation_run,1
2026-04-13 21:47:33,evaporation_run,0
2026-04-13 21:47:36,B0201_level_low,0.9615335534163734
2026-04-13 21:48:13,evaporation_run,1
2026-04-13 21:49:13,evaporation_run,0
2026-04-13 21:49:17,B0201_level_low,0.9772352761672254
2026-04-13 21:49:33,evaporation_run,1
2026-04-13 21:49:53,evaporation_run,0
2026-04-13 21:49:57,B0201_level_low,0.9772352761672254
2026-04-13 21:50:03,evaporation_run,1
2026-04-13 21:50:23,evaporation_run,0
2026-04-13 21:50:28,B0201_level_low,0.9772352761672254
2026-04-13 21:50:33,evaporation_run,1
2026-04-13 21:50:43,evaporation_run,0
2026-04-13 21:50:48,B0201_level_low,0.9850923793935689
2026-04-13 21:50:53,evaporation_run,1
2026-04-13 21:51:49,B0101_level_low,14.693333333333328
2026-04-13 21:52:03,evaporation_run,0
2026-04-13 21:52:09,B0101_level_low,14.586666666666662
2026-04-13 21:52:09,B0201_level_low,0.9772352761672254
2026-04-13 21:52:13,evaporation_run,1
2026-04-13 21:52:33,evaporation_run,0
2026-04-13 21:52:39,B0201_level_low,0.9693823341748278
2026-04-13 21:52:59,B0101_level_low,14.693333333333328
2026-04-13 21:53:02,evaporation_run,1
2026-04-13 21:53:12,evaporation_run,0
2026-04-13 21:53:19,B0201_level_low,0.9615335534163734
2026-04-13 21:53:32,evaporation_run,1
2026-04-13 21:53:50,B0101_level_low,14.693333333333328
2026-04-13 21:54:03,evaporation_run,0
2026-04-13 21:54:10,B0201_level_low,0.9772352761672254
2026-04-13 21:54:13,evaporation_run,1
2026-04-13 21:54:23,evaporation_run,0
2026-04-13 21:54:30,B0201_level_low,0.9615335534163734
2026-04-13 21:54:33,evaporation_run,1
2026-04-13 21:55:03,evaporation_run,0
2026-04-13 21:55:11,B0201_level_low,0.9772352761672254
2026-04-13 21:55:13,evaporation_run,1
2026-04-13 21:55:23,evaporation_run,0
2026-04-13 21:55:31,B0201_level_low,0.9772352761672254
2026-04-13 21:55:33,evaporation_run,1
2026-04-13 21:55:41,B0101_level_low,14.586666666666662
2026-04-13 21:56:01,B0101_level_low,14.693333333333328
2026-04-13 21:56:23,evaporation_run,0
2026-04-13 21:56:31,B0101_level_low,14.693333333333328
2026-04-13 21:56:31,B0201_level_low,0.953688933891863
2026-04-13 21:56:33,evaporation_run,1
2026-04-13 21:56:52,B0101_level_low,14.693333333333328
2026-04-13 21:57:13,evaporation_run,0
2026-04-13 21:57:22,B0201_level_low,0.9615335534163734
2026-04-13 21:57:23,evaporation_run,1
2026-04-13 21:57:33,evaporation_run,0
2026-04-13 21:57:42,B0201_level_low,0.9772352761672254
2026-04-13 21:57:43,evaporation_run,1
2026-04-13 21:58:03,evaporation_run,0
2026-04-13 21:58:13,evaporation_run,1
2026-04-13 21:58:23,B0201_level_low,0.953688933891863
2026-04-13 21:58:23,evaporation_run,0
2026-04-13 21:58:33,evaporation_run,1
2026-04-13 21:58:43,B0201_level_low,0.953688933891863
2026-04-13 21:58:43,evaporation_run,0
2026-04-13 21:58:53,evaporation_run,1
2026-04-13 21:59:03,B0201_level_low,0.9772352761672254
2026-04-13 21:59:03,evaporation_run,0
2026-04-13 21:59:13,evaporation_run,1
2026-04-13 21:59:22,evaporation_run,0
2026-04-13 21:59:23,B0201_level_low,0.9693823341748278
2026-04-13 21:59:32,evaporation_run,1
2026-04-13 21:59:42,evaporation_run,0
2026-04-13 21:59:43,B0201_level_low,0.9772352761672254
2026-04-13 21:59:52,evaporation_run,1
2026-04-13 22:00:03,evaporation_run,0
2026-04-13 22:00:04,B0201_level_low,0.9693823341748278
2026-04-13 22:00:13,evaporation_run,1
2026-04-13 22:00:23,evaporation_run,0
2026-04-13 22:00:24,B0201_level_low,0.9615335534163734
2026-04-13 22:00:33,evaporation_run,1
2026-04-13 22:00:53,evaporation_run,0
2026-04-13 22:00:54,B0201_level_low,0.9772352761672254
2026-04-13 22:01:03,evaporation_run,1
2026-04-13 22:01:13,evaporation_run,0
2026-04-13 22:01:14,B0201_level_low,0.9693823341748278
2026-04-13 22:01:23,evaporation_run,1
2026-04-13 22:01:33,evaporation_run,0
2026-04-13 22:01:35,B0201_level_low,0.953688933891863
2026-04-13 22:01:43,evaporation_run,1
2026-04-13 22:01:53,evaporation_run,0
2026-04-13 22:01:55,B0201_level_low,0.9615335534163734
2026-04-13 22:02:03,evaporation_run,1
2026-04-13 22:02:13,evaporation_run,0
2026-04-13 22:02:15,B0201_level_low,0.9693823341748278
2026-04-13 22:02:23,evaporation_run,1
2026-04-13 22:02:33,evaporation_run,0
2026-04-13 22:02:35,B0201_level_low,0.953688933891863
2026-04-13 22:02:43,evaporation_run,1
2026-04-13 22:03:03,evaporation_run,0
2026-04-13 22:03:05,B0201_level_low,0.9693823341748278
2026-04-13 22:03:13,evaporation_run,1
2026-04-13 22:03:33,evaporation_run,0
2026-04-13 22:03:36,B0201_level_low,0.953688933891863
2026-04-13 22:03:43,evaporation_run,1
2026-04-13 22:04:23,evaporation_run,0
2026-04-13 22:04:26,B0201_level_low,0.9693823341748278
2026-04-13 22:04:33,evaporation_run,1
2026-04-13 22:04:43,evaporation_run,0
2026-04-13 22:04:47,B0201_level_low,0.9693823341748278
2026-04-13 22:04:53,evaporation_run,1
2026-04-13 22:05:23,evaporation_run,0
2026-04-13 22:05:27,B0201_level_low,0.9693823341748278
2026-04-13 22:05:32,evaporation_run,1
2026-04-13 22:05:42,evaporation_run,0
2026-04-13 22:05:47,B0201_level_low,0.9615335534163734
2026-04-13 22:05:52,evaporation_run,1
2026-04-13 22:06:02,evaporation_run,0
2026-04-13 22:06:07,B0201_level_low,0.953688933891863
2026-04-13 22:06:13,evaporation_run,1
2026-04-13 22:06:23,evaporation_run,0
2026-04-13 22:06:28,B0201_level_low,0.9615335534163734
2026-04-13 22:06:33,evaporation_run,1
2026-04-13 22:06:43,evaporation_run,0
2026-04-13 22:06:48,B0201_level_low,0.9693823341748278
2026-04-13 22:06:53,evaporation_run,1
2026-04-13 22:07:03,evaporation_run,0
2026-04-13 22:07:08,B0201_level_low,0.9615335534163734
2026-04-13 22:07:13,evaporation_run,1
2026-04-13 22:07:33,evaporation_run,0
2026-04-13 22:07:38,B0201_level_low,0.9772352761672254
2026-04-13 22:07:43,evaporation_run,1
2026-04-13 22:07:53,evaporation_run,0
2026-04-13 22:07:58,B0201_level_low,0.9615335534163734
2026-04-13 22:08:03,evaporation_run,1
2026-04-13 22:08:13,evaporation_run,0
2026-04-13 22:08:19,B0201_level_low,0.9615335534163734
2026-04-13 22:08:23,evaporation_run,1
2026-04-13 22:08:43,evaporation_run,0
2026-04-13 22:08:49,B0201_level_low,0.953688933891863
2026-04-13 22:08:53,evaporation_run,1
2026-04-13 22:09:03,evaporation_run,0
2026-04-13 22:09:09,B0201_level_low,0.953688933891863
2026-04-13 22:09:13,evaporation_run,1
2026-04-13 22:09:23,evaporation_run,0
2026-04-13 22:09:29,B0201_level_low,0.953688933891863
2026-04-13 22:09:33,evaporation_run,1
2026-04-13 22:09:43,evaporation_run,0
2026-04-13 22:09:50,B0201_level_low,0.9615335534163734
2026-04-13 22:09:53,evaporation_run,1
2026-04-13 22:10:03,evaporation_run,0
2026-04-13 22:10:10,B0201_level_low,0.9615335534163734
2026-04-13 22:10:13,evaporation_run,1
2026-04-13 22:10:33,evaporation_run,0
2026-04-13 22:10:40,B0201_level_low,0.9693823341748278
2026-04-13 22:10:43,evaporation_run,1
2026-04-13 22:10:53,evaporation_run,0
2026-04-13 22:11:00,B0201_level_low,0.9615335534163734
2026-04-13 22:11:03,evaporation_run,1
2026-04-13 22:11:13,evaporation_run,0
2026-04-13 22:11:21,B0201_level_low,0.9693823341748278
2026-04-13 22:11:23,evaporation_run,1
2026-04-13 22:11:33,evaporation_run,0
2026-04-13 22:11:41,B0201_level_low,0.9615335534163734
2026-04-13 22:11:43,evaporation_run,1
2026-04-13 22:11:52,evaporation_run,0
2026-04-13 22:12:01,B0201_level_low,0.9772352761672254
2026-04-13 22:12:02,evaporation_run,1
2026-04-13 22:12:13,evaporation_run,0
2026-04-13 22:12:21,B0201_level_low,0.9615335534163734
2026-04-13 22:12:23,evaporation_run,1
2026-04-13 22:12:33,evaporation_run,0
2026-04-13 22:12:41,B0201_level_low,0.9693823341748278
2026-04-13 22:12:43,evaporation_run,1
2026-04-13 22:12:53,evaporation_run,0
2026-04-13 22:13:02,B0201_level_low,0.953688933891863
2026-04-13 22:13:03,evaporation_run,1
2026-04-13 22:13:13,evaporation_run,0
2026-04-13 22:13:22,B0201_level_low,0.953688933891863
2026-04-13 22:13:23,evaporation_run,1
2026-04-13 22:13:33,evaporation_run,0
2026-04-13 22:13:42,B0201_level_low,0.9615335534163734
2026-04-13 22:13:43,evaporation_run,1
2026-04-13 22:13:53,evaporation_run,0
2026-04-13 22:14:02,B0201_level_low,0.953688933891863
2026-04-13 22:14:03,evaporation_run,1
2026-04-13 22:14:13,evaporation_run,0
2026-04-13 22:14:22,B0201_level_low,0.953688933891863
2026-04-13 22:14:23,evaporation_run,1
2026-04-13 22:14:33,evaporation_run,0
2026-04-13 22:14:43,evaporation_run,1
2026-04-13 22:15:13,B0201_level_low,0.9772352761672254
2026-04-13 22:15:13,evaporation_run,0
2026-04-13 22:15:23,evaporation_run,1
2026-04-13 22:15:43,evaporation_run,0
2026-04-13 22:15:43,B0201_level_low,0.9693823341748278
2026-04-13 22:15:53,evaporation_run,1
2026-04-13 22:16:03,evaporation_run,0
2026-04-13 22:16:03,B0201_level_low,0.953688933891863
2026-04-13 22:16:13,evaporation_run,1
2026-04-13 22:16:23,evaporation_run,0
2026-04-13 22:16:24,B0201_level_low,0.9615335534163734
2026-04-13 22:16:33,evaporation_run,1
2026-04-13 22:16:43,evaporation_run,0
2026-04-13 22:16:44,B0201_level_low,0.9615335534163734
2026-04-13 22:16:53,evaporation_run,1
2026-04-13 22:17:03,evaporation_run,0
2026-04-13 22:17:04,B0201_level_low,0.9772352761672254
2026-04-13 22:17:13,evaporation_run,1
2026-04-13 22:17:23,evaporation_run,0
2026-04-13 22:17:24,B0201_level_low,0.953688933891863
2026-04-13 22:17:33,evaporation_run,1
2026-04-13 22:17:43,evaporation_run,0
2026-04-13 22:17:44,B0201_level_low,0.953688933891863
2026-04-13 22:17:52,evaporation_run,1
2026-04-13 22:18:02,evaporation_run,0
2026-04-13 22:18:05,B0201_level_low,0.9693823341748278
2026-04-13 22:18:12,evaporation_run,1
2026-04-13 22:18:23,evaporation_run,0
2026-04-13 22:18:25,B0201_level_low,0.953688933891863
2026-04-13 22:18:33,evaporation_run,1
2026-04-13 22:18:43,evaporation_run,0
2026-04-13 22:18:45,B0201_level_low,0.953688933891863
2026-04-13 22:18:53,evaporation_run,1
2026-04-13 22:19:03,evaporation_run,0
2026-04-13 22:19:05,B0201_level_low,0.953688933891863
2026-04-13 22:19:13,evaporation_run,1
2026-04-13 22:19:23,evaporation_run,0
2026-04-13 22:19:26,B0201_level_low,0.953688933891863
2026-04-13 22:19:33,evaporation_run,1
2026-04-13 22:19:43,evaporation_run,0
2026-04-13 22:19:46,B0201_level_low,0.953688933891863
2026-04-13 22:19:53,evaporation_run,1
2026-04-13 22:20:03,evaporation_run,0
2026-04-13 22:20:06,B0201_level_low,0.953688933891863
2026-04-13 22:20:13,evaporation_run,1
2026-04-13 22:20:23,evaporation_run,0
2026-04-13 22:20:26,B0201_level_low,0.9693823341748278
2026-04-13 22:20:33,evaporation_run,1
2026-04-13 22:20:43,evaporation_run,0
2026-04-13 22:20:46,B0201_level_low,0.953688933891863
2026-04-13 22:20:53,evaporation_run,1
2026-04-13 22:21:03,evaporation_run,0
2026-04-13 22:21:07,B0201_level_low,0.9693823341748278
2026-04-13 22:21:13,evaporation_run,1
2026-04-13 22:21:23,evaporation_run,0
2026-04-13 22:21:27,B0201_level_low,0.9693823341748278
2026-04-13 22:21:33,evaporation_run,1
2026-04-13 22:21:43,evaporation_run,0
2026-04-13 22:21:47,B0201_level_low,0.953688933891863
2026-04-13 22:21:53,evaporation_run,1
2026-04-13 22:22:03,evaporation_run,0
2026-04-13 22:22:07,B0201_level_low,0.9615335534163734
2026-04-13 22:22:13,evaporation_run,1
2026-04-13 22:22:23,evaporation_run,0
2026-04-13 22:22:27,B0201_level_low,0.9772352761672254
2026-04-13 22:22:33,evaporation_run,1
2026-04-13 22:22:43,evaporation_run,0
2026-04-13 22:22:48,B0201_level_low,0.9615335534163734
2026-04-13 22:22:53,evaporation_run,1
2026-04-13 22:23:03,evaporation_run,0
2026-04-13 22:23:08,B0201_level_low,0.953688933891863
2026-04-13 22:23:13,evaporation_run,1
2026-04-13 22:23:23,evaporation_run,0
2026-04-13 22:23:28,B0201_level_low,0.9615335534163734
2026-04-13 22:23:33,evaporation_run,1
2026-04-13 22:23:43,evaporation_run,0
2026-04-13 22:23:48,B0201_level_low,0.9615335534163734
2026-04-13 22:23:53,evaporation_run,1
2026-04-13 22:24:02,evaporation_run,0
2026-04-13 22:24:08,B0201_level_low,0.9693823341748278
2026-04-13 22:24:12,evaporation_run,1
2026-04-13 22:24:23,evaporation_run,0
2026-04-13 22:24:29,B0201_level_low,0.9615335534163734
2026-04-13 22:24:33,evaporation_run,1
2026-04-13 22:24:43,evaporation_run,0
2026-04-13 22:24:49,B0201_level_low,0.9693823341748278
2026-04-13 22:24:53,evaporation_run,1
2026-04-13 22:25:03,evaporation_run,0
2026-04-13 22:25:09,B0201_level_low,0.9615335534163734
2026-04-13 22:25:13,evaporation_run,1
2026-04-13 22:25:23,evaporation_run,0
2026-04-13 22:25:29,B0201_level_low,0.9772352761672254
2026-04-13 22:25:33,evaporation_run,1
2026-04-13 22:25:43,evaporation_run,0
2026-04-13 22:25:49,B0201_level_low,0.9693823341748278
2026-04-13 22:25:53,evaporation_run,1
2026-04-13 22:26:03,evaporation_run,0
2026-04-13 22:26:10,B0201_level_low,0.9615335534163734
2026-04-13 22:26:13,evaporation_run,1
2026-04-13 22:26:23,evaporation_run,0
2026-04-13 22:26:30,B0201_level_low,0.9693823341748278
2026-04-13 22:26:53,evaporation_run,1
2026-04-13 22:27:03,evaporation_run,0
2026-04-13 22:27:10,B0201_level_low,0.9693823341748278
2026-04-13 22:27:23,evaporation_run,1
2026-04-13 22:27:33,evaporation_run,0
2026-04-13 22:27:41,B0201_level_low,0.9615335534163734
2026-04-13 22:27:43,evaporation_run,1
2026-04-13 22:27:53,evaporation_run,0
2026-04-13 22:28:01,B0201_level_low,0.9772352761672254
2026-04-13 22:28:03,evaporation_run,1
2026-04-13 22:28:13,evaporation_run,0
2026-04-13 22:28:21,B0201_level_low,0.9615335534163734
2026-04-13 22:28:23,evaporation_run,1
2026-04-13 22:28:43,evaporation_run,0
2026-04-13 22:28:51,B0201_level_low,0.953688933891863
2026-04-13 22:28:53,evaporation_run,1
2026-04-13 22:29:03,evaporation_run,0
2026-04-13 22:29:12,B0201_level_low,0.9772352761672254
2026-04-13 22:29:13,evaporation_run,1
2026-04-13 22:29:23,evaporation_run,0
2026-04-13 22:29:32,B0201_level_low,0.9615335534163734
2026-04-13 22:29:33,evaporation_run,1
2026-04-13 22:29:43,evaporation_run,0
2026-04-13 22:29:52,B0201_level_low,0.9615335534163734
2026-04-13 22:29:53,evaporation_run,1
2026-04-13 22:30:03,evaporation_run,0
2026-04-13 22:30:12,B0201_level_low,0.9615335534163734
2026-04-13 22:30:12,evaporation_run,1
2026-04-13 22:30:33,evaporation_run,0
2026-04-13 22:30:43,evaporation_run,1
2026-04-13 22:30:53,B0201_level_low,0.9615335534163734
2026-04-13 22:30:53,evaporation_run,0
2026-04-13 22:31:03,evaporation_run,1
2026-04-13 22:31:13,evaporation_run,0
2026-04-13 22:31:13,B0201_level_low,0.9693823341748278
2026-04-13 22:31:23,evaporation_run,1
2026-04-13 22:31:33,evaporation_run,0
2026-04-13 22:31:33,B0201_level_low,0.9772352761672254
2026-04-13 22:31:43,evaporation_run,1
2026-04-13 22:31:53,evaporation_run,0
2026-04-13 22:31:53,B0201_level_low,0.9693823341748278
2026-04-13 22:32:03,evaporation_run,1
2026-04-13 22:32:13,evaporation_run,0
2026-04-13 22:32:13,B0201_level_low,0.9615335534163734
2026-04-13 22:32:23,evaporation_run,1
2026-04-13 22:32:33,evaporation_run,0
2026-04-13 22:32:34,B0201_level_low,0.9615335534163734
2026-04-13 22:32:43,evaporation_run,1
2026-04-13 22:32:53,evaporation_run,0
2026-04-13 22:32:54,B0201_level_low,0.9693823341748278
2026-04-13 22:33:03,evaporation_run,1
2026-04-13 22:33:13,evaporation_run,0
2026-04-13 22:33:14,B0201_level_low,0.9615335534163734
2026-04-13 22:33:23,evaporation_run,1
2026-04-13 22:33:33,evaporation_run,0
2026-04-13 22:33:34,B0201_level_low,0.9772352761672254
2026-04-13 22:33:43,evaporation_run,1
2026-04-13 22:33:53,evaporation_run,0
2026-04-13 22:33:54,B0201_level_low,0.9615335534163734
2026-04-13 22:34:03,evaporation_run,1
2026-04-13 22:34:13,evaporation_run,0
2026-04-13 22:34:15,B0201_level_low,0.9693823341748278
2026-04-13 22:34:23,evaporation_run,1
2026-04-13 22:34:33,evaporation_run,0
2026-04-13 22:34:35,B0201_level_low,0.9693823341748278
2026-04-13 22:34:43,evaporation_run,1
2026-04-13 22:34:53,evaporation_run,0
2026-04-13 22:34:55,B0201_level_low,0.9693823341748278
2026-04-13 22:35:03,evaporation_run,1
2026-04-13 22:35:13,evaporation_run,0
2026-04-13 22:35:15,B0201_level_low,0.9693823341748278
2026-04-13 22:35:23,evaporation_run,1
2026-04-13 22:35:33,evaporation_run,0
2026-04-13 22:35:35,B0201_level_low,0.9772352761672254
2026-04-13 22:35:43,evaporation_run,1
2026-04-13 22:35:53,evaporation_run,0
2026-04-13 22:35:56,B0201_level_low,0.9693823341748278
2026-04-13 22:36:03,evaporation_run,1
2026-04-13 22:36:13,evaporation_run,0
2026-04-13 22:36:16,B0201_level_low,0.9772352761672254
2026-04-13 22:36:22,evaporation_run,1
2026-04-13 22:36:32,evaporation_run,0
2026-04-13 22:36:36,B0201_level_low,0.9615335534163734
2026-04-13 22:36:43,evaporation_run,1
2026-04-13 22:36:53,evaporation_run,0
2026-04-13 22:36:56,B0201_level_low,0.9693823341748278
2026-04-13 22:37:03,evaporation_run,1
2026-04-13 22:37:13,evaporation_run,0
2026-04-13 22:37:16,B0201_level_low,0.953688933891863
2026-04-13 22:37:23,evaporation_run,1
2026-04-13 22:37:33,evaporation_run,0
2026-04-13 22:37:37,B0201_level_low,0.9615335534163734
2026-04-13 22:37:43,evaporation_run,1
2026-04-13 22:37:53,evaporation_run,0
2026-04-13 22:37:57,B0201_level_low,0.9615335534163734
2026-04-13 22:38:03,evaporation_run,1
2026-04-13 22:38:13,evaporation_run,0
2026-04-13 22:38:17,B0201_level_low,0.9772352761672254
2026-04-13 22:38:23,evaporation_run,1
2026-04-13 22:38:33,evaporation_run,0
2026-04-13 22:38:37,B0201_level_low,0.9615335534163734
2026-04-13 22:38:43,evaporation_run,1
2026-04-13 22:38:53,evaporation_run,0
2026-04-13 22:38:58,B0201_level_low,0.9615335534163734
2026-04-13 22:39:03,evaporation_run,1
2026-04-13 22:39:13,evaporation_run,0
2026-04-13 22:39:18,B0201_level_low,0.9772352761672254
2026-04-13 22:39:23,evaporation_run,1
2026-04-13 22:39:33,evaporation_run,0
2026-04-13 22:39:38,B0201_level_low,0.953688933891863
2026-04-13 22:39:43,evaporation_run,1
2026-04-13 22:39:53,evaporation_run,0
2026-04-13 22:39:58,B0201_level_low,0.9693823341748278
2026-04-13 22:40:03,evaporation_run,1
2026-04-13 22:40:13,evaporation_run,0
2026-04-13 22:40:18,B0201_level_low,0.9772352761672254
2026-04-13 22:40:23,evaporation_run,1
2026-04-13 22:40:33,evaporation_run,0
2026-04-13 22:40:39,B0201_level_low,0.9772352761672254
2026-04-13 22:40:53,evaporation_run,1
2026-04-13 22:41:03,evaporation_run,0
2026-04-13 22:41:09,B0201_level_low,0.9615335534163734
2026-04-13 22:41:13,evaporation_run,1
2026-04-13 22:41:23,evaporation_run,0
2026-04-13 22:41:29,B0201_level_low,0.9693823341748278
2026-04-13 22:41:33,evaporation_run,1
2026-04-13 22:41:43,evaporation_run,0
2026-04-13 22:41:49,B0201_level_low,0.9615335534163734
2026-04-13 22:41:53,evaporation_run,1
2026-04-13 22:42:03,evaporation_run,0
2026-04-13 22:42:09,B0201_level_low,0.953688933891863
2026-04-13 22:42:13,evaporation_run,1
2026-04-13 22:42:22,evaporation_run,0
2026-04-13 22:42:30,B0201_level_low,0.9615335534163734
2026-04-13 22:42:32,evaporation_run,1
2026-04-13 22:42:43,evaporation_run,0
2026-04-13 22:42:50,B0201_level_low,0.9615335534163734
2026-04-13 22:42:53,evaporation_run,1
2026-04-13 22:43:03,evaporation_run,0
2026-04-13 22:43:10,B0201_level_low,0.9615335534163734
2026-04-13 22:43:13,evaporation_run,1
2026-04-13 22:43:23,evaporation_run,0
2026-04-13 22:43:30,B0201_level_low,0.9772352761672254
2026-04-13 22:43:33,evaporation_run,1
2026-04-13 22:43:43,evaporation_run,0
2026-04-13 22:43:51,B0201_level_low,0.9693823341748278
2026-04-13 22:43:53,evaporation_run,1
2026-04-13 22:44:03,evaporation_run,0
2026-04-13 22:44:11,B0201_level_low,0.9615335534163734
2026-04-13 22:44:13,evaporation_run,1
2026-04-13 22:44:23,evaporation_run,0
2026-04-13 22:44:31,B0201_level_low,0.9772352761672254
2026-04-13 22:44:33,evaporation_run,1
2026-04-13 22:44:43,evaporation_run,0
2026-04-13 22:44:51,B0201_level_low,0.9693823341748278
2026-04-13 22:44:53,evaporation_run,1
2026-04-13 22:45:03,evaporation_run,0
2026-04-13 22:45:11,B0201_level_low,0.9693823341748278
2026-04-13 22:45:13,evaporation_run,1
2026-04-13 22:45:23,evaporation_run,0
2026-04-13 22:45:32,B0201_level_low,0.9693823341748278
2026-04-13 22:45:33,evaporation_run,1
2026-04-13 22:45:43,evaporation_run,0
2026-04-13 22:45:52,B0201_level_low,0.9693823341748278
2026-04-13 22:45:53,evaporation_run,1
2026-04-13 22:46:03,evaporation_run,0
2026-04-13 22:46:12,B0201_level_low,0.9693823341748278
2026-04-13 22:46:13,evaporation_run,1
2026-04-13 22:46:23,evaporation_run,0
2026-04-13 22:46:32,B0201_level_low,0.9615335534163734
2026-04-13 22:46:33,evaporation_run,1
2026-04-13 22:46:43,evaporation_run,0
2026-04-13 22:46:52,B0201_level_low,0.9772352761672254
2026-04-13 22:47:03,evaporation_run,1
2026-04-13 22:47:13,evaporation_run,0
2026-04-13 22:47:33,evaporation_run,1
2026-04-13 22:47:43,B0201_level_low,0.953688933891863
2026-04-13 22:47:43,evaporation_run,0
2026-04-13 22:48:23,evaporation_run,1
2026-04-13 22:48:33,B0201_level_low,0.9615335534163734
2026-04-13 22:48:33,evaporation_run,0
2026-04-13 22:48:42,evaporation_run,1
2026-04-13 22:48:53,evaporation_run,0
2026-04-13 22:48:54,B0201_level_low,0.953688933891863
2026-04-13 22:49:03,evaporation_run,1
2026-04-13 22:49:13,evaporation_run,0
2026-04-13 22:49:14,B0201_level_low,0.9615335534163734
2026-04-13 22:49:23,evaporation_run,1
2026-04-13 22:49:33,evaporation_run,0
2026-04-13 22:49:34,B0201_level_low,0.9693823341748278
2026-04-13 22:49:43,evaporation_run,1
2026-04-13 22:49:53,evaporation_run,0
2026-04-13 22:49:54,B0201_level_low,0.9693823341748278
2026-04-13 22:50:03,evaporation_run,1
2026-04-13 22:50:13,evaporation_run,0
2026-04-13 22:50:14,B0201_level_low,0.9615335534163734
2026-04-13 22:50:23,evaporation_run,1
2026-04-13 22:50:33,evaporation_run,0
2026-04-13 22:50:35,B0201_level_low,0.9693823341748278
2026-04-13 22:50:43,evaporation_run,1
2026-04-13 22:50:53,evaporation_run,0
2026-04-13 22:50:55,B0201_level_low,0.9615335534163734
2026-04-13 22:51:03,evaporation_run,1
2026-04-13 22:51:13,evaporation_run,0
2026-04-13 22:51:15,B0201_level_low,0.9693823341748278
2026-04-13 22:51:23,evaporation_run,1
2026-04-13 22:51:33,evaporation_run,0
2026-04-13 22:51:35,B0201_level_low,0.953688933891863
2026-04-13 22:51:43,evaporation_run,1
2026-04-13 22:51:45,B0101_level_low,14.693333333333328
2026-04-13 22:51:53,evaporation_run,0
2026-04-13 22:51:55,B0201_level_low,0.9693823341748278
2026-04-13 22:52:03,evaporation_run,1
2026-04-13 22:52:13,evaporation_run,0
2026-04-13 22:52:16,B0201_level_low,0.9615335534163734
2026-04-13 22:52:23,evaporation_run,1
2026-04-13 22:52:33,evaporation_run,0
2026-04-13 22:52:36,B0201_level_low,0.9693823341748278
2026-04-13 22:52:43,evaporation_run,1
2026-04-13 22:52:53,evaporation_run,0
2026-04-13 22:52:56,B0201_level_low,0.9615335534163734
2026-04-13 22:53:03,evaporation_run,1
2026-04-13 22:53:13,evaporation_run,0
2026-04-13 22:53:16,B0201_level_low,0.9615335534163734
2026-04-13 22:53:23,evaporation_run,1
2026-04-13 22:53:33,evaporation_run,0
2026-04-13 22:53:36,B0201_level_low,0.9693823341748278
2026-04-13 22:53:43,evaporation_run,1
2026-04-13 22:53:47,B0101_level_low,14.373333333333331
2026-04-13 22:53:53,evaporation_run,0
2026-04-13 22:53:57,B0201_level_low,0.9615335534163734
2026-04-13 22:54:03,evaporation_run,1
2026-04-13 22:54:07,B0101_level_low,13.946666666666662
2026-04-13 22:54:13,evaporation_run,0
2026-04-13 22:54:17,B0201_level_low,0.9693823341748278
2026-04-13 22:54:23,evaporation_run,1
2026-04-13 22:54:27,B0101_level_low,14.693333333333328
2026-04-13 22:54:33,evaporation_run,0
2026-04-13 22:54:37,B0201_level_low,0.9693823341748278
2026-04-13 22:54:43,evaporation_run,1
2026-04-13 22:54:53,evaporation_run,0
2026-04-13 22:54:57,B0201_level_low,0.9615335534163734
2026-04-13 22:55:03,evaporation_run,1
2026-04-13 22:55:13,evaporation_run,0
2026-04-13 22:55:18,B0201_level_low,0.9693823341748278
2026-04-13 22:55:23,evaporation_run,1
2026-04-13 22:55:28,B0101_level_low,14.693333333333328
2026-04-13 22:55:33,evaporation_run,0
2026-04-13 22:55:38,B0201_level_low,0.9615335534163734
2026-04-13 22:55:43,evaporation_run,1
2026-04-13 22:55:53,evaporation_run,0
2026-04-13 22:55:58,B0201_level_low,0.9772352761672254
2026-04-13 22:56:03,evaporation_run,1
2026-04-13 22:56:13,evaporation_run,0
2026-04-13 22:56:18,B0201_level_low,0.9693823341748278
2026-04-13 22:56:23,evaporation_run,1
2026-04-13 22:56:33,evaporation_run,0
2026-04-13 22:56:38,B0201_level_low,0.9615335534163734
2026-04-13 22:56:43,evaporation_run,1
2026-04-13 22:56:53,evaporation_run,0
2026-04-13 22:56:59,B0201_level_low,0.9693823341748278
2026-04-13 22:57:03,evaporation_run,1
2026-04-13 22:57:13,evaporation_run,0
2026-04-13 22:57:19,B0201_level_low,0.9693823341748278
2026-04-13 22:57:23,evaporation_run,1
2026-04-13 22:57:33,evaporation_run,0
2026-04-13 22:57:39,B0201_level_low,0.9615335534163734
2026-04-13 22:57:43,evaporation_run,1
2026-04-13 22:57:53,evaporation_run,0
2026-04-13 22:57:59,B0201_level_low,0.9615335534163734
2026-04-13 22:58:03,evaporation_run,1
2026-04-13 22:58:13,evaporation_run,0
2026-04-13 22:58:19,B0201_level_low,0.953688933891863
2026-04-13 22:58:23,evaporation_run,1
2026-04-13 22:58:33,evaporation_run,0
2026-04-13 22:58:40,B0201_level_low,0.9693823341748278
2026-04-13 22:58:43,evaporation_run,1
2026-04-13 22:58:53,evaporation_run,0
2026-04-13 22:59:00,B0201_level_low,0.953688933891863
2026-04-13 22:59:03,evaporation_run,1
2026-04-13 22:59:13,evaporation_run,0
2026-04-13 22:59:20,B0201_level_low,0.9772352761672254
2026-04-13 22:59:23,evaporation_run,1
2026-04-13 22:59:33,evaporation_run,0
2026-04-13 22:59:40,B0201_level_low,0.9615335534163734
2026-04-13 22:59:43,evaporation_run,1
2026-04-13 22:59:53,evaporation_run,0
2026-04-13 23:00:00,B0201_level_low,0.9615335534163734
2026-04-13 23:00:03,evaporation_run,1
2026-04-13 23:00:13,evaporation_run,0
2026-04-13 23:00:21,B0201_level_low,0.9693823341748278
2026-04-13 23:00:23,evaporation_run,1
2026-04-13 23:00:33,evaporation_run,0
2026-04-13 23:00:41,B0201_level_low,0.953688933891863
2026-04-13 23:00:43,evaporation_run,1
2026-04-13 23:00:53,evaporation_run,0
2026-04-13 23:01:01,B0201_level_low,0.9693823341748278
2026-04-13 23:01:03,evaporation_run,1
2026-04-13 23:01:13,evaporation_run,0
2026-04-13 23:01:21,B0201_level_low,0.9615335534163734
2026-04-13 23:01:23,evaporation_run,1
2026-04-13 23:01:33,evaporation_run,0
2026-04-13 23:01:41,B0201_level_low,0.9615335534163734
2026-04-13 23:01:43,evaporation_run,1
2026-04-13 23:02:03,evaporation_run,0
2026-04-13 23:02:12,B0201_level_low,0.9693823341748278
2026-04-13 23:02:13,evaporation_run,1
2026-04-13 23:02:23,evaporation_run,0
2026-04-13 23:02:32,B0201_level_low,0.9772352761672254
2026-04-13 23:02:33,evaporation_run,1
2026-04-13 23:02:43,evaporation_run,0
2026-04-13 23:02:52,B0201_level_low,0.9693823341748278
2026-04-13 23:02:53,evaporation_run,1
2026-04-13 23:03:03,evaporation_run,0
2026-04-13 23:03:12,B0201_level_low,0.9615335534163734
2026-04-13 23:03:13,evaporation_run,1
2026-04-13 23:03:23,evaporation_run,0
2026-04-13 23:03:33,evaporation_run,1
2026-04-13 23:03:43,B0201_level_low,0.9772352761672254
2026-04-13 23:03:43,evaporation_run,0
2026-04-13 23:03:53,evaporation_run,1
2026-04-13 23:04:03,B0201_level_low,0.9772352761672254
2026-04-13 23:04:03,evaporation_run,0
2026-04-13 23:04:13,evaporation_run,1
2026-04-13 23:04:23,evaporation_run,0
2026-04-13 23:04:23,B0201_level_low,0.9615335534163734
2026-04-13 23:04:33,evaporation_run,1
2026-04-13 23:04:43,evaporation_run,0
2026-04-13 23:04:43,B0201_level_low,0.9772352761672254
2026-04-13 23:04:53,evaporation_run,1
2026-04-13 23:05:03,evaporation_run,0
2026-04-13 23:05:04,B0201_level_low,0.9615335534163734
2026-04-13 23:05:13,evaporation_run,1
2026-04-13 23:05:23,evaporation_run,0
2026-04-13 23:05:24,B0201_level_low,0.9772352761672254
2026-04-13 23:05:33,evaporation_run,1
2026-04-13 23:05:43,evaporation_run,0
2026-04-13 23:05:44,B0201_level_low,0.9772352761672254
2026-04-13 23:05:53,evaporation_run,1
2026-04-13 23:06:03,evaporation_run,0
2026-04-13 23:06:04,B0201_level_low,0.9693823341748278
2026-04-13 23:06:13,evaporation_run,1
2026-04-13 23:06:23,evaporation_run,0
2026-04-13 23:06:24,B0201_level_low,0.9693823341748278
2026-04-13 23:06:33,evaporation_run,1
2026-04-13 23:06:43,evaporation_run,0
2026-04-13 23:06:45,B0201_level_low,0.9693823341748278
2026-04-13 23:06:53,evaporation_run,1
2026-04-13 23:07:03,evaporation_run,0
2026-04-13 23:07:05,B0201_level_low,0.953688933891863
2026-04-13 23:07:13,evaporation_run,1
2026-04-13 23:07:23,evaporation_run,0
2026-04-13 23:07:25,B0201_level_low,0.9693823341748278
2026-04-13 23:07:33,evaporation_run,1
2026-04-13 23:07:43,evaporation_run,0
2026-04-13 23:07:45,B0201_level_low,0.9693823341748278
2026-04-13 23:07:53,evaporation_run,1
2026-04-13 23:08:03,evaporation_run,0
2026-04-13 23:08:05,B0201_level_low,0.9693823341748278
2026-04-13 23:08:13,evaporation_run,1
2026-04-13 23:08:23,evaporation_run,0
2026-04-13 23:08:26,B0201_level_low,0.9693823341748278
2026-04-13 23:08:33,evaporation_run,1
2026-04-13 23:08:43,evaporation_run,0
2026-04-13 23:08:46,B0201_level_low,0.9693823341748278
2026-04-13 23:08:53,evaporation_run,1
2026-04-13 23:09:03,evaporation_run,0
2026-04-13 23:09:06,B0201_level_low,0.9693823341748278
2026-04-13 23:09:13,evaporation_run,1
2026-04-13 23:09:23,evaporation_run,0
2026-04-13 23:09:26,B0201_level_low,0.9615335534163734
2026-04-13 23:09:33,evaporation_run,1
2026-04-13 23:09:43,evaporation_run,0
2026-04-13 23:09:46,B0201_level_low,0.9772352761672254
2026-04-13 23:09:53,evaporation_run,1
2026-04-13 23:10:03,evaporation_run,0
2026-04-13 23:10:07,B0201_level_low,0.953688933891863
2026-04-13 23:10:33,evaporation_run,1
2026-04-13 23:10:43,evaporation_run,0
2026-04-13 23:10:47,B0201_level_low,0.9693823341748278
2026-04-13 23:10:53,evaporation_run,1
2026-04-13 23:11:03,evaporation_run,0
2026-04-13 23:11:07,B0201_level_low,0.9772352761672254
2026-04-13 23:11:13,evaporation_run,1
2026-04-13 23:11:23,evaporation_run,0
2026-04-13 23:11:27,B0201_level_low,0.9615335534163734
2026-04-13 23:12:13,evaporation_run,1
2026-04-13 23:12:23,evaporation_run,0
2026-04-13 23:12:28,B0201_level_low,0.9693823341748278
2026-04-13 23:12:33,evaporation_run,1
2026-04-13 23:12:43,evaporation_run,0
2026-04-13 23:12:48,B0201_level_low,0.9615335534163734
2026-04-13 23:12:53,evaporation_run,1
2026-04-13 23:13:03,evaporation_run,0
2026-04-13 23:13:08,B0201_level_low,0.9615335534163734
2026-04-13 23:13:14,evaporation_run,1
2026-04-13 23:13:23,evaporation_run,0
2026-04-13 23:13:29,B0201_level_low,0.9615335534163734
2026-04-13 23:13:33,evaporation_run,1
2026-04-13 23:13:43,evaporation_run,0
2026-04-13 23:13:49,B0201_level_low,0.9615335534163734
2026-04-13 23:14:03,evaporation_run,1
2026-04-13 23:14:13,evaporation_run,0
2026-04-13 23:14:19,B0201_level_low,0.9615335534163734
2026-04-13 23:14:23,evaporation_run,1
2026-04-13 23:14:33,evaporation_run,0
2026-04-13 23:14:39,B0201_level_low,0.9615335534163734
2026-04-13 23:14:43,evaporation_run,1
2026-04-13 23:14:53,evaporation_run,0
2026-04-13 23:15:00,B0201_level_low,0.9693823341748278
2026-04-13 23:15:13,evaporation_run,1
2026-04-13 23:15:23,evaporation_run,0
2026-04-13 23:15:30,B0201_level_low,0.9693823341748278
2026-04-13 23:15:33,evaporation_run,1
2026-04-13 23:15:43,evaporation_run,0
2026-04-13 23:15:50,B0201_level_low,0.9615335534163734
2026-04-13 23:15:53,evaporation_run,1
2026-04-13 23:16:03,evaporation_run,0
2026-04-13 23:16:10,B0201_level_low,0.9693823341748278
2026-04-13 23:16:13,evaporation_run,1
2026-04-13 23:16:23,evaporation_run,0
2026-04-13 23:16:31,B0201_level_low,0.9615335534163734
2026-04-13 23:16:33,evaporation_run,1
2026-04-13 23:16:43,evaporation_run,0
2026-04-13 23:16:51,B0201_level_low,0.9693823341748278
2026-04-13 23:16:53,evaporation_run,1
2026-04-13 23:17:03,evaporation_run,0
2026-04-13 23:17:11,B0201_level_low,0.9693823341748278
2026-04-13 23:17:13,evaporation_run,1
2026-04-13 23:17:23,evaporation_run,0
2026-04-13 23:17:31,B0201_level_low,0.9693823341748278
2026-04-13 23:17:33,evaporation_run,1
2026-04-13 23:17:43,evaporation_run,0
2026-04-13 23:17:51,B0201_level_low,0.9772352761672254
2026-04-13 23:17:53,evaporation_run,1
2026-04-13 23:18:03,evaporation_run,0
2026-04-13 23:18:12,B0201_level_low,0.9615335534163734
2026-04-13 23:18:13,evaporation_run,1
2026-04-13 23:18:23,evaporation_run,0
2026-04-13 23:18:32,B0201_level_low,0.953688933891863
2026-04-13 23:18:33,evaporation_run,1
2026-04-13 23:18:43,evaporation_run,0
2026-04-13 23:18:52,B0201_level_low,0.953688933891863
2026-04-13 23:18:53,evaporation_run,1
2026-04-13 23:19:03,evaporation_run,0
2026-04-13 23:19:12,B0201_level_low,0.9615335534163734
2026-04-13 23:19:13,evaporation_run,1
2026-04-13 23:19:24,evaporation_run,0
2026-04-13 23:19:32,B0201_level_low,0.9615335534163734
2026-04-13 23:19:53,evaporation_run,1
2026-04-13 23:20:03,evaporation_run,0
2026-04-13 23:20:03,B0201_level_low,0.9615335534163734
2026-04-13 23:20:23,evaporation_run,1
2026-04-13 23:20:33,evaporation_run,0
2026-04-13 23:20:33,B0201_level_low,0.9615335534163734
2026-04-13 23:21:13,evaporation_run,1
2026-04-13 23:21:23,evaporation_run,0
2026-04-13 23:21:24,B0201_level_low,0.9693823341748278
2026-04-13 23:21:33,evaporation_run,1
2026-04-13 23:21:43,evaporation_run,0
2026-04-13 23:21:44,B0201_level_low,0.9693823341748278
2026-04-13 23:22:03,evaporation_run,1
2026-04-13 23:22:13,evaporation_run,0
2026-04-13 23:22:14,B0201_level_low,0.953688933891863
2026-04-13 23:22:33,evaporation_run,1
2026-04-13 23:22:43,evaporation_run,0
2026-04-13 23:22:44,B0201_level_low,0.9458484756012986
2026-04-13 23:23:23,evaporation_run,1
2026-04-13 23:23:33,evaporation_run,0
2026-04-13 23:23:35,B0201_level_low,0.9615335534163734
2026-04-13 23:23:43,evaporation_run,1
2026-04-13 23:23:53,evaporation_run,0
2026-04-13 23:23:55,B0201_level_low,0.953688933891863
2026-04-13 23:24:03,evaporation_run,1
2026-04-13 23:24:13,evaporation_run,0
2026-04-13 23:24:15,B0201_level_low,0.953688933891863
2026-04-13 23:24:23,evaporation_run,1
2026-04-13 23:24:33,evaporation_run,0
2026-04-13 23:24:36,B0201_level_low,0.9615335534163734
2026-04-13 23:24:43,evaporation_run,1
2026-04-13 23:24:53,evaporation_run,0
2026-04-13 23:24:56,B0201_level_low,0.953688933891863
2026-04-13 23:25:03,evaporation_run,1
2026-04-13 23:25:13,evaporation_run,0
2026-04-13 23:25:16,B0201_level_low,0.9693823341748278
2026-04-13 23:25:23,evaporation_run,1
2026-04-13 23:25:33,evaporation_run,0
2026-04-13 23:25:36,B0201_level_low,0.9615335534163734
2026-04-13 23:25:43,evaporation_run,1
2026-04-13 23:25:54,evaporation_run,0
2026-04-13 23:25:56,B0201_level_low,0.9693823341748278
2026-04-13 23:26:04,evaporation_run,1
2026-04-13 23:26:13,evaporation_run,0
2026-04-13 23:26:17,B0201_level_low,0.9615335534163734
2026-04-13 23:26:23,evaporation_run,1
2026-04-13 23:26:33,evaporation_run,0
2026-04-13 23:26:37,B0201_level_low,0.9693823341748278
2026-04-13 23:26:43,evaporation_run,1
2026-04-13 23:26:53,evaporation_run,0
2026-04-13 23:26:57,B0201_level_low,0.9693823341748278
2026-04-13 23:27:03,evaporation_run,1
2026-04-13 23:27:13,evaporation_run,0
2026-04-13 23:27:17,B0201_level_low,0.9615335534163734
2026-04-13 23:27:23,evaporation_run,1
2026-04-13 23:27:33,evaporation_run,0
2026-04-13 23:27:37,B0201_level_low,0.9693823341748278
2026-04-13 23:27:43,evaporation_run,1
2026-04-13 23:27:53,evaporation_run,0
2026-04-13 23:27:58,B0201_level_low,0.9615335534163734
2026-04-13 23:28:03,evaporation_run,1
2026-04-13 23:28:13,evaporation_run,0
2026-04-13 23:28:18,B0201_level_low,0.953688933891863
2026-04-13 23:28:23,evaporation_run,1
2026-04-13 23:28:33,evaporation_run,0
2026-04-13 23:28:38,B0201_level_low,0.9615335534163734
2026-04-13 23:28:43,evaporation_run,1
2026-04-13 23:28:53,evaporation_run,0
2026-04-13 23:28:58,B0201_level_low,0.9772352761672254
2026-04-13 23:29:03,evaporation_run,1
2026-04-13 23:29:13,evaporation_run,0
2026-04-13 23:29:18,B0201_level_low,0.9615335534163734
2026-04-13 23:29:23,evaporation_run,1
2026-04-13 23:29:33,evaporation_run,0
2026-04-13 23:29:39,B0201_level_low,0.9615335534163734
2026-04-13 23:29:43,evaporation_run,1
2026-04-13 23:29:53,evaporation_run,0
2026-04-13 23:29:59,B0201_level_low,0.953688933891863
2026-04-13 23:30:03,evaporation_run,1
2026-04-13 23:30:13,evaporation_run,0
2026-04-13 23:30:19,B0201_level_low,0.9693823341748278
2026-04-13 23:30:23,evaporation_run,1
2026-04-13 23:30:33,evaporation_run,0
2026-04-13 23:30:39,B0201_level_low,0.9693823341748278
2026-04-13 23:30:43,evaporation_run,1
2026-04-13 23:30:53,evaporation_run,0
2026-04-13 23:30:59,B0201_level_low,0.9693823341748278
2026-04-13 23:31:03,evaporation_run,1
2026-04-13 23:31:13,evaporation_run,0
2026-04-13 23:31:20,B0201_level_low,0.953688933891863
2026-04-13 23:31:23,evaporation_run,1
2026-04-13 23:31:33,evaporation_run,0
2026-04-13 23:31:40,B0201_level_low,0.9693823341748278
2026-04-13 23:31:43,evaporation_run,1
2026-04-13 23:31:53,evaporation_run,0
2026-04-13 23:32:00,B0201_level_low,0.9693823341748278
2026-04-13 23:32:13,evaporation_run,1
2026-04-13 23:32:24,evaporation_run,0
2026-04-13 23:32:30,B0201_level_low,0.9615335534163734
2026-04-13 23:32:34,evaporation_run,1
2026-04-13 23:32:43,evaporation_run,0
2026-04-13 23:32:51,B0201_level_low,0.9693823341748278
2026-04-13 23:32:53,evaporation_run,1
2026-04-13 23:33:03,evaporation_run,0
2026-04-13 23:33:11,B0201_level_low,0.9693823341748278
2026-04-13 23:33:13,evaporation_run,1
2026-04-13 23:33:23,evaporation_run,0
2026-04-13 23:33:31,B0201_level_low,0.9615335534163734
2026-04-13 23:33:33,evaporation_run,1
2026-04-13 23:33:43,evaporation_run,0
2026-04-13 23:33:51,B0201_level_low,0.9772352761672254
2026-04-13 23:33:53,evaporation_run,1
2026-04-13 23:34:03,evaporation_run,0
2026-04-13 23:34:11,B0201_level_low,0.9693823341748278
2026-04-13 23:34:13,evaporation_run,1
2026-04-13 23:34:23,evaporation_run,0
2026-04-13 23:34:32,B0201_level_low,0.9693823341748278
2026-04-13 23:34:33,evaporation_run,1
2026-04-13 23:34:43,evaporation_run,0
2026-04-13 23:34:52,B0201_level_low,0.9772352761672254
2026-04-13 23:34:53,evaporation_run,1
2026-04-13 23:35:03,evaporation_run,0
2026-04-13 23:35:12,B0201_level_low,0.9615335534163734
2026-04-13 23:35:13,evaporation_run,1
2026-04-13 23:35:23,evaporation_run,0
2026-04-13 23:35:32,B0201_level_low,0.9693823341748278
2026-04-13 23:35:33,evaporation_run,1
2026-04-13 23:35:43,evaporation_run,0
2026-04-13 23:35:52,B0201_level_low,0.9693823341748278
2026-04-13 23:35:53,evaporation_run,1
2026-04-13 23:36:03,evaporation_run,0
2026-04-13 23:36:13,evaporation_run,1
2026-04-13 23:36:23,B0201_level_low,0.9693823341748278
2026-04-13 23:36:23,evaporation_run,0
2026-04-13 23:36:33,evaporation_run,1
2026-04-13 23:36:43,B0201_level_low,0.9693823341748278
2026-04-13 23:36:43,evaporation_run,0
2026-04-13 23:37:23,evaporation_run,1
2026-04-13 23:37:33,evaporation_run,0
2026-04-13 23:37:33,B0201_level_low,0.9615335534163734
2026-04-13 23:37:43,evaporation_run,1
2026-04-13 23:37:53,evaporation_run,0
2026-04-13 23:37:54,B0201_level_low,0.9615335534163734
2026-04-13 23:38:03,evaporation_run,1
2026-04-13 23:38:13,evaporation_run,0
2026-04-13 23:38:14,B0201_level_low,0.9615335534163734
2026-04-13 23:38:23,evaporation_run,1
2026-04-13 23:38:33,evaporation_run,0
2026-04-13 23:38:34,B0201_level_low,0.9693823341748278
2026-04-13 23:38:44,evaporation_run,1
2026-04-13 23:38:54,evaporation_run,0
2026-04-13 23:38:54,B0201_level_low,0.9615335534163734
2026-04-13 23:39:03,evaporation_run,1
2026-04-13 23:39:13,evaporation_run,0
2026-04-13 23:39:15,B0201_level_low,0.9615335534163734
2026-04-13 23:39:23,evaporation_run,1
2026-04-13 23:39:33,evaporation_run,0
2026-04-13 23:39:35,B0201_level_low,0.953688933891863
2026-04-13 23:39:43,evaporation_run,1
2026-04-13 23:39:53,evaporation_run,0
2026-04-13 23:39:55,B0201_level_low,0.9615335534163734
2026-04-13 23:40:03,evaporation_run,1
2026-04-13 23:40:13,evaporation_run,0
2026-04-13 23:40:15,B0201_level_low,0.9615335534163734
2026-04-13 23:40:23,evaporation_run,1
2026-04-13 23:40:33,evaporation_run,0
2026-04-13 23:40:35,B0201_level_low,0.9693823341748278
2026-04-13 23:40:53,evaporation_run,1
2026-04-13 23:41:03,evaporation_run,0
2026-04-13 23:41:06,B0201_level_low,0.9772352761672254
2026-04-13 23:41:13,evaporation_run,1
2026-04-13 23:41:23,evaporation_run,0
2026-04-13 23:41:26,B0201_level_low,0.9693823341748278
2026-04-13 23:41:33,evaporation_run,1
2026-04-13 23:41:43,evaporation_run,0
2026-04-13 23:41:46,B0201_level_low,0.9615335534163734
2026-04-13 23:41:53,evaporation_run,1
2026-04-13 23:42:03,evaporation_run,0
2026-04-13 23:42:06,B0201_level_low,0.9693823341748278
2026-04-13 23:42:43,evaporation_run,1
2026-04-13 23:42:53,evaporation_run,0
2026-04-13 23:42:57,B0201_level_low,0.9615335534163734
2026-04-13 23:43:13,evaporation_run,1
2026-04-13 23:43:23,evaporation_run,0
2026-04-13 23:43:27,B0201_level_low,0.9615335534163734
2026-04-13 23:43:33,evaporation_run,1
2026-04-13 23:43:43,evaporation_run,0
2026-04-13 23:43:47,B0201_level_low,0.9615335534163734
2026-04-13 23:43:53,evaporation_run,1
2026-04-13 23:44:03,evaporation_run,0
2026-04-13 23:44:08,B0201_level_low,0.9615335534163734
2026-04-13 23:44:13,evaporation_run,1
2026-04-13 23:44:23,evaporation_run,0
2026-04-13 23:44:28,B0201_level_low,0.9615335534163734
2026-04-13 23:44:33,evaporation_run,1
2026-04-13 23:44:43,evaporation_run,0
2026-04-13 23:44:48,B0201_level_low,0.9615335534163734
2026-04-13 23:44:54,evaporation_run,1
2026-04-13 23:45:04,evaporation_run,0
2026-04-13 23:45:08,B0201_level_low,0.953688933891863
2026-04-13 23:45:14,evaporation_run,1
2026-04-13 23:45:23,evaporation_run,0
2026-04-13 23:45:28,B0201_level_low,0.9693823341748278
2026-04-13 23:45:33,evaporation_run,1
2026-04-13 23:45:43,evaporation_run,0
2026-04-13 23:45:49,B0201_level_low,0.953688933891863
2026-04-13 23:45:53,evaporation_run,1
2026-04-13 23:46:03,evaporation_run,0
2026-04-13 23:46:09,B0201_level_low,0.9693823341748278
2026-04-13 23:46:13,evaporation_run,1
2026-04-13 23:46:23,evaporation_run,0
2026-04-13 23:46:29,B0201_level_low,0.9693823341748278
2026-04-13 23:46:33,evaporation_run,1
2026-04-13 23:46:43,evaporation_run,0
2026-04-13 23:46:49,B0201_level_low,0.9615335534163734
2026-04-13 23:46:53,evaporation_run,1
2026-04-13 23:47:03,evaporation_run,0
2026-04-13 23:47:09,B0201_level_low,0.9772352761672254
2026-04-13 23:47:13,evaporation_run,1
2026-04-13 23:47:23,evaporation_run,0
2026-04-13 23:47:30,B0201_level_low,0.9772352761672254
2026-04-13 23:47:33,evaporation_run,1
2026-04-13 23:47:43,evaporation_run,0
2026-04-13 23:47:50,B0201_level_low,0.9772352761672254
2026-04-13 23:47:53,evaporation_run,1
2026-04-13 23:48:03,evaporation_run,0
2026-04-13 23:48:10,B0201_level_low,0.9693823341748278
2026-04-13 23:48:13,evaporation_run,1
2026-04-13 23:48:23,evaporation_run,0
2026-04-13 23:48:30,B0201_level_low,0.9693823341748278
2026-04-13 23:49:23,evaporation_run,1
2026-04-13 23:49:33,evaporation_run,0
2026-04-13 23:49:41,B0201_level_low,0.953688933891863
2026-04-13 23:49:43,evaporation_run,1
2026-04-13 23:49:53,evaporation_run,0
2026-04-13 23:50:01,B0201_level_low,0.9615335534163734
2026-04-13 23:50:23,evaporation_run,1
2026-04-13 23:50:33,evaporation_run,0
2026-04-13 23:50:42,B0201_level_low,0.9693823341748278
2026-04-13 23:50:43,evaporation_run,1
2026-04-13 23:50:53,evaporation_run,0
2026-04-13 23:51:02,B0201_level_low,0.9693823341748278
2026-04-13 23:51:24,evaporation_run,1
2026-04-13 23:51:34,evaporation_run,0
2026-04-13 23:51:42,B0101_level_low,14.586666666666662
2026-04-13 23:51:42,B0201_level_low,0.9615335534163734
2026-04-13 23:52:02,B0101_level_low,14.373333333333331
2026-04-13 23:52:43,B0101_level_low,14.586666666666662
2026-04-13 23:52:53,evaporation_run,1
2026-04-13 23:53:03,evaporation_run,0
2026-04-13 23:53:03,B0201_level_low,0.9615335534163734
2026-04-13 23:53:13,evaporation_run,1
2026-04-13 23:53:13,B0101_level_low,14.693333333333328
2026-04-13 23:53:23,evaporation_run,0
2026-04-13 23:53:23,B0201_level_low,0.9615335534163734
2026-04-13 23:53:33,evaporation_run,1
2026-04-13 23:53:43,evaporation_run,0
2026-04-13 23:53:43,B0101_level_low,14.479999999999997
2026-04-13 23:53:43,B0201_level_low,0.9693823341748278
2026-04-13 23:53:53,evaporation_run,1
2026-04-13 23:54:03,evaporation_run,0
2026-04-13 23:54:04,B0201_level_low,0.9615335534163734
2026-04-13 23:54:13,evaporation_run,1
2026-04-13 23:54:23,evaporation_run,0
2026-04-13 23:54:24,B0201_level_low,0.953688933891863
2026-04-13 23:54:33,evaporation_run,1
2026-04-13 23:54:34,B0101_level_low,14.799999999999997
2026-04-13 23:54:43,evaporation_run,0
2026-04-13 23:54:44,B0201_level_low,0.9458484756012986
2026-04-13 23:54:53,evaporation_run,1
2026-04-13 23:55:03,evaporation_run,0
2026-04-13 23:55:04,B0201_level_low,0.9615335534163734
2026-04-13 23:55:13,evaporation_run,1
2026-04-13 23:55:23,evaporation_run,0
2026-04-13 23:55:24,B0201_level_low,0.953688933891863
2026-04-13 23:55:33,evaporation_run,1
2026-04-13 23:55:43,evaporation_run,0
2026-04-13 23:55:45,B0101_level_low,14.586666666666662
2026-04-13 23:55:45,B0201_level_low,0.9615335534163734
2026-04-13 23:56:03,evaporation_run,1
2026-04-13 23:56:13,evaporation_run,0
2026-04-13 23:56:15,B0201_level_low,0.9615335534163734
2026-04-13 23:56:23,evaporation_run,1
2026-04-13 23:56:33,evaporation_run,0
2026-04-13 23:56:35,B0201_level_low,0.953688933891863
2026-04-13 23:56:43,evaporation_run,1
2026-04-13 23:56:53,evaporation_run,0
2026-04-13 23:56:55,B0201_level_low,0.953688933891863
2026-04-13 23:57:13,evaporation_run,1
2026-04-13 23:57:23,evaporation_run,0
2026-04-13 23:57:26,B0201_level_low,0.9693823341748278
2026-04-13 23:57:33,evaporation_run,1
2026-04-13 23:57:44,evaporation_run,0
2026-04-13 23:57:46,B0201_level_low,0.9615335534163734
2026-04-13 23:57:54,evaporation_run,1
2026-04-13 23:58:04,evaporation_run,0
2026-04-13 23:58:06,B0201_level_low,0.9615335534163734
2026-04-13 23:58:13,evaporation_run,1
2026-04-13 23:58:16,B0101_level_low,14.693333333333328
2026-04-13 23:58:23,evaporation_run,0
2026-04-13 23:58:26,B0201_level_low,0.9693823341748278
2026-04-13 23:58:33,evaporation_run,1
2026-04-13 23:58:43,evaporation_run,0
2026-04-13 23:58:46,B0201_level_low,0.9693823341748278
2026-04-13 23:58:53,evaporation_run,1
2026-04-13 23:59:03,evaporation_run,0
2026-04-13 23:59:07,B0201_level_low,0.9772352761672254
2026-04-13 23:59:13,evaporation_run,1
2026-04-13 23:59:23,evaporation_run,0
2026-04-13 23:59:27,B0201_level_low,0.9693823341748278
2026-04-13 23:59:33,evaporation_run,1
2026-04-13 23:59:43,evaporation_run,0
2026-04-13 23:59:47,B0201_level_low,0.9693823341748278
2026-04-13 23:59:53,evaporation_run,1
2026-04-14 00:00:03,evaporation_run,0
2026-04-14 00:00:07,B0201_level_low,0.953688933891863
2026-04-14 00:00:13,evaporation_run,1
2026-04-14 00:00:23,evaporation_run,0
2026-04-14 00:00:28,B0201_level_low,0.9693823341748278
2026-04-14 00:01:53,evaporation_run,1
2026-04-14 00:02:03,evaporation_run,0
2026-04-14 00:02:09,B0201_level_low,0.953688933891863
2026-04-14 00:02:13,evaporation_run,1
2026-04-14 00:02:23,evaporation_run,0
2026-04-14 00:02:29,B0201_level_low,0.9615335534163734
2026-04-14 00:02:43,evaporation_run,1
2026-04-14 00:02:53,evaporation_run,0
2026-04-14 00:02:59,B0201_level_low,0.953688933891863
2026-04-14 00:03:03,evaporation_run,1
2026-04-14 00:03:13,evaporation_run,0
2026-04-14 00:03:19,B0201_level_low,0.9615335534163734
2026-04-14 00:03:43,evaporation_run,1
2026-04-14 00:03:54,evaporation_run,0
2026-04-14 00:04:00,B0201_level_low,0.9615335534163734
2026-04-14 00:04:04,evaporation_run,1
2026-04-14 00:04:14,evaporation_run,0
2026-04-14 00:04:20,B0201_level_low,0.9693823341748278
2026-04-14 00:04:33,evaporation_run,1
2026-04-14 00:04:43,evaporation_run,0
2026-04-14 00:04:50,B0201_level_low,0.9615335534163734
2026-04-14 00:04:53,evaporation_run,1
2026-04-14 00:05:03,evaporation_run,0
2026-04-14 00:05:10,B0201_level_low,0.9693823341748278
2026-04-14 00:05:13,evaporation_run,1
2026-04-14 00:05:23,evaporation_run,0
2026-04-14 00:05:31,B0201_level_low,0.9615335534163734
2026-04-14 00:05:33,evaporation_run,1
2026-04-14 00:05:43,evaporation_run,0
2026-04-14 00:05:51,B0201_level_low,0.9615335534163734
2026-04-14 00:05:53,evaporation_run,1
2026-04-14 00:06:03,evaporation_run,0
2026-04-14 00:06:11,B0201_level_low,0.9693823341748278
2026-04-14 00:06:13,evaporation_run,1
2026-04-14 00:06:23,evaporation_run,0
2026-04-14 00:06:31,B0201_level_low,0.9693823341748278
2026-04-14 00:06:33,evaporation_run,1
2026-04-14 00:06:43,evaporation_run,0
2026-04-14 00:06:51,B0201_level_low,0.9693823341748278
2026-04-14 00:06:53,evaporation_run,1
2026-04-14 00:07:03,evaporation_run,0
2026-04-14 00:07:12,B0201_level_low,0.9693823341748278
2026-04-14 00:07:13,evaporation_run,1
2026-04-14 00:07:23,evaporation_run,0
2026-04-14 00:07:32,B0201_level_low,0.9615335534163734
2026-04-14 00:07:33,evaporation_run,1
2026-04-14 00:07:43,evaporation_run,0
2026-04-14 00:07:52,B0201_level_low,0.9693823341748278
2026-04-14 00:07:53,evaporation_run,1
2026-04-14 00:08:03,evaporation_run,0
2026-04-14 00:08:12,B0201_level_low,0.9693823341748278
2026-04-14 00:08:13,evaporation_run,1
2026-04-14 00:08:23,evaporation_run,0
2026-04-14 00:08:32,B0201_level_low,0.9693823341748278
2026-04-14 00:08:33,evaporation_run,1
2026-04-14 00:08:43,evaporation_run,0
2026-04-14 00:08:53,B0201_level_low,0.9458484756012986
2026-04-14 00:09:03,evaporation_run,1
2026-04-14 00:09:13,B0201_level_low,0.9615335534163734
2026-04-14 00:09:13,evaporation_run,0
2026-04-14 00:09:23,evaporation_run,1
2026-04-14 00:09:33,B0201_level_low,0.9615335534163734
2026-04-14 00:09:33,evaporation_run,0
2026-04-14 00:09:43,evaporation_run,1
2026-04-14 00:09:53,B0201_level_low,0.9693823341748278
2026-04-14 00:09:53,evaporation_run,0
2026-04-14 00:10:54,evaporation_run,1
2026-04-14 00:11:03,evaporation_run,0
2026-04-14 00:11:04,B0201_level_low,0.9615335534163734
2026-04-14 00:11:13,evaporation_run,1
2026-04-14 00:11:23,evaporation_run,0
2026-04-14 00:11:24,B0201_level_low,0.9615335534163734
2026-04-14 00:11:43,evaporation_run,1
2026-04-14 00:11:53,evaporation_run,0
2026-04-14 00:11:55,B0201_level_low,0.9615335534163734
2026-04-14 00:13:03,evaporation_run,1
2026-04-14 00:13:13,evaporation_run,0
2026-04-14 00:13:15,B0201_level_low,0.953688933891863
2026-04-14 00:13:53,evaporation_run,1
2026-04-14 00:14:03,evaporation_run,0
2026-04-14 00:14:06,B0201_level_low,0.9615335534163734
2026-04-14 00:14:13,evaporation_run,1
2026-04-14 00:14:23,evaporation_run,0
2026-04-14 00:14:26,B0201_level_low,0.9615335534163734
2026-04-14 00:15:33,evaporation_run,1
2026-04-14 00:15:43,evaporation_run,0
2026-04-14 00:15:47,B0201_level_low,0.953688933891863
2026-04-14 00:16:03,evaporation_run,1
2026-04-14 00:16:13,evaporation_run,0
2026-04-14 00:16:17,B0201_level_low,0.953688933891863
2026-04-14 00:16:34,evaporation_run,1
2026-04-14 00:16:44,evaporation_run,0
2026-04-14 00:16:48,B0201_level_low,0.9615335534163734
2026-04-14 00:16:54,evaporation_run,1
2026-04-14 00:17:04,evaporation_run,0
2026-04-14 00:17:08,B0201_level_low,0.9615335534163734
2026-04-14 00:17:14,evaporation_run,1
2026-04-14 00:17:23,evaporation_run,0
2026-04-14 00:17:28,B0201_level_low,0.9615335534163734
2026-04-14 00:17:33,evaporation_run,1
2026-04-14 00:17:43,evaporation_run,0
2026-04-14 00:17:48,B0201_level_low,0.9693823341748278
2026-04-14 00:17:53,evaporation_run,1
2026-04-14 00:18:03,evaporation_run,0
2026-04-14 00:18:08,B0201_level_low,0.9615335534163734
2026-04-14 00:18:13,evaporation_run,1
2026-04-14 00:18:23,evaporation_run,0
2026-04-14 00:18:29,B0201_level_low,0.9615335534163734
2026-04-14 00:18:33,evaporation_run,1
2026-04-14 00:18:43,evaporation_run,0
2026-04-14 00:18:49,B0201_level_low,0.9693823341748278
2026-04-14 00:18:53,evaporation_run,1
2026-04-14 00:19:03,evaporation_run,0
2026-04-14 00:19:09,B0201_level_low,0.9615335534163734
2026-04-14 00:19:13,evaporation_run,1
2026-04-14 00:19:23,evaporation_run,0
2026-04-14 00:19:29,B0201_level_low,0.9615335534163734
2026-04-14 00:19:43,evaporation_run,1
2026-04-14 00:19:53,evaporation_run,0
2026-04-14 00:20:00,B0201_level_low,0.9615335534163734
2026-04-14 00:20:03,evaporation_run,1
2026-04-14 00:20:13,evaporation_run,0
2026-04-14 00:20:20,B0201_level_low,0.953688933891863
2026-04-14 00:20:23,evaporation_run,1
2026-04-14 00:20:33,evaporation_run,0
2026-04-14 00:20:40,B0201_level_low,0.9615335534163734
2026-04-14 00:20:43,evaporation_run,1
2026-04-14 00:20:53,evaporation_run,0
2026-04-14 00:21:00,B0201_level_low,0.9693823341748278
2026-04-14 00:21:03,evaporation_run,1
2026-04-14 00:21:13,evaporation_run,0
2026-04-14 00:21:20,B0201_level_low,0.9693823341748278
2026-04-14 00:21:23,evaporation_run,1
2026-04-14 00:21:33,evaporation_run,0
2026-04-14 00:21:41,B0201_level_low,0.9693823341748278
2026-04-14 00:21:43,evaporation_run,1
2026-04-14 00:21:53,evaporation_run,0
2026-04-14 00:22:01,B0201_level_low,0.9615335534163734
2026-04-14 00:22:13,evaporation_run,1
2026-04-14 00:22:23,evaporation_run,0
2026-04-14 00:22:31,B0201_level_low,0.9615335534163734
2026-04-14 00:22:33,evaporation_run,1
2026-04-14 00:22:44,evaporation_run,0
2026-04-14 00:22:51,B0201_level_low,0.953688933891863
2026-04-14 00:22:54,evaporation_run,1
2026-04-14 00:23:04,evaporation_run,0
2026-04-14 00:23:11,B0201_level_low,0.9693823341748278
2026-04-14 00:23:14,evaporation_run,1
2026-04-14 00:23:24,evaporation_run,0
2026-04-14 00:23:32,B0201_level_low,0.9693823341748278
2026-04-14 00:23:34,evaporation_run,1
2026-04-14 00:23:44,evaporation_run,0
2026-04-14 00:23:52,B0201_level_low,0.9693823341748278
2026-04-14 00:23:53,evaporation_run,1
2026-04-14 00:24:03,evaporation_run,0
2026-04-14 00:24:12,B0201_level_low,0.9615335534163734
2026-04-14 00:24:13,evaporation_run,1
2026-04-14 00:24:23,evaporation_run,0
2026-04-14 00:24:32,B0201_level_low,0.9693823341748278
2026-04-14 00:24:33,evaporation_run,1
2026-04-14 00:24:43,evaporation_run,0
2026-04-14 00:24:53,B0201_level_low,0.9693823341748278
2026-04-14 00:24:53,evaporation_run,1
2026-04-14 00:25:03,evaporation_run,0
2026-04-14 00:25:13,evaporation_run,1
2026-04-14 00:25:23,B0201_level_low,0.9615335534163734
2026-04-14 00:25:23,evaporation_run,0
2026-04-14 00:25:33,evaporation_run,1
2026-04-14 00:25:43,evaporation_run,0
2026-04-14 00:25:43,B0201_level_low,0.9615335534163734
2026-04-14 00:25:53,evaporation_run,1
2026-04-14 00:26:03,evaporation_run,0
2026-04-14 00:26:03,B0201_level_low,0.9693823341748278
2026-04-14 00:26:13,evaporation_run,1
2026-04-14 00:26:23,evaporation_run,0
2026-04-14 00:26:23,B0201_level_low,0.9772352761672254
2026-04-14 00:26:33,evaporation_run,1
2026-04-14 00:26:43,evaporation_run,0
2026-04-14 00:26:44,B0201_level_low,0.9615335534163734
2026-04-14 00:26:53,evaporation_run,1
2026-04-14 00:27:03,evaporation_run,0
2026-04-14 00:27:04,B0201_level_low,0.9693823341748278
2026-04-14 00:27:13,evaporation_run,1
2026-04-14 00:27:23,evaporation_run,0
2026-04-14 00:27:24,B0201_level_low,0.9693823341748278
2026-04-14 00:27:33,evaporation_run,1
2026-04-14 00:27:43,evaporation_run,0
2026-04-14 00:27:44,B0201_level_low,0.9693823341748278
2026-04-14 00:27:53,evaporation_run,1
2026-04-14 00:28:03,evaporation_run,0
2026-04-14 00:28:04,B0201_level_low,0.9693823341748278
2026-04-14 00:28:13,evaporation_run,1
2026-04-14 00:28:23,evaporation_run,0
2026-04-14 00:28:25,B0201_level_low,0.9693823341748278
2026-04-14 00:28:33,evaporation_run,1
2026-04-14 00:28:43,evaporation_run,0
2026-04-14 00:28:45,B0201_level_low,0.9693823341748278
2026-04-14 00:28:53,evaporation_run,1
2026-04-14 00:29:04,evaporation_run,0
2026-04-14 00:29:05,B0201_level_low,0.9615335534163734
2026-04-14 00:29:14,evaporation_run,1
2026-04-14 00:29:24,evaporation_run,0
2026-04-14 00:29:25,B0201_level_low,0.9693823341748278
2026-04-14 00:29:34,evaporation_run,1
2026-04-14 00:29:44,evaporation_run,0
2026-04-14 00:29:46,B0201_level_low,0.9693823341748278
2026-04-14 00:29:54,evaporation_run,1
2026-04-14 00:30:03,evaporation_run,0
2026-04-14 00:30:06,B0201_level_low,0.9693823341748278
2026-04-14 00:30:13,evaporation_run,1
2026-04-14 00:30:23,evaporation_run,0
2026-04-14 00:30:26,B0201_level_low,0.9693823341748278
2026-04-14 00:30:33,evaporation_run,1
2026-04-14 00:30:43,evaporation_run,0
2026-04-14 00:30:46,B0201_level_low,0.9615335534163734
2026-04-14 00:30:53,evaporation_run,1
2026-04-14 00:31:03,evaporation_run,0
2026-04-14 00:31:06,B0201_level_low,0.9615335534163734
2026-04-14 00:31:13,evaporation_run,1
2026-04-14 00:31:23,evaporation_run,0
2026-04-14 00:31:27,B0201_level_low,0.9693823341748278
2026-04-14 00:31:43,evaporation_run,1
2026-04-14 00:31:53,evaporation_run,0
2026-04-14 00:31:57,B0201_level_low,0.953688933891863
2026-04-14 00:32:13,evaporation_run,1
2026-04-14 00:32:23,evaporation_run,0
2026-04-14 00:32:27,B0201_level_low,0.9615335534163734
2026-04-14 00:33:13,evaporation_run,1
2026-04-14 00:33:23,evaporation_run,0
2026-04-14 00:33:28,B0201_level_low,0.9615335534163734
2026-04-14 00:33:43,evaporation_run,1
2026-04-14 00:33:53,evaporation_run,0
2026-04-14 00:33:58,B0201_level_low,0.953688933891863
2026-04-14 00:34:03,evaporation_run,1
2026-04-14 00:34:13,evaporation_run,0
2026-04-14 00:34:18,B0201_level_low,0.9615335534163734
2026-04-14 00:34:23,evaporation_run,1
2026-04-14 00:34:33,evaporation_run,0
2026-04-14 00:34:39,B0201_level_low,0.9615335534163734
2026-04-14 00:34:43,evaporation_run,1
2026-04-14 00:34:53,evaporation_run,0
2026-04-14 00:34:59,B0201_level_low,0.9615335534163734
2026-04-14 00:35:03,evaporation_run,1
2026-04-14 00:35:14,evaporation_run,0
2026-04-14 00:35:19,B0201_level_low,0.9693823341748278
2026-04-14 00:35:24,evaporation_run,1
2026-04-14 00:35:34,evaporation_run,0
2026-04-14 00:35:39,B0201_level_low,0.9693823341748278
2026-04-14 00:35:44,evaporation_run,1
2026-04-14 00:35:54,evaporation_run,0
2026-04-14 00:35:59,B0201_level_low,0.9693823341748278
2026-04-14 00:36:04,evaporation_run,1
2026-04-14 00:36:14,evaporation_run,0
2026-04-14 00:36:20,B0201_level_low,0.9693823341748278
2026-04-14 00:36:24,evaporation_run,1
2026-04-14 00:36:33,evaporation_run,0
2026-04-14 00:36:40,B0201_level_low,0.9693823341748278
2026-04-14 00:36:53,evaporation_run,1
2026-04-14 00:37:03,evaporation_run,0
2026-04-14 00:37:10,B0201_level_low,0.9693823341748278
2026-04-14 00:37:13,evaporation_run,1
2026-04-14 00:37:23,evaporation_run,0
2026-04-14 00:37:30,B0201_level_low,0.9693823341748278
2026-04-14 00:37:33,evaporation_run,1
2026-04-14 00:37:43,evaporation_run,0
2026-04-14 00:37:50,B0201_level_low,0.9615335534163734
2026-04-14 00:37:53,evaporation_run,1
2026-04-14 00:38:03,evaporation_run,0
2026-04-14 00:38:11,B0201_level_low,0.9693823341748278
2026-04-14 00:38:13,evaporation_run,1
2026-04-14 00:38:23,evaporation_run,0
2026-04-14 00:38:31,B0201_level_low,0.9693823341748278
2026-04-14 00:38:33,evaporation_run,1
2026-04-14 00:38:43,evaporation_run,0
2026-04-14 00:38:51,B0201_level_low,0.9693823341748278
2026-04-14 00:38:53,evaporation_run,1
2026-04-14 00:39:03,evaporation_run,0
2026-04-14 00:39:11,B0201_level_low,0.9693823341748278
2026-04-14 00:39:13,evaporation_run,1
2026-04-14 00:39:23,evaporation_run,0
2026-04-14 00:39:32,B0201_level_low,0.9693823341748278
2026-04-14 00:39:33,evaporation_run,1
2026-04-14 00:39:43,evaporation_run,0
2026-04-14 00:39:52,B0201_level_low,0.9693823341748278
2026-04-14 00:39:53,evaporation_run,1
2026-04-14 00:40:03,evaporation_run,0
2026-04-14 00:40:12,B0201_level_low,0.9615335534163734
2026-04-14 00:40:13,evaporation_run,1
2026-04-14 00:40:23,evaporation_run,0
2026-04-14 00:40:32,B0201_level_low,0.9693823341748278
2026-04-14 00:41:34,evaporation_run,1
2026-04-14 00:41:43,B0201_level_low,0.9615335534163734
2026-04-14 00:41:44,evaporation_run,0
2026-04-14 00:42:24,evaporation_run,1
2026-04-14 00:42:33,evaporation_run,0
2026-04-14 00:42:33,B0201_level_low,0.9615335534163734
2026-04-14 00:42:43,evaporation_run,1
2026-04-14 00:42:53,evaporation_run,0
2026-04-14 00:42:54,B0201_level_low,0.9615335534163734
2026-04-14 00:43:03,evaporation_run,1
2026-04-14 00:43:13,evaporation_run,0
2026-04-14 00:43:14,B0201_level_low,0.9615335534163734
2026-04-14 00:43:23,evaporation_run,1
2026-04-14 00:43:33,evaporation_run,0
2026-04-14 00:43:34,B0201_level_low,0.9615335534163734
2026-04-14 00:43:43,evaporation_run,1
2026-04-14 00:43:53,evaporation_run,0
2026-04-14 00:43:54,B0201_level_low,0.9615335534163734
2026-04-14 00:44:03,evaporation_run,1
2026-04-14 00:44:13,evaporation_run,0
2026-04-14 00:44:14,B0201_level_low,0.9693823341748278
2026-04-14 00:44:23,evaporation_run,1
2026-04-14 00:44:33,evaporation_run,0
2026-04-14 00:44:35,B0201_level_low,0.9615335534163734
2026-04-14 00:44:43,evaporation_run,1
2026-04-14 00:44:53,evaporation_run,0
2026-04-14 00:44:55,B0201_level_low,0.9693823341748278
2026-04-14 00:46:13,evaporation_run,1
2026-04-14 00:46:23,evaporation_run,0
2026-04-14 00:46:26,B0201_level_low,0.9615335534163734
2026-04-14 00:46:43,evaporation_run,1
2026-04-14 00:46:53,evaporation_run,0
2026-04-14 00:46:56,B0201_level_low,0.9615335534163734
2026-04-14 00:47:13,evaporation_run,1
2026-04-14 00:47:34,evaporation_run,0
2026-04-14 00:47:36,B0201_level_low,0.9693823341748278
2026-04-14 00:48:14,evaporation_run,1
2026-04-14 00:48:24,evaporation_run,0
2026-04-14 00:48:27,B0201_level_low,0.9615335534163734
2026-04-14 00:48:43,evaporation_run,1
2026-04-14 00:48:53,evaporation_run,0
2026-04-14 00:48:57,B0201_level_low,0.953688933891863
2026-04-14 00:49:03,evaporation_run,1
2026-04-14 00:49:13,evaporation_run,0
2026-04-14 00:49:17,B0201_level_low,0.9615335534163734
2026-04-14 00:49:23,evaporation_run,1
2026-04-14 00:49:33,evaporation_run,0
2026-04-14 00:49:38,B0201_level_low,0.9693823341748278
2026-04-14 00:49:43,evaporation_run,1
2026-04-14 00:49:53,evaporation_run,0
2026-04-14 00:49:58,B0201_level_low,0.953688933891863
2026-04-14 00:50:03,evaporation_run,1
2026-04-14 00:50:13,evaporation_run,0
2026-04-14 00:50:18,B0201_level_low,0.9615335534163734
2026-04-14 00:50:23,evaporation_run,1
2026-04-14 00:50:33,evaporation_run,0
2026-04-14 00:50:38,B0201_level_low,0.9615335534163734
2026-04-14 00:50:43,evaporation_run,1
2026-04-14 00:50:53,evaporation_run,0
2026-04-14 00:50:59,B0201_level_low,0.9615335534163734
2026-04-14 00:51:03,evaporation_run,1
2026-04-14 00:51:13,evaporation_run,0
2026-04-14 00:51:19,B0201_level_low,0.953688933891863
2026-04-14 00:51:23,evaporation_run,1
2026-04-14 00:51:33,evaporation_run,0
2026-04-14 00:51:39,B0201_level_low,0.9615335534163734
2026-04-14 00:51:43,evaporation_run,1
2026-04-14 00:51:49,B0101_level_low,14.693333333333328
2026-04-14 00:51:53,evaporation_run,0
2026-04-14 00:51:59,B0201_level_low,0.953688933891863
2026-04-14 00:52:03,evaporation_run,1
2026-04-14 00:52:13,evaporation_run,0
2026-04-14 00:52:19,B0201_level_low,0.9693823341748278
2026-04-14 00:52:23,evaporation_run,1
2026-04-14 00:52:33,evaporation_run,0
2026-04-14 00:52:40,B0201_level_low,0.9615335534163734
2026-04-14 00:52:43,evaporation_run,1
2026-04-14 00:52:53,evaporation_run,0
2026-04-14 00:53:00,B0101_level_low,14.799999999999997
2026-04-14 00:53:00,B0201_level_low,0.9693823341748278
2026-04-14 00:53:03,evaporation_run,1
2026-04-14 00:53:13,evaporation_run,0
2026-04-14 00:53:20,B0201_level_low,0.9615335534163734
2026-04-14 00:53:23,evaporation_run,1
2026-04-14 00:53:30,B0101_level_low,14.586666666666662
2026-04-14 00:53:34,evaporation_run,0
2026-04-14 00:53:40,B0201_level_low,0.9693823341748278
2026-04-14 00:53:44,evaporation_run,1
2026-04-14 00:53:54,evaporation_run,0
2026-04-14 00:54:00,B0201_level_low,0.9693823341748278
2026-04-14 00:54:04,evaporation_run,1
2026-04-14 00:54:14,evaporation_run,0
2026-04-14 00:54:21,B0201_level_low,0.9693823341748278
2026-04-14 00:54:24,evaporation_run,1
2026-04-14 00:54:31,B0101_level_low,14.693333333333328
2026-04-14 00:54:34,evaporation_run,0
2026-04-14 00:54:41,B0201_level_low,0.9693823341748278
2026-04-14 00:54:44,evaporation_run,1
2026-04-14 00:54:53,evaporation_run,0
2026-04-14 00:55:01,B0201_level_low,0.9615335534163734
2026-04-14 00:55:03,evaporation_run,1
2026-04-14 00:55:11,B0101_level_low,14.799999999999997
2026-04-14 00:55:13,evaporation_run,0
2026-04-14 00:55:21,B0201_level_low,0.9693823341748278
2026-04-14 00:55:23,evaporation_run,1
2026-04-14 00:55:33,evaporation_run,0
2026-04-14 00:55:41,B0201_level_low,0.9693823341748278
2026-04-14 00:55:43,evaporation_run,1
2026-04-14 00:55:52,B0101_level_low,14.906666666666663
2026-04-14 00:55:53,evaporation_run,0
2026-04-14 00:56:02,B0201_level_low,0.9693823341748278
2026-04-14 00:56:03,evaporation_run,1
2026-04-14 00:56:13,evaporation_run,0
2026-04-14 00:56:22,B0201_level_low,0.9693823341748278
2026-04-14 00:56:23,evaporation_run,1
2026-04-14 00:56:33,evaporation_run,0
2026-04-14 00:56:42,B0201_level_low,0.9615335534163734
2026-04-14 00:56:43,evaporation_run,1
2026-04-14 00:56:53,evaporation_run,0
2026-04-14 00:57:02,B0201_level_low,0.9693823341748278
2026-04-14 00:57:13,evaporation_run,1
2026-04-14 00:57:23,evaporation_run,0
2026-04-14 00:57:33,B0201_level_low,0.9615335534163734
2026-04-14 00:57:53,B0101_level_low,14.586666666666662
2026-04-14 00:57:53,evaporation_run,1
2026-04-14 00:58:03,B0201_level_low,0.9615335534163734
2026-04-14 00:58:03,evaporation_run,0
2026-04-14 00:58:23,evaporation_run,1
2026-04-14 00:58:33,B0101_level_low,14.693333333333328
2026-04-14 00:58:33,B0201_level_low,0.9693823341748278
2026-04-14 00:58:33,evaporation_run,0
2026-04-14 00:58:53,evaporation_run,1
2026-04-14 00:59:03,evaporation_run,0
2026-04-14 00:59:03,B0201_level_low,0.9693823341748278
2026-04-14 00:59:13,evaporation_run,1
2026-04-14 00:59:23,evaporation_run,0
2026-04-14 00:59:24,B0201_level_low,0.9693823341748278
2026-04-14 00:59:33,evaporation_run,1
2026-04-14 00:59:44,evaporation_run,0
2026-04-14 00:59:44,B0201_level_low,0.9693823341748278
2026-04-14 00:59:54,evaporation_run,1
2026-04-14 01:00:04,evaporation_run,0
2026-04-14 01:00:04,B0201_level_low,0.9615335534163734
2026-04-14 01:00:14,evaporation_run,1
2026-04-14 01:00:24,evaporation_run,0
2026-04-14 01:00:24,B0201_level_low,0.9693823341748278
2026-04-14 01:00:34,evaporation_run,1
2026-04-14 01:00:44,evaporation_run,0
2026-04-14 01:00:45,B0201_level_low,0.9693823341748278
2026-04-14 01:01:03,evaporation_run,1
2026-04-14 01:01:13,evaporation_run,0
2026-04-14 01:01:15,B0201_level_low,0.9693823341748278
2026-04-14 01:01:23,evaporation_run,1
2026-04-14 01:01:33,evaporation_run,0
2026-04-14 01:01:35,B0201_level_low,0.9693823341748278
2026-04-14 01:01:43,evaporation_run,1
2026-04-14 01:01:53,evaporation_run,0
2026-04-14 01:01:55,B0201_level_low,0.9693823341748278
2026-04-14 01:02:03,evaporation_run,1
2026-04-14 01:02:13,evaporation_run,0
2026-04-14 01:02:15,B0201_level_low,0.9615335534163734
2026-04-14 01:02:23,evaporation_run,1
2026-04-14 01:02:33,evaporation_run,0
2026-04-14 01:02:36,B0201_level_low,0.9615335534163734
2026-04-14 01:02:43,evaporation_run,1
2026-04-14 01:02:53,evaporation_run,0
2026-04-14 01:02:56,B0201_level_low,0.9615335534163734
2026-04-14 01:03:03,evaporation_run,1
2026-04-14 01:03:13,evaporation_run,0
2026-04-14 01:03:16,B0201_level_low,0.9615335534163734
2026-04-14 01:03:23,evaporation_run,1
2026-04-14 01:03:33,evaporation_run,0
2026-04-14 01:03:36,B0201_level_low,0.9693823341748278
2026-04-14 01:03:43,evaporation_run,1
2026-04-14 01:03:53,evaporation_run,0
2026-04-14 01:03:56,B0201_level_low,0.953688933891863
2026-04-14 01:04:03,evaporation_run,1
2026-04-14 01:04:13,evaporation_run,0
2026-04-14 01:04:17,B0201_level_low,0.9693823341748278
2026-04-14 01:04:23,evaporation_run,1
2026-04-14 01:04:33,evaporation_run,0
2026-04-14 01:04:37,B0201_level_low,0.9615335534163734
2026-04-14 01:04:43,evaporation_run,1
2026-04-14 01:04:53,evaporation_run,0
2026-04-14 01:04:57,B0201_level_low,0.9693823341748278
2026-04-14 01:05:03,evaporation_run,1
2026-04-14 01:05:13,evaporation_run,0
2026-04-14 01:05:17,B0201_level_low,0.9615335534163734
2026-04-14 01:05:23,evaporation_run,1
2026-04-14 01:05:33,evaporation_run,0
2026-04-14 01:05:38,B0201_level_low,0.9615335534163734
2026-04-14 01:06:44,evaporation_run,1
2026-04-14 01:06:54,evaporation_run,0
2026-04-14 01:06:58,B0201_level_low,0.9615335534163734
2026-04-14 01:07:04,evaporation_run,1
2026-04-14 01:07:14,evaporation_run,0
2026-04-14 01:07:19,B0201_level_low,0.9615335534163734
2026-04-14 01:07:23,evaporation_run,1
2026-04-14 01:07:33,evaporation_run,0
2026-04-14 01:07:39,B0201_level_low,0.9615335534163734
2026-04-14 01:07:43,evaporation_run,1
2026-04-14 01:07:53,evaporation_run,0
2026-04-14 01:07:59,B0201_level_low,0.9693823341748278
2026-04-14 01:08:03,evaporation_run,1
2026-04-14 01:08:13,evaporation_run,0
2026-04-14 01:08:19,B0201_level_low,0.9693823341748278
2026-04-14 01:08:23,evaporation_run,1
2026-04-14 01:08:33,evaporation_run,0
2026-04-14 01:08:39,B0201_level_low,0.9693823341748278
2026-04-14 01:08:43,evaporation_run,1
2026-04-14 01:08:53,evaporation_run,0
2026-04-14 01:09:00,B0201_level_low,0.9693823341748278
2026-04-14 01:09:03,evaporation_run,1
2026-04-14 01:09:13,evaporation_run,0
2026-04-14 01:09:20,B0201_level_low,0.9615335534163734
2026-04-14 01:09:23,evaporation_run,1
2026-04-14 01:09:33,evaporation_run,0
2026-04-14 01:09:40,B0201_level_low,0.9615335534163734
2026-04-14 01:09:43,evaporation_run,1
2026-04-14 01:09:53,evaporation_run,0
2026-04-14 01:10:00,B0201_level_low,0.9693823341748278
2026-04-14 01:10:03,evaporation_run,1
2026-04-14 01:10:13,evaporation_run,0
2026-04-14 01:10:20,B0201_level_low,0.9615335534163734
2026-04-14 01:10:23,evaporation_run,1
2026-04-14 01:10:33,evaporation_run,0
2026-04-14 01:10:41,B0201_level_low,0.9615335534163734
2026-04-14 01:10:43,evaporation_run,1
2026-04-14 01:10:53,evaporation_run,0
2026-04-14 01:11:01,B0201_level_low,0.9693823341748278
2026-04-14 01:11:03,evaporation_run,1
2026-04-14 01:11:13,evaporation_run,0
2026-04-14 01:11:21,B0201_level_low,0.9693823341748278
2026-04-14 01:11:23,evaporation_run,1
2026-04-14 01:11:33,evaporation_run,0
2026-04-14 01:11:41,B0201_level_low,0.9693823341748278
2026-04-14 01:13:14,evaporation_run,1
2026-04-14 01:13:24,evaporation_run,0
2026-04-14 01:13:32,B0201_level_low,0.9615335534163734
2026-04-14 01:13:34,evaporation_run,1
2026-04-14 01:13:43,evaporation_run,0
2026-04-14 01:13:53,B0201_level_low,0.9615335534163734
2026-04-14 01:13:53,evaporation_run,1
2026-04-14 01:14:03,evaporation_run,0
2026-04-14 01:14:13,evaporation_run,1
2026-04-14 01:14:23,B0201_level_low,0.953688933891863
2026-04-14 01:14:23,evaporation_run,0
2026-04-14 01:14:33,evaporation_run,1
2026-04-14 01:14:43,evaporation_run,0
2026-04-14 01:14:43,B0201_level_low,0.953688933891863
2026-04-14 01:14:53,evaporation_run,1
2026-04-14 01:15:03,evaporation_run,0
2026-04-14 01:15:03,B0201_level_low,0.953688933891863
2026-04-14 01:15:13,evaporation_run,1
2026-04-14 01:15:33,evaporation_run,0
2026-04-14 01:15:34,B0201_level_low,0.9615335534163734
2026-04-14 01:15:43,evaporation_run,1
2026-04-14 01:15:53,evaporation_run,0
2026-04-14 01:15:54,B0201_level_low,0.9693823341748278
2026-04-14 01:16:03,evaporation_run,1
2026-04-14 01:16:13,evaporation_run,0
2026-04-14 01:16:14,B0201_level_low,0.953688933891863
2026-04-14 01:16:23,evaporation_run,1
2026-04-14 01:16:33,evaporation_run,0
2026-04-14 01:16:34,B0201_level_low,0.9693823341748278
2026-04-14 01:16:43,evaporation_run,1
2026-04-14 01:16:53,evaporation_run,0
2026-04-14 01:16:54,B0201_level_low,0.9615335534163734
2026-04-14 01:17:03,evaporation_run,1
2026-04-14 01:17:13,evaporation_run,0
2026-04-14 01:17:15,B0201_level_low,0.9693823341748278
2026-04-14 01:17:23,evaporation_run,1
2026-04-14 01:17:33,evaporation_run,0
2026-04-14 01:17:35,B0201_level_low,0.9615335534163734
2026-04-14 01:17:43,evaporation_run,1
2026-04-14 01:17:53,evaporation_run,0
2026-04-14 01:17:55,B0201_level_low,0.9693823341748278
2026-04-14 01:18:03,evaporation_run,1
2026-04-14 01:18:14,evaporation_run,0
2026-04-14 01:18:15,B0201_level_low,0.9772352761672254
2026-04-14 01:18:24,evaporation_run,1
2026-04-14 01:18:34,evaporation_run,0
2026-04-14 01:18:35,B0201_level_low,0.9693823341748278
2026-04-14 01:18:44,evaporation_run,1
2026-04-14 01:18:54,evaporation_run,0
2026-04-14 01:18:56,B0201_level_low,0.9615335534163734
2026-04-14 01:19:04,evaporation_run,1
2026-04-14 01:19:14,evaporation_run,0
2026-04-14 01:19:16,B0201_level_low,0.9693823341748278
2026-04-14 01:19:24,evaporation_run,1
2026-04-14 01:19:34,evaporation_run,0
2026-04-14 01:19:36,B0201_level_low,0.9693823341748278
2026-04-14 01:19:44,evaporation_run,1
2026-04-14 01:19:53,evaporation_run,0
2026-04-14 01:19:56,B0201_level_low,0.9693823341748278
2026-04-14 01:20:03,evaporation_run,1
2026-04-14 01:20:13,evaporation_run,0
2026-04-14 01:20:16,B0201_level_low,0.953688933891863
2026-04-14 01:20:23,evaporation_run,1
2026-04-14 01:20:33,evaporation_run,0
2026-04-14 01:20:37,B0201_level_low,0.9615335534163734
2026-04-14 01:20:43,evaporation_run,1
2026-04-14 01:20:53,evaporation_run,0
2026-04-14 01:20:57,B0201_level_low,0.9693823341748278
2026-04-14 01:21:03,evaporation_run,1
2026-04-14 01:21:13,evaporation_run,0
2026-04-14 01:21:17,B0201_level_low,0.9615335534163734
2026-04-14 01:21:23,evaporation_run,1
2026-04-14 01:21:33,evaporation_run,0
2026-04-14 01:21:37,B0201_level_low,0.9693823341748278
2026-04-14 01:22:33,evaporation_run,1
2026-04-14 01:22:43,evaporation_run,0
2026-04-14 01:22:48,B0201_level_low,0.9693823341748278
2026-04-14 01:22:53,evaporation_run,1
2026-04-14 01:23:03,evaporation_run,0
2026-04-14 01:23:08,B0201_level_low,0.9693823341748278
2026-04-14 01:23:13,evaporation_run,1
2026-04-14 01:23:23,evaporation_run,0
2026-04-14 01:23:28,B0201_level_low,0.9615335534163734
2026-04-14 01:23:33,evaporation_run,1
2026-04-14 01:23:43,evaporation_run,0
2026-04-14 01:23:49,B0201_level_low,0.9693823341748278
2026-04-14 01:24:03,evaporation_run,1
2026-04-14 01:24:14,evaporation_run,0
2026-04-14 01:24:19,B0201_level_low,0.9693823341748278
2026-04-14 01:24:44,evaporation_run,1
2026-04-14 01:24:54,evaporation_run,0
2026-04-14 01:24:59,B0201_level_low,0.9693823341748278
2026-04-14 01:25:04,evaporation_run,1
2026-04-14 01:25:14,evaporation_run,0
2026-04-14 01:25:20,B0201_level_low,0.9615335534163734
2026-04-14 01:25:24,evaporation_run,1
2026-04-14 01:25:34,evaporation_run,0
2026-04-14 01:25:40,B0201_level_low,0.9693823341748278
2026-04-14 01:25:44,evaporation_run,1
2026-04-14 01:25:53,evaporation_run,0
2026-04-14 01:26:00,B0201_level_low,0.9693823341748278
2026-04-14 01:26:03,evaporation_run,1
2026-04-14 01:26:13,evaporation_run,0
2026-04-14 01:26:20,B0201_level_low,0.9615335534163734
2026-04-14 01:26:23,evaporation_run,1
2026-04-14 01:26:33,evaporation_run,0
2026-04-14 01:26:40,B0201_level_low,0.9615335534163734
2026-04-14 01:26:43,evaporation_run,1
2026-04-14 01:26:53,evaporation_run,0
2026-04-14 01:27:01,B0201_level_low,0.9615335534163734
2026-04-14 01:27:03,evaporation_run,1
2026-04-14 01:27:13,evaporation_run,0
2026-04-14 01:27:21,B0201_level_low,0.9693823341748278
2026-04-14 01:27:23,evaporation_run,1
2026-04-14 01:27:33,evaporation_run,0
2026-04-14 01:27:41,B0201_level_low,0.9693823341748278
2026-04-14 01:27:43,evaporation_run,1
2026-04-14 01:27:53,evaporation_run,0
2026-04-14 01:28:01,B0201_level_low,0.953688933891863
2026-04-14 01:28:13,evaporation_run,1
2026-04-14 01:28:23,evaporation_run,0
2026-04-14 01:28:32,B0201_level_low,0.9693823341748278
2026-04-14 01:28:33,evaporation_run,1
2026-04-14 01:28:43,evaporation_run,0
2026-04-14 01:28:52,B0201_level_low,0.9615335534163734
2026-04-14 01:28:53,evaporation_run,1
2026-04-14 01:29:03,evaporation_run,0
2026-04-14 01:29:12,B0201_level_low,0.953688933891863
2026-04-14 01:29:13,evaporation_run,1
2026-04-14 01:29:23,evaporation_run,0
2026-04-14 01:29:32,B0201_level_low,0.9693823341748278
2026-04-14 01:29:33,evaporation_run,1
2026-04-14 01:29:43,evaporation_run,0
2026-04-14 01:29:52,B0201_level_low,0.9615335534163734
2026-04-14 01:29:53,evaporation_run,1
2026-04-14 01:30:03,evaporation_run,0
2026-04-14 01:30:13,B0201_level_low,0.9772352761672254
2026-04-14 01:30:13,evaporation_run,1
2026-04-14 01:30:24,evaporation_run,0
2026-04-14 01:30:34,evaporation_run,1
2026-04-14 01:30:43,B0201_level_low,0.9693823341748278
2026-04-14 01:30:44,evaporation_run,0
2026-04-14 01:30:54,evaporation_run,1
2026-04-14 01:31:03,B0201_level_low,0.9693823341748278
2026-04-14 01:31:04,evaporation_run,0
2026-04-14 01:31:24,evaporation_run,1
2026-04-14 01:31:33,B0201_level_low,0.9693823341748278
2026-04-14 01:31:34,evaporation_run,0
2026-04-14 01:31:44,evaporation_run,1
2026-04-14 01:31:54,B0201_level_low,0.9772352761672254
2026-04-14 01:31:54,evaporation_run,0
2026-04-14 01:32:04,evaporation_run,1
2026-04-14 01:32:13,evaporation_run,0
2026-04-14 01:32:14,B0201_level_low,0.9693823341748278
2026-04-14 01:32:23,evaporation_run,1
2026-04-14 01:32:33,evaporation_run,0
2026-04-14 01:32:34,B0201_level_low,0.9693823341748278
2026-04-14 01:32:43,evaporation_run,1
2026-04-14 01:32:53,evaporation_run,0
2026-04-14 01:32:54,B0201_level_low,0.9693823341748278
2026-04-14 01:33:13,evaporation_run,1
2026-04-14 01:33:23,evaporation_run,0
2026-04-14 01:33:25,B0201_level_low,0.9693823341748278
2026-04-14 01:33:43,evaporation_run,1
2026-04-14 01:33:53,evaporation_run,0
2026-04-14 01:33:55,B0201_level_low,0.9693823341748278
2026-04-14 01:34:03,evaporation_run,1
2026-04-14 01:34:13,evaporation_run,0
2026-04-14 01:34:15,B0201_level_low,0.9615335534163734
2026-04-14 01:34:23,evaporation_run,1
2026-04-14 01:34:33,evaporation_run,0
2026-04-14 01:34:35,B0201_level_low,0.953688933891863
2026-04-14 01:34:43,evaporation_run,1
2026-04-14 01:34:53,evaporation_run,0
2026-04-14 01:34:55,B0201_level_low,0.9693823341748278
2026-04-14 01:35:23,evaporation_run,1
2026-04-14 01:35:33,evaporation_run,0
2026-04-14 01:35:36,B0201_level_low,0.9693823341748278
2026-04-14 01:35:43,evaporation_run,1
2026-04-14 01:35:53,evaporation_run,0
2026-04-14 01:35:56,B0201_level_low,0.9458484756012986
2026-04-14 01:36:23,evaporation_run,1
2026-04-14 01:36:34,evaporation_run,0
2026-04-14 01:36:37,B0201_level_low,0.9693823341748278
2026-04-14 01:36:44,evaporation_run,1
2026-04-14 01:36:54,evaporation_run,0
2026-04-14 01:36:57,B0201_level_low,0.9615335534163734
2026-04-14 01:37:14,evaporation_run,1
2026-04-14 01:37:24,evaporation_run,0
2026-04-14 01:37:27,B0201_level_low,0.9693823341748278
2026-04-14 01:37:44,evaporation_run,1
2026-04-14 01:37:54,evaporation_run,0
2026-04-14 01:37:57,B0201_level_low,0.9693823341748278
2026-04-14 01:38:04,evaporation_run,1
2026-04-14 01:38:14,evaporation_run,0
2026-04-14 01:38:18,B0201_level_low,0.9615335534163734
2026-04-14 01:38:24,evaporation_run,1
2026-04-14 01:38:33,evaporation_run,0
2026-04-14 01:38:38,B0201_level_low,0.9693823341748278
2026-04-14 01:38:43,evaporation_run,1
2026-04-14 01:38:53,evaporation_run,0
2026-04-14 01:38:58,B0201_level_low,0.9615335534163734
2026-04-14 01:39:03,evaporation_run,1
2026-04-14 01:39:08,B0101_level_low,14.693333333333328
2026-04-14 01:39:13,evaporation_run,0
2026-04-14 01:39:18,B0201_level_low,0.9693823341748278
2026-04-14 01:39:23,evaporation_run,1
2026-04-14 01:39:33,evaporation_run,0
2026-04-14 01:39:38,B0201_level_low,0.953688933891863
2026-04-14 01:39:43,evaporation_run,1
2026-04-14 01:39:53,evaporation_run,0
2026-04-14 01:39:59,B0201_level_low,0.9693823341748278
2026-04-14 01:40:03,evaporation_run,1
2026-04-14 01:40:13,evaporation_run,0
2026-04-14 01:40:19,B0201_level_low,0.9615335534163734
2026-04-14 01:40:23,evaporation_run,1
2026-04-14 01:40:33,evaporation_run,0
2026-04-14 01:40:39,B0201_level_low,0.9693823341748278
2026-04-14 01:40:43,evaporation_run,1
2026-04-14 01:40:53,evaporation_run,0
2026-04-14 01:40:59,B0201_level_low,0.9615335534163734
2026-04-14 01:41:03,evaporation_run,1
2026-04-14 01:41:13,evaporation_run,0
2026-04-14 01:41:19,B0201_level_low,0.9693823341748278
2026-04-14 01:41:23,evaporation_run,1
2026-04-14 01:41:33,evaporation_run,0
2026-04-14 01:41:40,B0201_level_low,0.9615335534163734
2026-04-14 01:41:43,evaporation_run,1
2026-04-14 01:41:53,evaporation_run,0
2026-04-14 01:42:00,B0201_level_low,0.9693823341748278
2026-04-14 01:42:03,evaporation_run,1
2026-04-14 01:42:13,evaporation_run,0
2026-04-14 01:42:20,B0201_level_low,0.9693823341748278
2026-04-14 01:42:23,evaporation_run,1
2026-04-14 01:42:33,evaporation_run,0
2026-04-14 01:42:40,B0201_level_low,0.9693823341748278
2026-04-14 01:42:44,evaporation_run,1
2026-04-14 01:42:54,evaporation_run,0
2026-04-14 01:43:00,B0201_level_low,0.9772352761672254
2026-04-14 01:43:04,evaporation_run,1
2026-04-14 01:43:14,evaporation_run,0
2026-04-14 01:43:21,B0201_level_low,0.9615335534163734
2026-04-14 01:43:24,evaporation_run,1
2026-04-14 01:43:34,evaporation_run,0
2026-04-14 01:43:41,B0201_level_low,0.9615335534163734
2026-04-14 01:43:44,evaporation_run,1
2026-04-14 01:43:54,evaporation_run,0
2026-04-14 01:44:01,B0201_level_low,0.9693823341748278
2026-04-14 01:44:04,evaporation_run,1
2026-04-14 01:44:14,evaporation_run,0
2026-04-14 01:44:21,B0201_level_low,0.9693823341748278
2026-04-14 01:44:24,evaporation_run,1
2026-04-14 01:44:34,evaporation_run,0
2026-04-14 01:44:41,B0201_level_low,0.9693823341748278
2026-04-14 01:44:43,evaporation_run,1
2026-04-14 01:44:53,evaporation_run,0
2026-04-14 01:45:02,B0201_level_low,0.9615335534163734
2026-04-14 01:45:03,evaporation_run,1
2026-04-14 01:45:13,evaporation_run,0
2026-04-14 01:45:22,B0201_level_low,0.9615335534163734
2026-04-14 01:45:23,evaporation_run,1
2026-04-14 01:45:33,evaporation_run,0
2026-04-14 01:45:42,B0201_level_low,0.9615335534163734
2026-04-14 01:45:43,evaporation_run,1
2026-04-14 01:45:53,evaporation_run,0
2026-04-14 01:46:02,B0201_level_low,0.9693823341748278
2026-04-14 01:46:03,evaporation_run,1
2026-04-14 01:46:13,evaporation_run,0
2026-04-14 01:46:23,B0201_level_low,0.9693823341748278
2026-04-14 01:46:23,evaporation_run,1
2026-04-14 01:46:33,evaporation_run,0
2026-04-14 01:46:43,B0201_level_low,0.9693823341748278
2026-04-14 01:46:43,evaporation_run,1
2026-04-14 01:46:53,evaporation_run,0
2026-04-14 01:47:03,evaporation_run,1
2026-04-14 01:47:13,B0201_level_low,0.9693823341748278
2026-04-14 01:47:13,evaporation_run,0
2026-04-14 01:47:23,evaporation_run,1
2026-04-14 01:47:33,B0201_level_low,0.9693823341748278
2026-04-14 01:47:33,evaporation_run,0
2026-04-14 01:47:43,evaporation_run,1
2026-04-14 01:47:53,evaporation_run,0
2026-04-14 01:47:53,B0201_level_low,0.9772352761672254
2026-04-14 01:48:03,evaporation_run,1
2026-04-14 01:48:13,evaporation_run,0
2026-04-14 01:48:14,B0201_level_low,0.9693823341748278
2026-04-14 01:48:23,evaporation_run,1
2026-04-14 01:48:33,evaporation_run,0
2026-04-14 01:48:34,B0201_level_low,0.9615335534163734
2026-04-14 01:48:43,evaporation_run,1
2026-04-14 01:48:54,evaporation_run,0
2026-04-14 01:48:54,B0201_level_low,0.9693823341748278
2026-04-14 01:49:04,evaporation_run,1
2026-04-14 01:49:14,evaporation_run,0
2026-04-14 01:49:14,B0201_level_low,0.9772352761672254
2026-04-14 01:49:24,evaporation_run,1
2026-04-14 01:49:34,evaporation_run,0
2026-04-14 01:49:34,B0201_level_low,0.9772352761672254
2026-04-14 01:49:44,evaporation_run,1
2026-04-14 01:49:54,evaporation_run,0
2026-04-14 01:49:55,B0201_level_low,0.9772352761672254
2026-04-14 01:50:04,evaporation_run,1
2026-04-14 01:50:14,evaporation_run,0
2026-04-14 01:50:15,B0201_level_low,0.9772352761672254
2026-04-14 01:50:24,evaporation_run,1
2026-04-14 01:50:34,evaporation_run,0
2026-04-14 01:50:35,B0201_level_low,0.9693823341748278
2026-04-14 01:50:44,evaporation_run,1
2026-04-14 01:50:53,evaporation_run,0
2026-04-14 01:50:55,B0201_level_low,0.9772352761672254
2026-04-14 01:51:03,evaporation_run,1
2026-04-14 01:51:13,evaporation_run,0
2026-04-14 01:51:16,B0201_level_low,0.9693823341748278
2026-04-14 01:51:23,evaporation_run,1
2026-04-14 01:51:26,B0101_level_low,14.053333333333331
2026-04-14 01:51:33,evaporation_run,0
2026-04-14 01:51:36,B0201_level_low,0.9693823341748278
2026-04-14 01:51:43,evaporation_run,1
2026-04-14 01:51:53,evaporation_run,0
2026-04-14 01:51:56,B0101_level_low,14.693333333333328
2026-04-14 01:51:56,B0201_level_low,0.9693823341748278
2026-04-14 01:52:03,evaporation_run,1
2026-04-14 01:52:13,evaporation_run,0
2026-04-14 01:52:16,B0201_level_low,0.9693823341748278
2026-04-14 01:52:23,evaporation_run,1
2026-04-14 01:52:33,evaporation_run,0
2026-04-14 01:52:36,B0101_level_low,14.799999999999997
2026-04-14 01:52:36,B0201_level_low,0.9615335534163734
2026-04-14 01:52:43,evaporation_run,1
2026-04-14 01:52:53,evaporation_run,0
2026-04-14 01:52:57,B0201_level_low,0.9693823341748278
2026-04-14 01:53:03,evaporation_run,1
2026-04-14 01:53:07,B0101_level_low,14.799999999999997
2026-04-14 01:53:13,evaporation_run,0
2026-04-14 01:53:17,B0201_level_low,0.953688933891863
2026-04-14 01:53:23,evaporation_run,1
2026-04-14 01:53:33,evaporation_run,0
2026-04-14 01:53:37,B0201_level_low,0.9693823341748278
2026-04-14 01:53:43,evaporation_run,1
2026-04-14 01:53:53,evaporation_run,0
2026-04-14 01:53:57,B0201_level_low,0.9693823341748278
2026-04-14 01:54:03,evaporation_run,1
2026-04-14 01:54:07,B0101_level_low,14.799999999999997
2026-04-14 01:54:13,evaporation_run,0
2026-04-14 01:54:17,B0201_level_low,0.9693823341748278
2026-04-14 01:54:23,evaporation_run,1
2026-04-14 01:54:33,evaporation_run,0
2026-04-14 01:54:38,B0201_level_low,0.9693823341748278
2026-04-14 01:54:43,evaporation_run,1
2026-04-14 01:54:54,evaporation_run,0
2026-04-14 01:54:58,B0201_level_low,0.9772352761672254
2026-04-14 01:55:04,evaporation_run,1
2026-04-14 01:55:14,evaporation_run,0
2026-04-14 01:55:18,B0201_level_low,0.9615335534163734
2026-04-14 01:55:34,evaporation_run,1
2026-04-14 01:55:44,evaporation_run,0
2026-04-14 01:55:48,B0101_level_low,14.799999999999997
2026-04-14 01:55:48,B0201_level_low,0.9615335534163734
2026-04-14 01:55:54,evaporation_run,1
2026-04-14 01:56:04,evaporation_run,0
2026-04-14 01:56:09,B0201_level_low,0.9772352761672254
2026-04-14 01:56:14,evaporation_run,1
2026-04-14 01:56:24,evaporation_run,0
2026-04-14 01:56:29,B0201_level_low,0.9615335534163734
2026-04-14 01:56:34,evaporation_run,1
2026-04-14 01:56:44,evaporation_run,0
2026-04-14 01:56:49,B0201_level_low,0.9693823341748278
2026-04-14 01:56:53,evaporation_run,1
2026-04-14 01:57:03,evaporation_run,0
2026-04-14 01:57:09,B0201_level_low,0.9693823341748278
2026-04-14 01:57:13,evaporation_run,1
2026-04-14 01:57:23,evaporation_run,0
2026-04-14 01:57:29,B0201_level_low,0.9693823341748278
2026-04-14 01:57:39,B0101_level_low,14.799999999999997
2026-04-14 01:57:43,evaporation_run,1
2026-04-14 01:57:53,evaporation_run,0
2026-04-14 01:58:00,B0201_level_low,0.9693823341748278
2026-04-14 01:58:03,evaporation_run,1
2026-04-14 01:58:13,evaporation_run,0
2026-04-14 01:58:20,B0201_level_low,0.9693823341748278
2026-04-14 01:58:23,evaporation_run,1
2026-04-14 01:58:33,evaporation_run,0
2026-04-14 01:58:40,B0201_level_low,0.9693823341748278
2026-04-14 01:58:43,evaporation_run,1
2026-04-14 01:58:53,evaporation_run,0
2026-04-14 01:59:00,B0201_level_low,0.9693823341748278
2026-04-14 01:59:03,evaporation_run,1
2026-04-14 01:59:13,evaporation_run,0
2026-04-14 01:59:20,B0201_level_low,0.9693823341748278
2026-04-14 01:59:33,evaporation_run,1
2026-04-14 01:59:43,evaporation_run,0
2026-04-14 01:59:51,B0101_level_low,14.799999999999997
2026-04-14 01:59:51,B0201_level_low,0.9693823341748278
2026-04-14 02:00:03,evaporation_run,1
2026-04-14 02:00:13,evaporation_run,0
2026-04-14 02:00:21,B0201_level_low,0.9615335534163734
2026-04-14 02:00:23,evaporation_run,1
2026-04-14 02:00:33,evaporation_run,0
2026-04-14 02:00:41,B0201_level_low,0.9693823341748278
2026-04-14 02:00:43,evaporation_run,1
2026-04-14 02:00:53,evaporation_run,0
2026-04-14 02:01:02,B0201_level_low,0.9458484756012986
2026-04-14 02:01:04,evaporation_run,1
2026-04-14 02:01:14,evaporation_run,0
2026-04-14 02:01:22,B0201_level_low,0.953688933891863
2026-04-14 02:01:24,evaporation_run,1
2026-04-14 02:01:34,evaporation_run,0
2026-04-14 02:01:42,B0201_level_low,0.9615335534163734
2026-04-14 02:01:44,evaporation_run,1
2026-04-14 02:01:54,evaporation_run,0
2026-04-14 02:02:02,B0201_level_low,0.9615335534163734
2026-04-14 02:02:04,evaporation_run,1
2026-04-14 02:02:14,evaporation_run,0
2026-04-14 02:02:22,B0201_level_low,0.953688933891863
2026-04-14 02:02:24,evaporation_run,1
2026-04-14 02:02:32,B0101_level_low,14.799999999999997
2026-04-14 02:02:34,evaporation_run,0
2026-04-14 02:02:43,B0201_level_low,0.9693823341748278
2026-04-14 02:02:44,evaporation_run,1
2026-04-14 02:02:54,evaporation_run,0
2026-04-14 02:03:03,B0201_level_low,0.9693823341748278
2026-04-14 02:03:04,evaporation_run,1
2026-04-14 02:03:13,B0101_level_low,14.586666666666662
2026-04-14 02:03:13,evaporation_run,0
2026-04-14 02:03:23,evaporation_run,1
2026-04-14 02:03:33,evaporation_run,0
2026-04-14 02:03:33,B0201_level_low,0.9693823341748278
2026-04-14 02:03:43,evaporation_run,1
2026-04-14 02:03:53,evaporation_run,0
2026-04-14 02:03:53,B0201_level_low,0.9693823341748278
2026-04-14 02:04:03,evaporation_run,1
2026-04-14 02:04:13,evaporation_run,0
2026-04-14 02:04:13,B0201_level_low,0.953688933891863
2026-04-14 02:04:23,evaporation_run,1
2026-04-14 02:04:33,evaporation_run,0
2026-04-14 02:04:34,B0201_level_low,0.9693823341748278
2026-04-14 02:04:43,evaporation_run,1
2026-04-14 02:04:53,evaporation_run,0
2026-04-14 02:04:54,B0201_level_low,0.953688933891863
2026-04-14 02:05:03,evaporation_run,1
2026-04-14 02:05:13,evaporation_run,0
2026-04-14 02:05:14,B0201_level_low,0.9693823341748278
2026-04-14 02:05:23,evaporation_run,1
2026-04-14 02:05:33,evaporation_run,0
2026-04-14 02:05:34,B0201_level_low,0.953688933891863
2026-04-14 02:05:43,evaporation_run,1
2026-04-14 02:05:53,evaporation_run,0
2026-04-14 02:05:55,B0201_level_low,0.953688933891863
2026-04-14 02:06:03,evaporation_run,1
2026-04-14 02:06:13,evaporation_run,0
2026-04-14 02:06:15,B0201_level_low,0.953688933891863
2026-04-14 02:06:23,evaporation_run,1
2026-04-14 02:06:33,evaporation_run,0
2026-04-14 02:06:35,B0201_level_low,0.9693823341748278
2026-04-14 02:06:43,evaporation_run,1
2026-04-14 02:06:53,evaporation_run,0
2026-04-14 02:06:55,B0201_level_low,0.953688933891863
2026-04-14 02:07:04,evaporation_run,1
2026-04-14 02:07:14,evaporation_run,0
2026-04-14 02:07:15,B0201_level_low,0.9772352761672254
2026-04-14 02:07:24,evaporation_run,1
2026-04-14 02:07:34,evaporation_run,0
2026-04-14 02:07:36,B0201_level_low,0.9693823341748278
2026-04-14 02:07:44,evaporation_run,1
2026-04-14 02:07:54,evaporation_run,0
2026-04-14 02:07:56,B0201_level_low,0.9693823341748278
2026-04-14 02:08:04,evaporation_run,1
2026-04-14 02:08:14,evaporation_run,0
2026-04-14 02:08:16,B0201_level_low,0.953688933891863
2026-04-14 02:08:24,evaporation_run,1
2026-04-14 02:08:34,evaporation_run,0
2026-04-14 02:08:36,B0201_level_low,0.9615335534163734
2026-04-14 02:08:44,evaporation_run,1
2026-04-14 02:08:54,evaporation_run,0
2026-04-14 02:08:56,B0201_level_low,0.953688933891863
2026-04-14 02:09:14,evaporation_run,1
2026-04-14 02:09:23,evaporation_run,0
2026-04-14 02:09:27,B0201_level_low,0.9615335534163734
2026-04-14 02:09:33,evaporation_run,1
2026-04-14 02:09:43,evaporation_run,0
2026-04-14 02:09:47,B0201_level_low,0.9693823341748278
2026-04-14 02:09:53,evaporation_run,1
2026-04-14 02:10:03,evaporation_run,0
2026-04-14 02:10:07,B0201_level_low,0.9693823341748278
2026-04-14 02:10:13,evaporation_run,1
2026-04-14 02:10:23,evaporation_run,0
2026-04-14 02:10:27,B0201_level_low,0.9693823341748278
2026-04-14 02:10:33,evaporation_run,1
2026-04-14 02:10:43,evaporation_run,0
2026-04-14 02:10:47,B0201_level_low,0.9693823341748278
2026-04-14 02:10:53,evaporation_run,1
2026-04-14 02:11:03,evaporation_run,0
2026-04-14 02:11:08,B0201_level_low,0.9615335534163734
2026-04-14 02:11:23,evaporation_run,1
2026-04-14 02:11:33,evaporation_run,0
2026-04-14 02:11:38,B0201_level_low,0.9693823341748278
2026-04-14 02:11:43,evaporation_run,1
2026-04-14 02:11:53,evaporation_run,0
2026-04-14 02:11:58,B0201_level_low,0.9615335534163734
2026-04-14 02:12:03,evaporation_run,1
2026-04-14 02:12:13,evaporation_run,0
2026-04-14 02:12:18,B0201_level_low,0.9693823341748278
2026-04-14 02:12:23,evaporation_run,1
2026-04-14 02:12:33,evaporation_run,0
2026-04-14 02:12:39,B0201_level_low,0.9693823341748278
2026-04-14 02:13:03,evaporation_run,1
2026-04-14 02:13:14,evaporation_run,0
2026-04-14 02:13:19,B0201_level_low,0.953688933891863
2026-04-14 02:13:24,evaporation_run,1
2026-04-14 02:13:34,evaporation_run,0
2026-04-14 02:13:39,B0201_level_low,0.9615335534163734
2026-04-14 02:13:44,evaporation_run,1
2026-04-14 02:13:54,evaporation_run,0
2026-04-14 02:13:59,B0201_level_low,0.9693823341748278
2026-04-14 02:14:04,evaporation_run,1
2026-04-14 02:14:14,evaporation_run,0
2026-04-14 02:14:20,B0201_level_low,0.9772352761672254
2026-04-14 02:15:04,evaporation_run,1
2026-04-14 02:15:14,evaporation_run,0
2026-04-14 02:15:20,B0201_level_low,0.9615335534163734
2026-04-14 02:15:34,evaporation_run,1
2026-04-14 02:15:43,evaporation_run,0
2026-04-14 02:15:51,B0201_level_low,0.9615335534163734
2026-04-14 02:15:53,evaporation_run,1
2026-04-14 02:16:03,evaporation_run,0
2026-04-14 02:16:11,B0201_level_low,0.9615335534163734
2026-04-14 02:16:13,evaporation_run,1
2026-04-14 02:16:23,evaporation_run,0
2026-04-14 02:16:31,B0201_level_low,0.9615335534163734
2026-04-14 02:16:33,evaporation_run,1
2026-04-14 02:16:43,evaporation_run,0
2026-04-14 02:16:51,B0201_level_low,0.9772352761672254
2026-04-14 02:16:53,evaporation_run,1
2026-04-14 02:17:03,evaporation_run,0
2026-04-14 02:17:11,B0201_level_low,0.953688933891863
2026-04-14 02:17:23,evaporation_run,1
2026-04-14 02:17:33,evaporation_run,0
2026-04-14 02:17:42,B0201_level_low,0.9693823341748278
2026-04-14 02:17:43,evaporation_run,1
2026-04-14 02:17:53,evaporation_run,0
2026-04-14 02:18:02,B0201_level_low,0.9772352761672254
2026-04-14 02:18:03,evaporation_run,1
2026-04-14 02:18:13,evaporation_run,0
2026-04-14 02:18:22,B0201_level_low,0.9693823341748278
2026-04-14 02:18:23,evaporation_run,1
2026-04-14 02:18:33,evaporation_run,0
2026-04-14 02:18:42,B0201_level_low,0.9693823341748278
2026-04-14 02:18:43,evaporation_run,1
2026-04-14 02:18:53,evaporation_run,0
2026-04-14 02:19:03,B0201_level_low,0.9615335534163734
2026-04-14 02:19:03,evaporation_run,1
2026-04-14 02:19:13,evaporation_run,0
2026-04-14 02:19:23,B0201_level_low,0.9693823341748278
2026-04-14 02:19:24,evaporation_run,1
2026-04-14 02:19:34,evaporation_run,0
2026-04-14 02:19:44,evaporation_run,1
2026-04-14 02:19:53,B0201_level_low,0.9615335534163734
2026-04-14 02:19:54,evaporation_run,0
2026-04-14 02:20:14,evaporation_run,1
2026-04-14 02:20:23,B0201_level_low,0.953688933891863
2026-04-14 02:20:24,evaporation_run,0
2026-04-14 02:20:34,evaporation_run,1
2026-04-14 02:20:44,B0201_level_low,0.9615335534163734
2026-04-14 02:20:44,evaporation_run,0
2026-04-14 02:21:14,evaporation_run,1
2026-04-14 02:21:24,evaporation_run,0
2026-04-14 02:21:24,B0201_level_low,0.953688933891863
2026-04-14 02:21:34,evaporation_run,1
2026-04-14 02:21:43,evaporation_run,0
2026-04-14 02:21:44,B0201_level_low,0.9458484756012986
2026-04-14 02:21:53,evaporation_run,1
2026-04-14 02:22:03,evaporation_run,0
2026-04-14 02:22:04,B0201_level_low,0.953688933891863
2026-04-14 02:22:23,evaporation_run,1
2026-04-14 02:22:33,evaporation_run,0
2026-04-14 02:22:35,B0201_level_low,0.953688933891863
2026-04-14 02:23:13,evaporation_run,1
2026-04-14 02:23:23,evaporation_run,0
2026-04-14 02:23:25,B0201_level_low,0.9615335534163734
2026-04-14 02:24:23,evaporation_run,1
2026-04-14 02:24:33,evaporation_run,0
2026-04-14 02:24:36,B0201_level_low,0.9458484756012986
2026-04-14 02:24:43,evaporation_run,1
2026-04-14 02:24:53,evaporation_run,0
2026-04-14 02:24:56,B0201_level_low,0.9380121785446782
2026-04-14 02:25:03,evaporation_run,1
2026-04-14 02:25:13,evaporation_run,0
2026-04-14 02:25:16,B0201_level_low,0.9458484756012986
2026-04-14 02:25:24,evaporation_run,1
2026-04-14 02:25:34,evaporation_run,0
2026-04-14 02:25:37,B0201_level_low,0.953688933891863
2026-04-14 02:25:44,evaporation_run,1
2026-04-14 02:25:54,evaporation_run,0
2026-04-14 02:25:57,B0201_level_low,0.953688933891863
2026-04-14 02:26:04,evaporation_run,1
2026-04-14 02:26:14,evaporation_run,0
2026-04-14 02:26:17,B0201_level_low,0.953688933891863
2026-04-14 02:26:24,evaporation_run,1
2026-04-14 02:26:34,evaporation_run,0
2026-04-14 02:26:37,B0201_level_low,0.953688933891863
2026-04-14 02:26:44,evaporation_run,1
2026-04-14 02:26:54,evaporation_run,0
2026-04-14 02:26:57,B0201_level_low,0.9615335534163734
2026-04-14 02:27:14,evaporation_run,1
2026-04-14 02:27:24,evaporation_run,0
2026-04-14 02:27:28,B0201_level_low,0.953688933891863
2026-04-14 02:27:54,evaporation_run,1
2026-04-14 02:28:03,evaporation_run,0
2026-04-14 02:28:08,B0201_level_low,0.953688933891863
2026-04-14 02:28:13,evaporation_run,1
2026-04-14 02:28:23,evaporation_run,0
2026-04-14 02:28:28,B0201_level_low,0.953688933891863
2026-04-14 02:28:33,evaporation_run,1
2026-04-14 02:28:43,evaporation_run,0
2026-04-14 02:28:49,B0201_level_low,0.953688933891863
2026-04-14 02:28:53,evaporation_run,1
2026-04-14 02:29:03,evaporation_run,0
2026-04-14 02:29:09,B0201_level_low,0.953688933891863
2026-04-14 02:29:13,evaporation_run,1
2026-04-14 02:29:23,evaporation_run,0
2026-04-14 02:29:29,B0201_level_low,0.953688933891863
2026-04-14 02:29:33,evaporation_run,1
2026-04-14 02:29:43,evaporation_run,0
2026-04-14 02:29:49,B0201_level_low,0.953688933891863
2026-04-14 02:29:53,evaporation_run,1
2026-04-14 02:30:03,evaporation_run,0
2026-04-14 02:30:09,B0201_level_low,0.9693823341748278
2026-04-14 02:30:13,evaporation_run,1
2026-04-14 02:30:23,evaporation_run,0
2026-04-14 02:30:30,B0201_level_low,0.9615335534163734
2026-04-14 02:30:33,evaporation_run,1
2026-04-14 02:30:43,evaporation_run,0
2026-04-14 02:30:50,B0201_level_low,0.9615335534163734
2026-04-14 02:30:53,evaporation_run,1
2026-04-14 02:31:03,evaporation_run,0
2026-04-14 02:31:10,B0201_level_low,0.9693823341748278
2026-04-14 02:31:13,evaporation_run,1
2026-04-14 02:31:23,evaporation_run,0
2026-04-14 02:31:30,B0201_level_low,0.9615335534163734
2026-04-14 02:31:34,evaporation_run,1
2026-04-14 02:31:44,evaporation_run,0
2026-04-14 02:31:50,B0201_level_low,0.9693823341748278
2026-04-14 02:31:54,evaporation_run,1
2026-04-14 02:32:04,evaporation_run,0
2026-04-14 02:32:11,B0201_level_low,0.9615335534163734
2026-04-14 02:32:14,evaporation_run,1
2026-04-14 02:32:24,evaporation_run,0
2026-04-14 02:32:31,B0201_level_low,0.9693823341748278
2026-04-14 02:32:34,evaporation_run,1
2026-04-14 02:32:44,evaporation_run,0
2026-04-14 02:32:51,B0201_level_low,0.9772352761672254
2026-04-14 02:32:54,evaporation_run,1
2026-04-14 02:33:04,evaporation_run,0
2026-04-14 02:33:11,B0201_level_low,0.9615335534163734
2026-04-14 02:33:14,evaporation_run,1
2026-04-14 02:33:24,evaporation_run,0
2026-04-14 02:33:31,B0201_level_low,0.9693823341748278
2026-04-14 02:33:34,evaporation_run,1
2026-04-14 02:33:44,evaporation_run,0
2026-04-14 02:33:52,B0201_level_low,0.9693823341748278
2026-04-14 02:33:54,evaporation_run,1
2026-04-14 02:34:03,evaporation_run,0
2026-04-14 02:34:12,B0201_level_low,0.9693823341748278
2026-04-14 02:34:13,evaporation_run,1
2026-04-14 02:34:23,evaporation_run,0
2026-04-14 02:34:32,B0201_level_low,0.9772352761672254
2026-04-14 02:34:33,evaporation_run,1
2026-04-14 02:34:43,evaporation_run,0
2026-04-14 02:34:52,B0201_level_low,0.9693823341748278
2026-04-14 02:35:03,evaporation_run,1
2026-04-14 02:35:13,evaporation_run,0
2026-04-14 02:35:23,B0201_level_low,0.9693823341748278
2026-04-14 02:35:23,evaporation_run,1
2026-04-14 02:35:33,evaporation_run,0
2026-04-14 02:35:43,B0201_level_low,0.9693823341748278
2026-04-14 02:35:43,evaporation_run,1
2026-04-14 02:35:53,evaporation_run,0
2026-04-14 02:36:03,evaporation_run,1
2026-04-14 02:36:13,B0201_level_low,0.9693823341748278
2026-04-14 02:36:13,evaporation_run,0
2026-04-14 02:36:23,evaporation_run,1
2026-04-14 02:36:33,evaporation_run,0
2026-04-14 02:36:33,B0201_level_low,0.9693823341748278
2026-04-14 02:36:43,evaporation_run,1
2026-04-14 02:36:53,evaporation_run,0
2026-04-14 02:36:54,B0201_level_low,0.9693823341748278
2026-04-14 02:37:03,evaporation_run,1
2026-04-14 02:37:13,evaporation_run,0
2026-04-14 02:37:14,B0201_level_low,0.9693823341748278
2026-04-14 02:37:23,evaporation_run,1
2026-04-14 02:37:33,evaporation_run,0
2026-04-14 02:37:34,B0201_level_low,0.9693823341748278
2026-04-14 02:37:44,evaporation_run,1
2026-04-14 02:37:54,evaporation_run,0
2026-04-14 02:37:54,B0201_level_low,0.9772352761672254
2026-04-14 02:38:04,evaporation_run,1
2026-04-14 02:38:14,evaporation_run,0
2026-04-14 02:38:14,B0201_level_low,0.9693823341748278
2026-04-14 02:38:24,evaporation_run,1
2026-04-14 02:38:34,evaporation_run,0
2026-04-14 02:38:35,B0201_level_low,0.9693823341748278
2026-04-14 02:38:54,evaporation_run,1
2026-04-14 02:39:04,evaporation_run,0
2026-04-14 02:39:05,B0201_level_low,0.9772352761672254
2026-04-14 02:39:54,evaporation_run,1
2026-04-14 02:40:04,evaporation_run,0
2026-04-14 02:40:06,B0201_level_low,0.953688933891863
2026-04-14 02:40:14,evaporation_run,1
2026-04-14 02:40:24,evaporation_run,0
2026-04-14 02:40:26,B0201_level_low,0.9693823341748278
2026-04-14 02:40:33,evaporation_run,1
2026-04-14 02:40:43,evaporation_run,0
2026-04-14 02:40:46,B0201_level_low,0.9615335534163734
2026-04-14 02:40:53,evaporation_run,1
2026-04-14 02:41:03,evaporation_run,0
2026-04-14 02:41:06,B0201_level_low,0.9693823341748278
2026-04-14 02:41:13,evaporation_run,1
2026-04-14 02:41:23,evaporation_run,0
2026-04-14 02:41:26,B0201_level_low,0.9693823341748278
2026-04-14 02:41:33,evaporation_run,1
2026-04-14 02:41:43,evaporation_run,0
2026-04-14 02:41:47,B0201_level_low,0.9693823341748278
2026-04-14 02:42:03,evaporation_run,1
2026-04-14 02:42:13,evaporation_run,0
2026-04-14 02:42:17,B0201_level_low,0.9693823341748278
2026-04-14 02:42:23,evaporation_run,1
2026-04-14 02:42:33,evaporation_run,0
2026-04-14 02:42:37,B0201_level_low,0.9693823341748278
2026-04-14 02:42:43,evaporation_run,1
2026-04-14 02:42:53,evaporation_run,0
2026-04-14 02:42:57,B0201_level_low,0.9693823341748278
2026-04-14 02:43:03,evaporation_run,1
2026-04-14 02:43:13,evaporation_run,0
2026-04-14 02:43:17,B0201_level_low,0.9615335534163734
2026-04-14 02:43:23,evaporation_run,1
2026-04-14 02:43:33,evaporation_run,0
2026-04-14 02:43:38,B0201_level_low,0.9693823341748278
2026-04-14 02:43:43,evaporation_run,1
2026-04-14 02:43:53,evaporation_run,0
2026-04-14 02:43:58,B0201_level_low,0.9693823341748278
2026-04-14 02:44:04,evaporation_run,1
2026-04-14 02:44:14,evaporation_run,0
2026-04-14 02:44:18,B0201_level_low,0.9693823341748278
2026-04-14 02:44:24,evaporation_run,1
2026-04-14 02:44:34,evaporation_run,0
2026-04-14 02:44:38,B0201_level_low,0.9693823341748278
2026-04-14 02:44:44,evaporation_run,1
2026-04-14 02:44:54,evaporation_run,0
2026-04-14 02:44:58,B0201_level_low,0.9772352761672254
2026-04-14 02:45:04,evaporation_run,1
2026-04-14 02:45:14,evaporation_run,0
2026-04-14 02:45:19,B0201_level_low,0.953688933891863
2026-04-14 02:45:24,evaporation_run,1
2026-04-14 02:45:34,evaporation_run,0
2026-04-14 02:45:39,B0201_level_low,0.953688933891863
2026-04-14 02:45:44,evaporation_run,1
2026-04-14 02:45:54,evaporation_run,0
2026-04-14 02:45:59,B0201_level_low,0.9693823341748278
2026-04-14 02:46:04,evaporation_run,1
2026-04-14 02:46:14,evaporation_run,0
2026-04-14 02:46:19,B0201_level_low,0.9615335534163734
2026-04-14 02:46:34,evaporation_run,1
2026-04-14 02:46:44,evaporation_run,0
2026-04-14 02:46:50,B0201_level_low,0.953688933891863
2026-04-14 02:46:53,evaporation_run,1
2026-04-14 02:47:03,evaporation_run,0
2026-04-14 02:47:10,B0201_level_low,0.9772352761672254
2026-04-14 02:47:13,evaporation_run,1
2026-04-14 02:47:23,evaporation_run,0
2026-04-14 02:47:30,B0201_level_low,0.9693823341748278
2026-04-14 02:47:33,evaporation_run,1
2026-04-14 02:47:43,evaporation_run,0
2026-04-14 02:47:50,B0201_level_low,0.9693823341748278
2026-04-14 02:47:53,evaporation_run,1
2026-04-14 02:48:03,evaporation_run,0
2026-04-14 02:48:10,B0201_level_low,0.9615335534163734
2026-04-14 02:48:13,evaporation_run,1
2026-04-14 02:48:23,evaporation_run,0
2026-04-14 02:48:31,B0201_level_low,0.9693823341748278
2026-04-14 02:48:33,evaporation_run,1
2026-04-14 02:48:43,evaporation_run,0
2026-04-14 02:48:51,B0201_level_low,0.953688933891863
2026-04-14 02:48:53,evaporation_run,1
2026-04-14 02:49:03,evaporation_run,0
2026-04-14 02:49:11,B0201_level_low,0.9693823341748278
2026-04-14 02:49:13,evaporation_run,1
2026-04-14 02:49:23,evaporation_run,0
2026-04-14 02:49:31,B0201_level_low,0.9615335534163734
2026-04-14 02:49:33,evaporation_run,1
2026-04-14 02:49:43,evaporation_run,0
2026-04-14 02:49:51,B0201_level_low,0.9615335534163734
2026-04-14 02:49:53,evaporation_run,1
2026-04-14 02:50:03,evaporation_run,0
2026-04-14 02:50:12,B0201_level_low,0.9693823341748278
2026-04-14 02:50:24,evaporation_run,1
2026-04-14 02:50:34,evaporation_run,0
2026-04-14 02:50:42,B0201_level_low,0.9693823341748278
2026-04-14 02:50:44,evaporation_run,1
2026-04-14 02:50:54,evaporation_run,0
2026-04-14 02:51:02,B0201_level_low,0.9693823341748278
2026-04-14 02:51:04,evaporation_run,1
2026-04-14 02:51:14,evaporation_run,0
2026-04-14 02:51:22,B0201_level_low,0.9693823341748278
2026-04-14 02:51:24,evaporation_run,1
2026-04-14 02:51:34,evaporation_run,0
2026-04-14 02:51:43,B0201_level_low,0.9615335534163734
2026-04-14 02:51:44,evaporation_run,1
2026-04-14 02:51:54,evaporation_run,0
2026-04-14 02:52:03,B0101_level_low,14.586666666666662
2026-04-14 02:52:03,B0201_level_low,0.9693823341748278
2026-04-14 02:52:04,evaporation_run,1
2026-04-14 02:52:14,evaporation_run,0
2026-04-14 02:52:24,evaporation_run,1
2026-04-14 02:52:33,B0201_level_low,0.9615335534163734
2026-04-14 02:52:34,evaporation_run,0
2026-04-14 02:52:44,evaporation_run,1
2026-04-14 02:52:53,B0101_level_low,14.693333333333328
2026-04-14 02:52:53,B0201_level_low,0.953688933891863
2026-04-14 02:52:54,evaporation_run,0
2026-04-14 02:53:04,evaporation_run,1
2026-04-14 02:53:13,evaporation_run,0
2026-04-14 02:53:14,B0201_level_low,0.9693823341748278
2026-04-14 02:53:23,evaporation_run,1
2026-04-14 02:53:24,B0101_level_low,14.693333333333328
2026-04-14 02:53:33,evaporation_run,0
2026-04-14 02:53:34,B0201_level_low,0.9615335534163734
2026-04-14 02:53:43,evaporation_run,1
2026-04-14 02:53:44,B0101_level_low,14.906666666666663
2026-04-14 02:53:53,evaporation_run,0
2026-04-14 02:53:54,B0201_level_low,0.9615335534163734
2026-04-14 02:54:03,evaporation_run,1
2026-04-14 02:54:13,evaporation_run,0
2026-04-14 02:54:14,B0201_level_low,0.9615335534163734
2026-04-14 02:54:23,evaporation_run,1
2026-04-14 02:54:33,evaporation_run,0
2026-04-14 02:54:34,B0201_level_low,0.9615335534163734
2026-04-14 02:54:43,evaporation_run,1
2026-04-14 02:54:53,evaporation_run,0
2026-04-14 02:54:55,B0201_level_low,0.9615335534163734
2026-04-14 02:55:03,evaporation_run,1
2026-04-14 02:55:13,evaporation_run,0
2026-04-14 02:55:15,B0201_level_low,0.9615335534163734
2026-04-14 02:55:23,evaporation_run,1
2026-04-14 02:55:33,evaporation_run,0
2026-04-14 02:55:35,B0201_level_low,0.9693823341748278
2026-04-14 02:55:43,evaporation_run,1
2026-04-14 02:55:53,evaporation_run,0
2026-04-14 02:55:55,B0201_level_low,0.9615335534163734
2026-04-14 02:56:03,evaporation_run,1
2026-04-14 02:56:13,evaporation_run,0
2026-04-14 02:56:15,B0201_level_low,0.9615335534163734
2026-04-14 02:56:23,evaporation_run,1
2026-04-14 02:56:34,evaporation_run,0
2026-04-14 02:56:36,B0201_level_low,0.9693823341748278
2026-04-14 02:56:44,evaporation_run,1
2026-04-14 02:56:54,evaporation_run,0
2026-04-14 02:56:56,B0201_level_low,0.953688933891863
2026-04-14 02:57:04,evaporation_run,1
2026-04-14 02:57:14,evaporation_run,0
2026-04-14 02:57:16,B0201_level_low,0.9693823341748278
2026-04-14 02:57:24,evaporation_run,1
2026-04-14 02:57:34,evaporation_run,0
2026-04-14 02:57:36,B0201_level_low,0.9615335534163734
2026-04-14 02:57:44,evaporation_run,1
2026-04-14 02:57:54,evaporation_run,0
2026-04-14 02:57:56,B0201_level_low,0.9615335534163734
2026-04-14 02:58:04,evaporation_run,1
2026-04-14 02:58:14,evaporation_run,0
2026-04-14 02:58:17,B0201_level_low,0.9693823341748278
2026-04-14 02:58:24,evaporation_run,1
2026-04-14 02:58:34,evaporation_run,0
2026-04-14 02:58:37,B0201_level_low,0.9772352761672254
2026-04-14 02:58:44,evaporation_run,1
2026-04-14 02:58:54,evaporation_run,0
2026-04-14 02:58:57,B0201_level_low,0.9693823341748278
2026-04-14 02:59:04,evaporation_run,1
2026-04-14 02:59:14,evaporation_run,0
2026-04-14 02:59:17,B0201_level_low,0.9615335534163734
2026-04-14 02:59:23,evaporation_run,1
2026-04-14 02:59:33,evaporation_run,0
2026-04-14 02:59:37,B0201_level_low,0.9693823341748278
2026-04-14 02:59:53,evaporation_run,1
2026-04-14 03:00:03,evaporation_run,0
2026-04-14 03:00:08,B0201_level_low,0.9693823341748278
2026-04-14 03:00:13,evaporation_run,1
2026-04-14 03:00:23,evaporation_run,0
2026-04-14 03:00:28,B0201_level_low,0.9772352761672254
2026-04-14 03:00:33,evaporation_run,1
2026-04-14 03:00:43,evaporation_run,0
2026-04-14 03:00:48,B0201_level_low,0.9615335534163734
2026-04-14 03:00:53,evaporation_run,1
2026-04-14 03:01:03,evaporation_run,0
2026-04-14 03:01:08,B0201_level_low,0.9615335534163734
2026-04-14 03:01:13,evaporation_run,1
2026-04-14 03:01:23,evaporation_run,0
2026-04-14 03:01:29,B0201_level_low,0.9615335534163734
2026-04-14 03:01:33,evaporation_run,1
2026-04-14 03:01:43,evaporation_run,0
2026-04-14 03:01:49,B0201_level_low,0.9693823341748278
2026-04-14 03:02:03,evaporation_run,1
2026-04-14 03:02:13,evaporation_run,0
2026-04-14 03:02:19,B0201_level_low,0.9615335534163734
2026-04-14 03:02:33,evaporation_run,1
2026-04-14 03:02:44,evaporation_run,0
2026-04-14 03:02:49,B0201_level_low,0.9615335534163734
2026-04-14 03:02:54,evaporation_run,1
2026-04-14 03:03:04,evaporation_run,0
2026-04-14 03:03:10,B0201_level_low,0.953688933891863
2026-04-14 03:03:14,evaporation_run,1
2026-04-14 03:03:24,evaporation_run,0
2026-04-14 03:03:30,B0201_level_low,0.9615335534163734
2026-04-14 03:03:34,evaporation_run,1
2026-04-14 03:03:44,evaporation_run,0
2026-04-14 03:03:50,B0201_level_low,0.9615335534163734
2026-04-14 03:03:54,evaporation_run,1
2026-04-14 03:04:04,evaporation_run,0
2026-04-14 03:04:10,B0201_level_low,0.9615335534163734
2026-04-14 03:04:14,evaporation_run,1
2026-04-14 03:04:24,evaporation_run,0
2026-04-14 03:04:30,B0201_level_low,0.9693823341748278
2026-04-14 03:04:34,evaporation_run,1
2026-04-14 03:04:44,evaporation_run,0
2026-04-14 03:04:51,B0201_level_low,0.9693823341748278
2026-04-14 03:04:54,evaporation_run,1
2026-04-14 03:05:04,evaporation_run,0
2026-04-14 03:05:11,B0201_level_low,0.9615335534163734
2026-04-14 03:05:14,evaporation_run,1
2026-04-14 03:05:24,evaporation_run,0
2026-04-14 03:05:31,B0201_level_low,0.9615335534163734
2026-04-14 03:05:33,evaporation_run,1
2026-04-14 03:05:43,evaporation_run,0
2026-04-14 03:05:51,B0201_level_low,0.9615335534163734
2026-04-14 03:06:03,evaporation_run,1
2026-04-14 03:06:13,evaporation_run,0
2026-04-14 03:06:22,B0201_level_low,0.9615335534163734
2026-04-14 03:06:23,evaporation_run,1
2026-04-14 03:06:33,evaporation_run,0
2026-04-14 03:06:42,B0201_level_low,0.953688933891863
2026-04-14 03:06:43,evaporation_run,1
2026-04-14 03:06:53,evaporation_run,0
2026-04-14 03:07:02,B0201_level_low,0.9615335534163734
2026-04-14 03:07:03,evaporation_run,1
2026-04-14 03:07:13,evaporation_run,0
2026-04-14 03:07:22,B0201_level_low,0.9615335534163734
2026-04-14 03:07:23,evaporation_run,1
2026-04-14 03:07:33,evaporation_run,0
2026-04-14 03:07:42,B0201_level_low,0.9615335534163734
2026-04-14 03:07:43,evaporation_run,1
2026-04-14 03:07:53,evaporation_run,0
2026-04-14 03:08:03,B0201_level_low,0.9615335534163734
2026-04-14 03:08:03,evaporation_run,1
2026-04-14 03:08:13,evaporation_run,0
2026-04-14 03:08:23,B0201_level_low,0.9693823341748278
2026-04-14 03:08:23,evaporation_run,1
2026-04-14 03:08:33,evaporation_run,0
2026-04-14 03:08:44,evaporation_run,1
2026-04-14 03:08:53,B0201_level_low,0.9615335534163734
2026-04-14 03:08:54,evaporation_run,0
2026-04-14 03:09:04,evaporation_run,1
2026-04-14 03:09:13,B0201_level_low,0.953688933891863
2026-04-14 03:09:14,evaporation_run,0
2026-04-14 03:09:34,evaporation_run,1
2026-04-14 03:09:44,evaporation_run,0
2026-04-14 03:09:44,B0201_level_low,0.9615335534163734
2026-04-14 03:09:54,evaporation_run,1
2026-04-14 03:10:04,evaporation_run,0
2026-04-14 03:10:04,B0201_level_low,0.9458484756012986
2026-04-14 03:10:14,evaporation_run,1
2026-04-14 03:10:24,evaporation_run,0
2026-04-14 03:10:24,B0201_level_low,0.9615335534163734
2026-04-14 03:10:34,evaporation_run,1
2026-04-14 03:10:44,evaporation_run,0
2026-04-14 03:10:44,B0201_level_low,0.953688933891863
2026-04-14 03:10:54,evaporation_run,1
2026-04-14 03:11:04,evaporation_run,0
2026-04-14 03:11:05,B0201_level_low,0.9615335534163734
2026-04-14 03:11:14,evaporation_run,1
2026-04-14 03:11:24,evaporation_run,0
2026-04-14 03:11:25,B0201_level_low,0.953688933891863
2026-04-14 03:11:34,evaporation_run,1
2026-04-14 03:11:44,evaporation_run,0
2026-04-14 03:11:45,B0201_level_low,0.9615335534163734
2026-04-14 03:11:53,evaporation_run,1
2026-04-14 03:12:03,evaporation_run,0
2026-04-14 03:12:05,B0201_level_low,0.9615335534163734
2026-04-14 03:12:23,evaporation_run,1
2026-04-14 03:12:33,evaporation_run,0
2026-04-14 03:12:35,B0201_level_low,0.953688933891863
2026-04-14 03:12:53,evaporation_run,1
2026-04-14 03:13:03,evaporation_run,0
2026-04-14 03:13:06,B0201_level_low,0.953688933891863
2026-04-14 03:13:13,evaporation_run,1
2026-04-14 03:13:23,evaporation_run,0
2026-04-14 03:13:26,B0201_level_low,0.953688933891863
2026-04-14 03:13:33,evaporation_run,1
2026-04-14 03:13:43,evaporation_run,0
2026-04-14 03:13:46,B0201_level_low,0.953688933891863
2026-04-14 03:13:53,evaporation_run,1
2026-04-14 03:14:03,evaporation_run,0
2026-04-14 03:14:06,B0201_level_low,0.953688933891863
2026-04-14 03:14:23,evaporation_run,1
2026-04-14 03:14:33,evaporation_run,0
2026-04-14 03:14:37,B0201_level_low,0.9458484756012986
2026-04-14 03:15:04,evaporation_run,1
2026-04-14 03:15:14,evaporation_run,0
2026-04-14 03:15:17,B0201_level_low,0.9458484756012986
2026-04-14 03:15:44,evaporation_run,1
2026-04-14 03:15:54,evaporation_run,0
2026-04-14 03:15:58,B0201_level_low,0.953688933891863
2026-04-14 03:16:14,evaporation_run,1
2026-04-14 03:16:24,evaporation_run,0
2026-04-14 03:16:28,B0201_level_low,0.9615335534163734
2026-04-14 03:16:34,evaporation_run,1
2026-04-14 03:16:44,evaporation_run,0
2026-04-14 03:16:48,B0201_level_low,0.9693823341748278
2026-04-14 03:16:54,evaporation_run,1
2026-04-14 03:17:04,evaporation_run,0
2026-04-14 03:17:08,B0201_level_low,0.953688933891863
2026-04-14 03:17:14,evaporation_run,1
2026-04-14 03:17:24,evaporation_run,0
2026-04-14 03:17:28,B0201_level_low,0.9615335534163734
2026-04-14 03:17:44,evaporation_run,1
2026-04-14 03:17:54,evaporation_run,0
2026-04-14 03:17:59,B0201_level_low,0.9615335534163734
2026-04-14 03:18:13,evaporation_run,1
2026-04-14 03:18:23,evaporation_run,0
2026-04-14 03:18:29,B0201_level_low,0.953688933891863
2026-04-14 03:18:33,evaporation_run,1
2026-04-14 03:18:43,evaporation_run,0
2026-04-14 03:18:49,B0201_level_low,0.953688933891863
2026-04-14 03:18:53,evaporation_run,1
2026-04-14 03:19:03,evaporation_run,0
2026-04-14 03:19:09,B0201_level_low,0.9615335534163734
2026-04-14 03:19:13,evaporation_run,1
2026-04-14 03:19:23,evaporation_run,0
2026-04-14 03:19:30,B0201_level_low,0.953688933891863
2026-04-14 03:19:33,evaporation_run,1
2026-04-14 03:19:43,evaporation_run,0
2026-04-14 03:19:50,B0201_level_low,0.953688933891863
2026-04-14 03:19:53,evaporation_run,1
2026-04-14 03:20:03,evaporation_run,0
2026-04-14 03:20:10,B0201_level_low,0.9458484756012986
2026-04-14 03:20:13,evaporation_run,1
2026-04-14 03:20:23,evaporation_run,0
2026-04-14 03:20:30,B0201_level_low,0.9615335534163734
2026-04-14 03:20:33,evaporation_run,1
2026-04-14 03:20:43,evaporation_run,0
2026-04-14 03:20:51,B0201_level_low,0.953688933891863
2026-04-14 03:20:53,evaporation_run,1
2026-04-14 03:21:04,evaporation_run,0
2026-04-14 03:21:11,B0201_level_low,0.953688933891863
2026-04-14 03:21:14,evaporation_run,1
2026-04-14 03:21:24,evaporation_run,0
2026-04-14 03:21:31,B0201_level_low,0.953688933891863
2026-04-14 03:21:34,evaporation_run,1
2026-04-14 03:21:44,evaporation_run,0
2026-04-14 03:21:51,B0201_level_low,0.9693823341748278
2026-04-14 03:21:54,evaporation_run,1
2026-04-14 03:22:04,evaporation_run,0
2026-04-14 03:22:11,B0201_level_low,0.9693823341748278
2026-04-14 03:22:14,evaporation_run,1
2026-04-14 03:22:24,evaporation_run,0
2026-04-14 03:22:32,B0201_level_low,0.9615335534163734
2026-04-14 03:22:34,evaporation_run,1
2026-04-14 03:22:44,evaporation_run,0
2026-04-14 03:22:52,B0201_level_low,0.9615335534163734
2026-04-14 03:23:04,evaporation_run,1
2026-04-14 03:23:14,evaporation_run,0
2026-04-14 03:23:22,B0201_level_low,0.9615335534163734
2026-04-14 03:23:24,evaporation_run,1
2026-04-14 03:23:34,evaporation_run,0
2026-04-14 03:23:42,B0201_level_low,0.9615335534163734
2026-04-14 03:23:44,evaporation_run,1
2026-04-14 03:23:54,evaporation_run,0
2026-04-14 03:24:02,B0201_level_low,0.9615335534163734
2026-04-14 03:24:04,evaporation_run,1
2026-04-14 03:24:13,evaporation_run,0
2026-04-14 03:24:23,B0201_level_low,0.9615335534163734
2026-04-14 03:24:23,evaporation_run,1
2026-04-14 03:24:33,evaporation_run,0
2026-04-14 03:24:43,B0201_level_low,0.9615335534163734
2026-04-14 03:25:33,evaporation_run,1
2026-04-14 03:25:43,evaporation_run,0
2026-04-14 03:25:44,B0201_level_low,0.953688933891863
2026-04-14 03:25:53,evaporation_run,1
2026-04-14 03:26:03,evaporation_run,0
2026-04-14 03:26:04,B0201_level_low,0.9615335534163734
2026-04-14 03:26:13,evaporation_run,1
2026-04-14 03:26:23,evaporation_run,0
2026-04-14 03:26:24,B0201_level_low,0.953688933891863
2026-04-14 03:26:43,evaporation_run,1
2026-04-14 03:26:53,evaporation_run,0
2026-04-14 03:26:54,B0201_level_low,0.953688933891863
2026-04-14 03:27:03,evaporation_run,1
2026-04-14 03:27:24,evaporation_run,0
2026-04-14 03:27:25,B0201_level_low,0.9615335534163734
2026-04-14 03:27:34,evaporation_run,1
2026-04-14 03:27:44,evaporation_run,0
2026-04-14 03:27:45,B0201_level_low,0.953688933891863
2026-04-14 03:27:54,evaporation_run,1
2026-04-14 03:28:04,evaporation_run,0
2026-04-14 03:28:05,B0201_level_low,0.953688933891863
2026-04-14 03:28:14,evaporation_run,1
2026-04-14 03:28:24,evaporation_run,0
2026-04-14 03:28:25,B0201_level_low,0.953688933891863
2026-04-14 03:28:44,evaporation_run,1
2026-04-14 03:28:54,evaporation_run,0
2026-04-14 03:28:55,B0201_level_low,0.953688933891863
2026-04-14 03:29:04,evaporation_run,1
2026-04-14 03:29:14,evaporation_run,0
2026-04-14 03:29:16,B0201_level_low,0.953688933891863
2026-04-14 03:29:24,evaporation_run,1
2026-04-14 03:29:44,evaporation_run,0
2026-04-14 03:29:46,B0201_level_low,0.953688933891863
2026-04-14 03:29:54,evaporation_run,1
2026-04-14 03:30:04,evaporation_run,0
2026-04-14 03:30:06,B0201_level_low,0.9615335534163734
2026-04-14 03:30:14,evaporation_run,1
2026-04-14 03:30:24,evaporation_run,0
2026-04-14 03:30:26,B0201_level_low,0.953688933891863
2026-04-14 03:30:33,evaporation_run,1
2026-04-14 03:30:43,evaporation_run,0
2026-04-14 03:30:47,B0201_level_low,0.953688933891863
2026-04-14 03:30:53,evaporation_run,1
2026-04-14 03:31:03,evaporation_run,0
2026-04-14 03:31:07,B0201_level_low,0.953688933891863
2026-04-14 03:31:13,evaporation_run,1
2026-04-14 03:31:23,evaporation_run,0
2026-04-14 03:31:27,B0201_level_low,0.9615335534163734
2026-04-14 03:31:33,evaporation_run,1
2026-04-14 03:31:43,evaporation_run,0
2026-04-14 03:31:47,B0201_level_low,0.953688933891863
2026-04-14 03:31:53,evaporation_run,1
2026-04-14 03:32:03,evaporation_run,0
2026-04-14 03:32:07,B0201_level_low,0.9615335534163734
2026-04-14 03:32:13,evaporation_run,1
2026-04-14 03:32:23,evaporation_run,0
2026-04-14 03:32:28,B0201_level_low,0.9615335534163734
2026-04-14 03:32:33,evaporation_run,1
2026-04-14 03:32:43,evaporation_run,0
2026-04-14 03:32:48,B0201_level_low,0.953688933891863
2026-04-14 03:32:53,evaporation_run,1
2026-04-14 03:33:03,evaporation_run,0
2026-04-14 03:33:08,B0201_level_low,0.9693823341748278
2026-04-14 03:33:13,evaporation_run,1
2026-04-14 03:33:34,evaporation_run,0
2026-04-14 03:33:38,B0201_level_low,0.9615335534163734
2026-04-14 03:33:44,evaporation_run,1
2026-04-14 03:34:04,evaporation_run,0
2026-04-14 03:34:09,B0201_level_low,0.9615335534163734
2026-04-14 03:34:14,evaporation_run,1
2026-04-14 03:34:24,evaporation_run,0
2026-04-14 03:34:29,B0201_level_low,0.953688933891863
2026-04-14 03:34:34,evaporation_run,1
2026-04-14 03:34:54,evaporation_run,0
2026-04-14 03:34:59,B0201_level_low,0.9615335534163734
2026-04-14 03:35:04,evaporation_run,1
2026-04-14 03:35:14,evaporation_run,0
2026-04-14 03:35:19,B0201_level_low,0.953688933891863
2026-04-14 03:35:24,evaporation_run,1
2026-04-14 03:35:34,evaporation_run,0
2026-04-14 03:35:40,B0201_level_low,0.9615335534163734
2026-04-14 03:35:44,evaporation_run,1
2026-04-14 03:35:54,evaporation_run,0
2026-04-14 03:36:00,B0201_level_low,0.9615335534163734
2026-04-14 03:36:04,evaporation_run,1
2026-04-14 03:36:14,evaporation_run,0
2026-04-14 03:36:20,B0201_level_low,0.9615335534163734
2026-04-14 03:36:24,evaporation_run,1
2026-04-14 03:36:34,evaporation_run,0
2026-04-14 03:36:40,B0201_level_low,0.9615335534163734
2026-04-14 03:36:43,evaporation_run,1
2026-04-14 03:36:53,evaporation_run,0
2026-04-14 03:37:00,B0201_level_low,0.9615335534163734
2026-04-14 03:37:03,evaporation_run,1
2026-04-14 03:37:13,evaporation_run,0
2026-04-14 03:37:21,B0201_level_low,0.9693823341748278
2026-04-14 03:37:23,evaporation_run,1
2026-04-14 03:37:33,evaporation_run,0
2026-04-14 03:37:41,B0201_level_low,0.9615335534163734
2026-04-14 03:37:43,evaporation_run,1
2026-04-14 03:37:53,evaporation_run,0
2026-04-14 03:38:01,B0201_level_low,0.9615335534163734
2026-04-14 03:38:03,evaporation_run,1
2026-04-14 03:38:13,evaporation_run,0
2026-04-14 03:38:21,B0201_level_low,0.9615335534163734
2026-04-14 03:38:23,evaporation_run,1
2026-04-14 03:38:33,evaporation_run,0
2026-04-14 03:38:41,B0201_level_low,0.9615335534163734
2026-04-14 03:38:43,evaporation_run,1
2026-04-14 03:38:53,evaporation_run,0
2026-04-14 03:39:02,B0201_level_low,0.9615335534163734
2026-04-14 03:39:03,evaporation_run,1
2026-04-14 03:39:13,evaporation_run,0
2026-04-14 03:39:22,B0201_level_low,0.9693823341748278
2026-04-14 03:39:23,evaporation_run,1
2026-04-14 03:39:34,evaporation_run,0
2026-04-14 03:39:42,B0201_level_low,0.953688933891863
2026-04-14 03:39:44,evaporation_run,1
2026-04-14 03:39:54,evaporation_run,0
2026-04-14 03:40:02,B0201_level_low,0.953688933891863
2026-04-14 03:40:04,evaporation_run,1
2026-04-14 03:40:14,evaporation_run,0
2026-04-14 03:40:22,B0201_level_low,0.953688933891863
2026-04-14 03:40:24,evaporation_run,1
2026-04-14 03:40:34,evaporation_run,0
2026-04-14 03:40:43,B0201_level_low,0.9615335534163734
2026-04-14 03:40:44,evaporation_run,1
2026-04-14 03:40:54,evaporation_run,0
2026-04-14 03:41:03,B0201_level_low,0.9615335534163734
2026-04-14 03:41:04,evaporation_run,1
2026-04-14 03:41:14,evaporation_run,0
2026-04-14 03:41:24,evaporation_run,1
2026-04-14 03:41:33,B0201_level_low,0.9615335534163734
2026-04-14 03:41:34,evaporation_run,0
2026-04-14 03:41:44,evaporation_run,1
2026-04-14 03:41:53,B0201_level_low,0.953688933891863
2026-04-14 03:41:54,evaporation_run,0
2026-04-14 03:42:04,evaporation_run,1
2026-04-14 03:42:14,B0201_level_low,0.953688933891863
2026-04-14 03:42:14,evaporation_run,0
2026-04-14 03:42:24,evaporation_run,1
2026-04-14 03:42:34,B0201_level_low,0.9615335534163734
2026-04-14 03:42:34,evaporation_run,0
2026-04-14 03:42:44,evaporation_run,1
2026-04-14 03:42:53,evaporation_run,0
2026-04-14 03:42:54,B0201_level_low,0.953688933891863
2026-04-14 03:43:03,evaporation_run,1
2026-04-14 03:43:13,evaporation_run,0
2026-04-14 03:43:14,B0201_level_low,0.9615335534163734
2026-04-14 03:43:23,evaporation_run,1
2026-04-14 03:43:33,evaporation_run,0
2026-04-14 03:43:34,B0201_level_low,0.9615335534163734
2026-04-14 03:43:43,evaporation_run,1
2026-04-14 03:43:53,evaporation_run,0
2026-04-14 03:43:55,B0201_level_low,0.9615335534163734
2026-04-14 03:44:03,evaporation_run,1
2026-04-14 03:44:13,evaporation_run,0
2026-04-14 03:44:15,B0201_level_low,0.9615335534163734
2026-04-14 03:44:23,evaporation_run,1
2026-04-14 03:44:33,evaporation_run,0
2026-04-14 03:44:35,B0201_level_low,0.9458484756012986
2026-04-14 03:44:43,evaporation_run,1
2026-04-14 03:44:53,evaporation_run,0
2026-04-14 03:44:55,B0201_level_low,0.9615335534163734
2026-04-14 03:45:03,evaporation_run,1
2026-04-14 03:45:13,evaporation_run,0
2026-04-14 03:45:16,B0201_level_low,0.9615335534163734
2026-04-14 03:45:23,evaporation_run,1
2026-04-14 03:45:34,evaporation_run,0
2026-04-14 03:45:36,B0201_level_low,0.9615335534163734
2026-04-14 03:45:44,evaporation_run,1
2026-04-14 03:45:54,evaporation_run,0
2026-04-14 03:45:56,B0201_level_low,0.9693823341748278
2026-04-14 03:46:04,evaporation_run,1
2026-04-14 03:46:14,evaporation_run,0
2026-04-14 03:46:16,B0201_level_low,0.9693823341748278
2026-04-14 03:46:24,evaporation_run,1
2026-04-14 03:46:34,evaporation_run,0
2026-04-14 03:46:36,B0201_level_low,0.9615335534163734
2026-04-14 03:46:44,evaporation_run,1
2026-04-14 03:46:54,evaporation_run,0
2026-04-14 03:46:57,B0201_level_low,0.9693823341748278
2026-04-14 03:47:04,evaporation_run,1
2026-04-14 03:47:14,evaporation_run,0
2026-04-14 03:47:17,B0201_level_low,0.9693823341748278
2026-04-14 03:47:24,evaporation_run,1
2026-04-14 03:47:34,evaporation_run,0
2026-04-14 03:47:37,B0201_level_low,0.9693823341748278
2026-04-14 03:47:44,evaporation_run,1
2026-04-14 03:47:54,evaporation_run,0
2026-04-14 03:47:57,B0201_level_low,0.953688933891863
2026-04-14 03:48:04,evaporation_run,1
2026-04-14 03:48:14,evaporation_run,0
2026-04-14 03:48:17,B0201_level_low,0.9615335534163734
2026-04-14 03:48:24,evaporation_run,1
2026-04-14 03:48:34,evaporation_run,0
2026-04-14 03:48:38,B0201_level_low,0.9615335534163734
2026-04-14 03:48:44,evaporation_run,1
2026-04-14 03:48:53,evaporation_run,0
2026-04-14 03:48:58,B0201_level_low,0.953688933891863
2026-04-14 03:49:03,evaporation_run,1
2026-04-14 03:49:13,evaporation_run,0
2026-04-14 03:49:18,B0201_level_low,0.9693823341748278
2026-04-14 03:49:23,evaporation_run,1
2026-04-14 03:49:33,evaporation_run,0
2026-04-14 03:49:38,B0201_level_low,0.9615335534163734
2026-04-14 03:49:43,evaporation_run,1
2026-04-14 03:49:53,evaporation_run,0
2026-04-14 03:49:58,B0201_level_low,0.9615335534163734
2026-04-14 03:50:03,evaporation_run,1
2026-04-14 03:50:13,evaporation_run,0
2026-04-14 03:50:19,B0201_level_low,0.953688933891863
2026-04-14 03:50:23,evaporation_run,1
2026-04-14 03:50:33,evaporation_run,0
2026-04-14 03:50:39,B0201_level_low,0.9615335534163734
2026-04-14 03:50:43,evaporation_run,1
2026-04-14 03:50:53,evaporation_run,0
2026-04-14 03:50:59,B0201_level_low,0.953688933891863
2026-04-14 03:51:03,evaporation_run,1
2026-04-14 03:51:13,evaporation_run,0
2026-04-14 03:51:19,B0201_level_low,0.9693823341748278
2026-04-14 03:51:23,evaporation_run,1
2026-04-14 03:51:33,evaporation_run,0
2026-04-14 03:51:39,B0201_level_low,0.953688933891863
2026-04-14 03:51:44,evaporation_run,1
2026-04-14 03:51:54,evaporation_run,0
2026-04-14 03:52:00,B0201_level_low,0.9615335534163734
2026-04-14 03:52:04,evaporation_run,1
2026-04-14 03:52:10,B0101_level_low,14.053333333333331
2026-04-14 03:52:14,evaporation_run,0
2026-04-14 03:52:20,B0201_level_low,0.953688933891863
2026-04-14 03:52:24,evaporation_run,1
2026-04-14 03:52:34,evaporation_run,0
2026-04-14 03:52:40,B0201_level_low,0.953688933891863
2026-04-14 03:52:44,evaporation_run,1
2026-04-14 03:52:50,B0101_level_low,14.799999999999997
2026-04-14 03:52:54,evaporation_run,0
2026-04-14 03:53:00,B0201_level_low,0.9615335534163734
2026-04-14 03:53:04,evaporation_run,1
2026-04-14 03:53:14,evaporation_run,0
2026-04-14 03:53:20,B0101_level_low,14.693333333333328
2026-04-14 03:53:20,B0201_level_low,0.953688933891863
2026-04-14 03:53:24,evaporation_run,1
2026-04-14 03:53:34,evaporation_run,0
2026-04-14 03:53:41,B0201_level_low,0.9615335534163734
2026-04-14 03:53:44,evaporation_run,1
2026-04-14 03:53:54,evaporation_run,0
2026-04-14 03:54:01,B0101_level_low,14.693333333333328
2026-04-14 03:54:01,B0201_level_low,0.953688933891863
2026-04-14 03:54:04,evaporation_run,1
2026-04-14 03:54:14,evaporation_run,0
2026-04-14 03:54:21,B0101_level_low,14.799999999999997
2026-04-14 03:54:21,B0201_level_low,0.953688933891863
2026-04-14 03:54:24,evaporation_run,1
2026-04-14 03:54:34,evaporation_run,0
2026-04-14 03:54:41,B0201_level_low,0.953688933891863
2026-04-14 03:54:44,evaporation_run,1
2026-04-14 03:54:54,evaporation_run,0
2026-04-14 03:55:01,B0201_level_low,0.9615335534163734
2026-04-14 03:55:04,evaporation_run,1
2026-04-14 03:55:14,evaporation_run,0
2026-04-14 03:55:22,B0201_level_low,0.9615335534163734
2026-04-14 03:55:23,evaporation_run,1
2026-04-14 03:55:33,evaporation_run,0
2026-04-14 03:55:42,B0101_level_low,14.799999999999997
2026-04-14 03:55:42,B0201_level_low,0.9615335534163734
2026-04-14 03:55:43,evaporation_run,1
2026-04-14 03:55:53,evaporation_run,0
2026-04-14 03:56:02,B0201_level_low,0.9615335534163734
2026-04-14 03:56:03,evaporation_run,1
2026-04-14 03:56:13,evaporation_run,0
2026-04-14 03:56:22,B0201_level_low,0.9458484756012986
2026-04-14 03:56:23,evaporation_run,1
2026-04-14 03:56:33,evaporation_run,0
2026-04-14 03:56:43,B0201_level_low,0.953688933891863
2026-04-14 03:56:43,evaporation_run,1
2026-04-14 03:56:53,evaporation_run,0
2026-04-14 03:57:03,B0201_level_low,0.9615335534163734
2026-04-14 03:57:03,evaporation_run,1
2026-04-14 03:57:13,evaporation_run,0
2026-04-14 03:57:23,B0101_level_low,14.586666666666662
2026-04-14 03:57:23,B0201_level_low,0.953688933891863
2026-04-14 03:57:23,evaporation_run,1
2026-04-14 03:57:33,evaporation_run,0
2026-04-14 03:57:43,evaporation_run,1
2026-04-14 03:57:53,B0201_level_low,0.953688933891863
2026-04-14 03:57:53,evaporation_run,0
2026-04-14 03:58:04,evaporation_run,1
2026-04-14 03:58:13,B0201_level_low,0.9615335534163734
2026-04-14 03:58:14,evaporation_run,0
2026-04-14 03:58:24,B0101_level_low,14.799999999999997
2026-04-14 03:58:34,evaporation_run,1
2026-04-14 03:58:44,evaporation_run,0
2026-04-14 03:58:44,B0201_level_low,0.9615335534163734
2026-04-14 03:58:54,evaporation_run,1
2026-04-14 03:59:04,evaporation_run,0
2026-04-14 03:59:04,B0201_level_low,0.9693823341748278
2026-04-14 03:59:14,evaporation_run,1
2026-04-14 03:59:24,evaporation_run,0
2026-04-14 03:59:24,B0201_level_low,0.9615335534163734
2026-04-14 03:59:34,evaporation_run,1
2026-04-14 03:59:44,evaporation_run,0
2026-04-14 03:59:44,B0201_level_low,0.9693823341748278
2026-04-14 03:59:54,evaporation_run,1
2026-04-14 04:00:04,evaporation_run,0
2026-04-14 04:00:05,B0201_level_low,0.9615335534163734
2026-04-14 04:00:24,evaporation_run,1
2026-04-14 04:00:34,evaporation_run,0
2026-04-14 04:00:35,B0201_level_low,0.953688933891863
2026-04-14 04:00:54,evaporation_run,1
2026-04-14 04:01:04,evaporation_run,0
2026-04-14 04:01:05,B0201_level_low,0.9615335534163734
2026-04-14 04:01:14,evaporation_run,1
2026-04-14 04:01:24,evaporation_run,0
2026-04-14 04:01:25,B0201_level_low,0.9615335534163734
2026-04-14 04:01:33,evaporation_run,1
2026-04-14 04:01:43,evaporation_run,0
2026-04-14 04:01:46,B0201_level_low,0.953688933891863
2026-04-14 04:01:53,evaporation_run,1
2026-04-14 04:02:03,evaporation_run,0
2026-04-14 04:02:06,B0201_level_low,0.953688933891863
2026-04-14 04:02:13,evaporation_run,1
2026-04-14 04:02:23,evaporation_run,0
2026-04-14 04:02:26,B0201_level_low,0.953688933891863
2026-04-14 04:02:33,evaporation_run,1
2026-04-14 04:02:43,evaporation_run,0
2026-04-14 04:02:46,B0201_level_low,0.9615335534163734
2026-04-14 04:02:53,evaporation_run,1
2026-04-14 04:03:03,evaporation_run,0
2026-04-14 04:03:06,B0201_level_low,0.9615335534163734
2026-04-14 04:03:13,evaporation_run,1
2026-04-14 04:03:23,evaporation_run,0
2026-04-14 04:03:27,B0201_level_low,0.953688933891863
2026-04-14 04:03:33,evaporation_run,1
2026-04-14 04:03:43,evaporation_run,0
2026-04-14 04:03:47,B0201_level_low,0.953688933891863
2026-04-14 04:03:53,evaporation_run,1
2026-04-14 04:04:04,evaporation_run,0
2026-04-14 04:04:07,B0201_level_low,0.953688933891863
2026-04-14 04:04:14,evaporation_run,1
2026-04-14 04:04:24,evaporation_run,0
2026-04-14 04:04:27,B0201_level_low,0.9615335534163734
2026-04-14 04:04:34,evaporation_run,1
2026-04-14 04:04:44,evaporation_run,0
2026-04-14 04:04:47,B0201_level_low,0.9615335534163734
2026-04-14 04:04:54,evaporation_run,1
2026-04-14 04:05:04,evaporation_run,0
2026-04-14 04:05:08,B0201_level_low,0.9693823341748278
2026-04-14 04:05:24,evaporation_run,1
2026-04-14 04:05:34,evaporation_run,0
2026-04-14 04:05:38,B0201_level_low,0.9615335534163734
2026-04-14 04:05:44,evaporation_run,1
2026-04-14 04:05:54,evaporation_run,0
2026-04-14 04:05:58,B0201_level_low,0.9615335534163734
2026-04-14 04:06:04,evaporation_run,1
2026-04-14 04:06:14,evaporation_run,0
2026-04-14 04:06:18,B0201_level_low,0.9615335534163734
2026-04-14 04:06:24,evaporation_run,1
2026-04-14 04:06:34,evaporation_run,0
2026-04-14 04:06:39,B0201_level_low,0.953688933891863
2026-04-14 04:06:44,evaporation_run,1
2026-04-14 04:06:54,evaporation_run,0
2026-04-14 04:06:59,B0201_level_low,0.953688933891863
2026-04-14 04:07:04,evaporation_run,1
2026-04-14 04:07:14,evaporation_run,0
2026-04-14 04:07:19,B0201_level_low,0.9615335534163734
2026-04-14 04:07:24,evaporation_run,1
2026-04-14 04:07:34,evaporation_run,0
2026-04-14 04:07:39,B0201_level_low,0.9615335534163734
2026-04-14 04:07:43,evaporation_run,1
2026-04-14 04:07:53,evaporation_run,0
2026-04-14 04:07:59,B0201_level_low,0.953688933891863
2026-04-14 04:08:03,evaporation_run,1
2026-04-14 04:08:13,evaporation_run,0
2026-04-14 04:08:20,B0201_level_low,0.9693823341748278
2026-04-14 04:08:23,evaporation_run,1
2026-04-14 04:08:33,evaporation_run,0
2026-04-14 04:08:40,B0201_level_low,0.9615335534163734
2026-04-14 04:08:43,evaporation_run,1
2026-04-14 04:08:53,evaporation_run,0
2026-04-14 04:09:00,B0201_level_low,0.953688933891863
2026-04-14 04:09:03,evaporation_run,1
2026-04-14 04:09:13,evaporation_run,0
2026-04-14 04:09:20,B0201_level_low,0.9615335534163734
2026-04-14 04:09:23,evaporation_run,1
2026-04-14 04:09:33,evaporation_run,0
2026-04-14 04:09:40,B0201_level_low,0.9615335534163734
2026-04-14 04:09:43,evaporation_run,1
2026-04-14 04:09:53,evaporation_run,0
2026-04-14 04:10:01,B0201_level_low,0.9693823341748278
2026-04-14 04:10:03,evaporation_run,1
2026-04-14 04:10:14,evaporation_run,0
2026-04-14 04:10:21,B0201_level_low,0.9615335534163734
2026-04-14 04:10:24,evaporation_run,1
2026-04-14 04:10:34,evaporation_run,0
2026-04-14 04:10:41,B0201_level_low,0.9615335534163734
2026-04-14 04:10:54,evaporation_run,1
2026-04-14 04:11:04,evaporation_run,0
2026-04-14 04:11:11,B0201_level_low,0.9615335534163734
2026-04-14 04:11:14,evaporation_run,1
2026-04-14 04:11:24,evaporation_run,0
2026-04-14 04:11:32,B0201_level_low,0.9615335534163734
2026-04-14 04:11:34,evaporation_run,1
2026-04-14 04:11:44,evaporation_run,0
2026-04-14 04:11:52,B0201_level_low,0.9615335534163734
2026-04-14 04:11:54,evaporation_run,1
2026-04-14 04:12:04,evaporation_run,0
2026-04-14 04:12:12,B0201_level_low,0.9615335534163734
2026-04-14 04:12:14,evaporation_run,1
2026-04-14 04:12:24,evaporation_run,0
2026-04-14 04:12:32,B0201_level_low,0.9615335534163734
2026-04-14 04:12:44,evaporation_run,1
2026-04-14 04:12:54,evaporation_run,0
2026-04-14 04:13:03,B0201_level_low,0.953688933891863
2026-04-14 04:13:04,evaporation_run,1
2026-04-14 04:13:14,evaporation_run,0
2026-04-14 04:13:23,B0201_level_low,0.953688933891863
2026-04-14 04:13:24,evaporation_run,1
2026-04-14 04:13:34,evaporation_run,0
2026-04-14 04:13:43,B0201_level_low,0.9615335534163734
2026-04-14 04:13:54,evaporation_run,1
2026-04-14 04:14:03,evaporation_run,0
2026-04-14 04:14:13,evaporation_run,1
2026-04-14 04:14:23,evaporation_run,0
2026-04-14 04:14:23,B0201_level_low,0.953688933891863
2026-04-14 04:14:33,evaporation_run,1
2026-04-14 04:14:43,evaporation_run,0
2026-04-14 04:14:44,B0201_level_low,0.9615335534163734
2026-04-14 04:14:53,evaporation_run,1
2026-04-14 04:15:03,evaporation_run,0
2026-04-14 04:15:04,B0201_level_low,0.953688933891863
2026-04-14 04:15:13,evaporation_run,1
2026-04-14 04:15:23,evaporation_run,0
2026-04-14 04:15:24,B0201_level_low,0.953688933891863
2026-04-14 04:15:33,evaporation_run,1
2026-04-14 04:15:43,evaporation_run,0
2026-04-14 04:15:44,B0201_level_low,0.953688933891863
2026-04-14 04:15:53,evaporation_run,1
2026-04-14 04:16:03,evaporation_run,0
2026-04-14 04:16:04,B0201_level_low,0.953688933891863
2026-04-14 04:16:14,evaporation_run,1
2026-04-14 04:16:24,evaporation_run,0
2026-04-14 04:16:25,B0201_level_low,0.953688933891863
2026-04-14 04:16:34,evaporation_run,1
2026-04-14 04:16:44,evaporation_run,0
2026-04-14 04:16:45,B0201_level_low,0.953688933891863
2026-04-14 04:16:54,evaporation_run,1
2026-04-14 04:17:04,evaporation_run,0
2026-04-14 04:17:05,B0201_level_low,0.953688933891863
2026-04-14 04:17:14,evaporation_run,1
2026-04-14 04:17:24,evaporation_run,0
2026-04-14 04:17:25,B0201_level_low,0.953688933891863
2026-04-14 04:17:34,evaporation_run,1
2026-04-14 04:17:44,evaporation_run,0
2026-04-14 04:17:45,B0201_level_low,0.953688933891863
2026-04-14 04:17:54,evaporation_run,1
2026-04-14 04:18:04,evaporation_run,0
2026-04-14 04:18:06,B0201_level_low,0.9615335534163734
2026-04-14 04:18:14,evaporation_run,1
2026-04-14 04:18:24,evaporation_run,0
2026-04-14 04:18:26,B0201_level_low,0.953688933891863
2026-04-14 04:18:34,evaporation_run,1
2026-04-14 04:18:44,evaporation_run,0
2026-04-14 04:18:46,B0201_level_low,0.9615335534163734
2026-04-14 04:18:54,evaporation_run,1
2026-04-14 04:19:04,evaporation_run,0
2026-04-14 04:19:06,B0201_level_low,0.9615335534163734
2026-04-14 04:19:14,evaporation_run,1
2026-04-14 04:19:24,evaporation_run,0
2026-04-14 04:19:26,B0201_level_low,0.9615335534163734
2026-04-14 04:19:34,evaporation_run,1
2026-04-14 04:19:44,evaporation_run,0
2026-04-14 04:19:47,B0201_level_low,0.953688933891863
2026-04-14 04:19:54,evaporation_run,1
2026-04-14 04:20:03,evaporation_run,0
2026-04-14 04:20:07,B0201_level_low,0.9458484756012986
2026-04-14 04:20:13,evaporation_run,1
2026-04-14 04:20:23,evaporation_run,0
2026-04-14 04:20:27,B0201_level_low,0.9615335534163734
2026-04-14 04:20:33,evaporation_run,1
2026-04-14 04:20:43,evaporation_run,0
2026-04-14 04:20:47,B0201_level_low,0.953688933891863
2026-04-14 04:20:53,evaporation_run,1
2026-04-14 04:21:03,evaporation_run,0
2026-04-14 04:21:08,B0201_level_low,0.9615335534163734
2026-04-14 04:21:13,evaporation_run,1
2026-04-14 04:21:23,evaporation_run,0
2026-04-14 04:21:28,B0201_level_low,0.9693823341748278
2026-04-14 04:21:33,evaporation_run,1
2026-04-14 04:21:43,evaporation_run,0
2026-04-14 04:21:48,B0201_level_low,0.9693823341748278
2026-04-14 04:22:03,evaporation_run,1
2026-04-14 04:22:13,evaporation_run,0
2026-04-14 04:22:18,B0201_level_low,0.953688933891863
2026-04-14 04:22:24,evaporation_run,1
2026-04-14 04:22:34,evaporation_run,0
2026-04-14 04:22:38,B0201_level_low,0.953688933891863
2026-04-14 04:22:44,evaporation_run,1
2026-04-14 04:22:54,evaporation_run,0
2026-04-14 04:22:59,B0201_level_low,0.9693823341748278
2026-04-14 04:23:04,evaporation_run,1
2026-04-14 04:23:14,evaporation_run,0
2026-04-14 04:23:19,B0201_level_low,0.9693823341748278
2026-04-14 04:23:24,evaporation_run,1
2026-04-14 04:23:34,evaporation_run,0
2026-04-14 04:23:39,B0201_level_low,0.9615335534163734
2026-04-14 04:23:44,evaporation_run,1
2026-04-14 04:23:54,evaporation_run,0
2026-04-14 04:23:59,B0201_level_low,0.9615335534163734
2026-04-14 04:24:04,evaporation_run,1
2026-04-14 04:24:14,evaporation_run,0
2026-04-14 04:24:19,B0201_level_low,0.9693823341748278
2026-04-14 04:24:24,evaporation_run,1
2026-04-14 04:24:34,evaporation_run,0
2026-04-14 04:24:40,B0201_level_low,0.9615335534163734
2026-04-14 04:24:54,evaporation_run,1
2026-04-14 04:25:04,evaporation_run,0
2026-04-14 04:25:10,B0201_level_low,0.9615335534163734
2026-04-14 04:25:14,evaporation_run,1
2026-04-14 04:25:24,evaporation_run,0
2026-04-14 04:25:30,B0201_level_low,0.9615335534163734
2026-04-14 04:25:34,evaporation_run,1
2026-04-14 04:25:44,evaporation_run,0
2026-04-14 04:25:50,B0201_level_low,0.953688933891863
2026-04-14 04:25:54,evaporation_run,1
2026-04-14 04:26:04,evaporation_run,0
2026-04-14 04:26:11,B0201_level_low,0.9615335534163734
2026-04-14 04:26:13,evaporation_run,1
2026-04-14 04:26:23,evaporation_run,0
2026-04-14 04:26:31,B0201_level_low,0.953688933891863
2026-04-14 04:26:43,evaporation_run,1
2026-04-14 04:26:53,evaporation_run,0
2026-04-14 04:27:01,B0201_level_low,0.9615335534163734
2026-04-14 04:27:03,evaporation_run,1
2026-04-14 04:27:13,evaporation_run,0
2026-04-14 04:27:21,B0201_level_low,0.9615335534163734
2026-04-14 04:27:23,evaporation_run,1
2026-04-14 04:27:33,evaporation_run,0
2026-04-14 04:27:42,B0201_level_low,0.9615335534163734
2026-04-14 04:27:43,evaporation_run,1
2026-04-14 04:27:53,evaporation_run,0
2026-04-14 04:28:02,B0201_level_low,0.9615335534163734
2026-04-14 04:28:03,evaporation_run,1
2026-04-14 04:28:13,evaporation_run,0
2026-04-14 04:28:22,B0201_level_low,0.9615335534163734
2026-04-14 04:28:23,evaporation_run,1
2026-04-14 04:28:34,evaporation_run,0
2026-04-14 04:28:42,B0201_level_low,0.9615335534163734
2026-04-14 04:28:44,evaporation_run,1
2026-04-14 04:28:54,evaporation_run,0
2026-04-14 04:29:02,B0201_level_low,0.953688933891863
2026-04-14 04:29:04,evaporation_run,1
2026-04-14 04:29:14,evaporation_run,0
2026-04-14 04:29:23,B0201_level_low,0.9615335534163734
2026-04-14 04:29:34,evaporation_run,1
2026-04-14 04:29:44,evaporation_run,0
2026-04-14 04:29:53,B0201_level_low,0.953688933891863
2026-04-14 04:30:04,evaporation_run,1
2026-04-14 04:30:14,evaporation_run,0
2026-04-14 04:30:24,evaporation_run,1
2026-04-14 04:30:33,B0201_level_low,0.953688933891863
2026-04-14 04:30:34,evaporation_run,0
2026-04-14 04:30:44,evaporation_run,1
2026-04-14 04:30:54,B0201_level_low,0.9615335534163734
2026-04-14 04:30:54,evaporation_run,0
2026-04-14 04:31:04,evaporation_run,1
2026-04-14 04:31:14,B0201_level_low,0.953688933891863
2026-04-14 04:31:14,evaporation_run,0
2026-04-14 04:31:24,evaporation_run,1
2026-04-14 04:31:34,B0201_level_low,0.953688933891863
2026-04-14 04:31:34,evaporation_run,0
2026-04-14 04:31:44,evaporation_run,1
2026-04-14 04:31:54,evaporation_run,0
2026-04-14 04:31:54,B0201_level_low,0.9615335534163734
2026-04-14 04:32:04,evaporation_run,1
2026-04-14 04:32:14,evaporation_run,0
2026-04-14 04:32:14,B0201_level_low,0.9615335534163734
2026-04-14 04:32:53,evaporation_run,1
2026-04-14 04:33:03,evaporation_run,0
2026-04-14 04:33:05,B0201_level_low,0.953688933891863
2026-04-14 04:33:13,evaporation_run,1
2026-04-14 04:33:23,evaporation_run,0
2026-04-14 04:33:25,B0201_level_low,0.9458484756012986
2026-04-14 04:33:33,evaporation_run,1
2026-04-14 04:33:43,evaporation_run,0
2026-04-14 04:33:45,B0201_level_low,0.953688933891863
2026-04-14 04:33:53,evaporation_run,1
2026-04-14 04:34:03,evaporation_run,0
2026-04-14 04:34:05,B0201_level_low,0.953688933891863
2026-04-14 04:34:13,evaporation_run,1
2026-04-14 04:34:23,evaporation_run,0
2026-04-14 04:34:26,B0201_level_low,0.953688933891863
2026-04-14 04:34:34,evaporation_run,1
2026-04-14 04:34:44,evaporation_run,0
2026-04-14 04:34:46,B0201_level_low,0.9615335534163734
2026-04-14 04:34:54,evaporation_run,1
2026-04-14 04:35:04,evaporation_run,0
2026-04-14 04:35:06,B0201_level_low,0.9615335534163734
2026-04-14 04:35:14,evaporation_run,1
2026-04-14 04:35:24,evaporation_run,0
2026-04-14 04:35:26,B0201_level_low,0.953688933891863
2026-04-14 04:35:34,evaporation_run,1
2026-04-14 04:35:44,evaporation_run,0
2026-04-14 04:35:47,B0201_level_low,0.953688933891863
2026-04-14 04:35:54,evaporation_run,1
2026-04-14 04:36:04,evaporation_run,0
2026-04-14 04:36:07,B0201_level_low,0.953688933891863
2026-04-14 04:36:14,evaporation_run,1
2026-04-14 04:36:24,evaporation_run,0
2026-04-14 04:36:27,B0201_level_low,0.953688933891863
2026-04-14 04:36:34,evaporation_run,1
2026-04-14 04:36:44,evaporation_run,0
2026-04-14 04:36:47,B0201_level_low,0.9615335534163734
2026-04-14 04:36:54,evaporation_run,1
2026-04-14 04:37:04,evaporation_run,0
2026-04-14 04:37:07,B0201_level_low,0.953688933891863
2026-04-14 04:37:14,evaporation_run,1
2026-04-14 04:37:24,evaporation_run,0
2026-04-14 04:37:28,B0201_level_low,0.9615335534163734
2026-04-14 04:37:34,evaporation_run,1
2026-04-14 04:37:44,evaporation_run,0
2026-04-14 04:37:48,B0201_level_low,0.953688933891863
2026-04-14 04:37:54,evaporation_run,1
2026-04-14 04:38:04,evaporation_run,0
2026-04-14 04:38:08,B0201_level_low,0.953688933891863
2026-04-14 04:38:14,evaporation_run,1
2026-04-14 04:38:24,evaporation_run,0
2026-04-14 04:38:28,B0201_level_low,0.9615335534163734
2026-04-14 04:38:33,evaporation_run,1
2026-04-14 04:38:43,evaporation_run,0
2026-04-14 04:38:48,B0201_level_low,0.9380121785446782
2026-04-14 04:38:53,evaporation_run,1
2026-04-14 04:39:03,evaporation_run,0
2026-04-14 04:39:09,B0201_level_low,0.9458484756012986
2026-04-14 04:39:13,evaporation_run,1
2026-04-14 04:39:23,evaporation_run,0
2026-04-14 04:39:29,B0201_level_low,0.9458484756012986
2026-04-14 04:39:33,evaporation_run,1
2026-04-14 04:39:43,evaporation_run,0
2026-04-14 04:39:49,B0201_level_low,0.953688933891863
2026-04-14 04:39:53,evaporation_run,1
2026-04-14 04:40:03,evaporation_run,0
2026-04-14 04:40:09,B0201_level_low,0.953688933891863
2026-04-14 04:40:13,evaporation_run,1
2026-04-14 04:40:23,evaporation_run,0
2026-04-14 04:40:29,B0201_level_low,0.953688933891863
2026-04-14 04:40:34,evaporation_run,1
2026-04-14 04:40:44,evaporation_run,0
2026-04-14 04:40:50,B0201_level_low,0.9615335534163734
2026-04-14 04:40:54,evaporation_run,1
2026-04-14 04:41:04,evaporation_run,0
2026-04-14 04:41:10,B0201_level_low,0.953688933891863
2026-04-14 04:41:14,evaporation_run,1
2026-04-14 04:41:24,evaporation_run,0
2026-04-14 04:41:30,B0201_level_low,0.953688933891863
2026-04-14 04:41:34,evaporation_run,1
2026-04-14 04:41:44,evaporation_run,0
2026-04-14 04:41:50,B0201_level_low,0.953688933891863
2026-04-14 04:41:54,evaporation_run,1
2026-04-14 04:42:04,evaporation_run,0
2026-04-14 04:42:10,B0201_level_low,0.953688933891863
2026-04-14 04:42:14,evaporation_run,1
2026-04-14 04:42:24,evaporation_run,0
2026-04-14 04:42:31,B0201_level_low,0.953688933891863
2026-04-14 04:42:34,evaporation_run,1
2026-04-14 04:42:44,evaporation_run,0
2026-04-14 04:42:51,B0201_level_low,0.9615335534163734
2026-04-14 04:42:54,evaporation_run,1
2026-04-14 04:43:04,evaporation_run,0
2026-04-14 04:43:11,B0201_level_low,0.9615335534163734
2026-04-14 04:43:14,evaporation_run,1
2026-04-14 04:43:24,evaporation_run,0
2026-04-14 04:43:31,B0201_level_low,0.953688933891863
2026-04-14 04:43:34,evaporation_run,1
2026-04-14 04:43:44,evaporation_run,0
2026-04-14 04:43:51,B0201_level_low,0.9615335534163734
2026-04-14 04:43:54,evaporation_run,1
2026-04-14 04:44:04,evaporation_run,0
2026-04-14 04:44:12,B0201_level_low,0.9615335534163734
2026-04-14 04:44:14,evaporation_run,1
2026-04-14 04:44:24,evaporation_run,0
2026-04-14 04:44:32,B0201_level_low,0.953688933891863
2026-04-14 04:44:33,evaporation_run,1
2026-04-14 04:44:43,evaporation_run,0
2026-04-14 04:44:52,B0201_level_low,0.953688933891863
2026-04-14 04:44:53,evaporation_run,1
2026-04-14 04:45:03,evaporation_run,0
2026-04-14 04:45:12,B0201_level_low,0.953688933891863
2026-04-14 04:45:13,evaporation_run,1
2026-04-14 04:45:23,evaporation_run,0
2026-04-14 04:45:32,B0201_level_low,0.953688933891863
2026-04-14 04:45:33,evaporation_run,1
2026-04-14 04:45:43,evaporation_run,0
2026-04-14 04:45:53,B0201_level_low,0.9615335534163734
2026-04-14 04:45:53,evaporation_run,1
2026-04-14 04:46:03,evaporation_run,0
2026-04-14 04:46:13,B0201_level_low,0.9615335534163734
2026-04-14 04:46:13,evaporation_run,1
2026-04-14 04:46:23,evaporation_run,0
2026-04-14 04:46:33,B0201_level_low,0.9615335534163734
2026-04-14 04:46:34,evaporation_run,1
2026-04-14 04:46:44,evaporation_run,0
2026-04-14 04:46:54,evaporation_run,1
2026-04-14 04:47:03,B0201_level_low,0.9615335534163734
2026-04-14 04:47:04,evaporation_run,0
2026-04-14 04:47:14,evaporation_run,1
2026-04-14 04:47:24,B0201_level_low,0.9615335534163734
2026-04-14 04:47:24,evaporation_run,0
2026-04-14 04:47:34,evaporation_run,1
2026-04-14 04:47:44,evaporation_run,0
2026-04-14 04:47:44,B0201_level_low,0.9693823341748278
2026-04-14 04:48:24,evaporation_run,1
2026-04-14 04:48:34,evaporation_run,0
2026-04-14 04:48:34,B0201_level_low,0.953688933891863
2026-04-14 04:48:54,evaporation_run,1
2026-04-14 04:49:04,evaporation_run,0
2026-04-14 04:49:05,B0201_level_low,0.9458484756012986
2026-04-14 04:49:14,evaporation_run,1
2026-04-14 04:49:24,evaporation_run,0
2026-04-14 04:49:25,B0201_level_low,0.953688933891863
2026-04-14 04:49:34,evaporation_run,1
2026-04-14 04:49:44,evaporation_run,0
2026-04-14 04:49:45,B0201_level_low,0.9615335534163734
2026-04-14 04:50:04,evaporation_run,1
2026-04-14 04:50:14,evaporation_run,0
2026-04-14 04:50:15,B0201_level_low,0.953688933891863
2026-04-14 04:50:24,evaporation_run,1
2026-04-14 04:50:34,evaporation_run,0
2026-04-14 04:50:36,B0201_level_low,0.953688933891863
2026-04-14 04:50:43,evaporation_run,1
2026-04-14 04:50:53,evaporation_run,0
2026-04-14 04:50:56,B0201_level_low,0.953688933891863
2026-04-14 04:51:46,B0101_level_low,14.266666666666662
2026-04-14 04:51:53,evaporation_run,1
2026-04-14 04:52:03,evaporation_run,0
2026-04-14 04:52:07,B0201_level_low,0.9458484756012986
2026-04-14 04:52:13,evaporation_run,1
2026-04-14 04:52:23,evaporation_run,0
2026-04-14 04:52:27,B0201_level_low,0.9458484756012986
2026-04-14 04:52:33,evaporation_run,1
2026-04-14 04:52:44,evaporation_run,0
2026-04-14 04:52:47,B0201_level_low,0.9458484756012986
2026-04-14 04:52:54,evaporation_run,1
2026-04-14 04:53:04,evaporation_run,0
2026-04-14 04:53:07,B0201_level_low,0.953688933891863
2026-04-14 04:53:14,evaporation_run,1
2026-04-14 04:53:24,evaporation_run,0
2026-04-14 04:53:27,B0201_level_low,0.953688933891863
2026-04-14 04:53:34,evaporation_run,1
2026-04-14 04:53:37,B0101_level_low,14.799999999999997
2026-04-14 04:53:44,evaporation_run,0
2026-04-14 04:53:48,B0201_level_low,0.953688933891863
2026-04-14 04:53:54,evaporation_run,1
2026-04-14 04:54:04,evaporation_run,0
2026-04-14 04:54:08,B0101_level_low,14.693333333333328
2026-04-14 04:54:08,B0201_level_low,0.953688933891863
2026-04-14 04:54:14,evaporation_run,1
2026-04-14 04:54:24,evaporation_run,0
2026-04-14 04:54:28,B0201_level_low,0.953688933891863
2026-04-14 04:54:34,evaporation_run,1
2026-04-14 04:54:44,evaporation_run,0
2026-04-14 04:54:48,B0101_level_low,14.693333333333328
2026-04-14 04:54:48,B0201_level_low,0.953688933891863
2026-04-14 04:54:54,evaporation_run,1
2026-04-14 04:55:04,evaporation_run,0
2026-04-14 04:55:08,B0201_level_low,0.953688933891863
2026-04-14 04:55:14,evaporation_run,1
2026-04-14 04:55:24,evaporation_run,0
2026-04-14 04:55:29,B0201_level_low,0.953688933891863
2026-04-14 04:55:34,evaporation_run,1
2026-04-14 04:55:44,evaporation_run,0
2026-04-14 04:55:49,B0201_level_low,0.9615335534163734
2026-04-14 04:55:54,evaporation_run,1
2026-04-14 04:56:04,evaporation_run,0
2026-04-14 04:56:09,B0201_level_low,0.953688933891863
2026-04-14 04:56:14,evaporation_run,1
2026-04-14 04:56:24,evaporation_run,0
2026-04-14 04:56:29,B0201_level_low,0.953688933891863
2026-04-14 04:56:34,evaporation_run,1
2026-04-14 04:56:44,evaporation_run,0
2026-04-14 04:56:49,B0201_level_low,0.9458484756012986
2026-04-14 04:56:53,evaporation_run,1
2026-04-14 04:57:03,evaporation_run,0
2026-04-14 04:57:10,B0201_level_low,0.953688933891863
2026-04-14 04:57:13,evaporation_run,1
2026-04-14 04:57:23,evaporation_run,0
2026-04-14 04:57:30,B0201_level_low,0.953688933891863
2026-04-14 04:57:33,evaporation_run,1
2026-04-14 04:57:40,B0101_level_low,14.799999999999997
2026-04-14 04:57:43,evaporation_run,0
2026-04-14 04:57:50,B0201_level_low,0.953688933891863
2026-04-14 04:57:53,evaporation_run,1
2026-04-14 04:58:03,evaporation_run,0
2026-04-14 04:58:10,B0201_level_low,0.953688933891863
2026-04-14 04:58:13,evaporation_run,1
2026-04-14 04:58:23,evaporation_run,0
2026-04-14 04:58:30,B0201_level_low,0.9615335534163734
2026-04-14 04:58:33,evaporation_run,1
2026-04-14 04:58:41,B0101_level_low,14.693333333333328
2026-04-14 04:58:43,evaporation_run,0
2026-04-14 04:58:51,B0201_level_low,0.953688933891863
2026-04-14 04:58:54,evaporation_run,1
2026-04-14 04:59:04,evaporation_run,0
2026-04-14 04:59:11,B0101_level_low,14.799999999999997
2026-04-14 04:59:11,B0201_level_low,0.953688933891863
2026-04-14 04:59:14,evaporation_run,1
2026-04-14 04:59:24,evaporation_run,0
2026-04-14 04:59:31,B0201_level_low,0.953688933891863
2026-04-14 04:59:34,evaporation_run,1
2026-04-14 04:59:44,evaporation_run,0
2026-04-14 04:59:51,B0201_level_low,0.953688933891863
2026-04-14 05:00:04,evaporation_run,1
2026-04-14 05:00:14,evaporation_run,0
2026-04-14 05:00:22,B0201_level_low,0.953688933891863
2026-04-14 05:00:24,evaporation_run,1
2026-04-14 05:00:32,B0101_level_low,14.799999999999997
2026-04-14 05:00:34,evaporation_run,0
2026-04-14 05:00:42,B0201_level_low,0.953688933891863
2026-04-14 05:00:44,evaporation_run,1
2026-04-14 05:00:54,evaporation_run,0
2026-04-14 05:01:02,B0201_level_low,0.953688933891863
2026-04-14 05:01:14,evaporation_run,1
2026-04-14 05:01:24,evaporation_run,0
2026-04-14 05:01:32,B0201_level_low,0.953688933891863
2026-04-14 05:01:34,evaporation_run,1
2026-04-14 05:01:44,evaporation_run,0
2026-04-14 05:01:53,B0201_level_low,0.9458484756012986
2026-04-14 05:01:54,evaporation_run,1
2026-04-14 05:02:04,evaporation_run,0
2026-04-14 05:02:13,B0201_level_low,0.953688933891863
2026-04-14 05:02:44,evaporation_run,1
2026-04-14 05:02:54,evaporation_run,0
2026-04-14 05:03:03,evaporation_run,1
2026-04-14 05:03:13,evaporation_run,0
2026-04-14 05:03:13,B0201_level_low,0.953688933891863
2026-04-14 05:03:23,evaporation_run,1
2026-04-14 05:03:33,evaporation_run,0
2026-04-14 05:03:34,B0201_level_low,0.9458484756012986
2026-04-14 05:03:53,evaporation_run,1
2026-04-14 05:04:03,evaporation_run,0
2026-04-14 05:04:04,B0201_level_low,0.953688933891863
2026-04-14 05:04:43,evaporation_run,1
2026-04-14 05:04:44,B0101_level_low,14.693333333333328
2026-04-14 05:04:54,evaporation_run,0
2026-04-14 05:04:54,B0201_level_low,0.953688933891863
2026-04-14 05:05:34,evaporation_run,1
2026-04-14 05:05:44,evaporation_run,0
2026-04-14 05:05:45,B0201_level_low,0.9458484756012986
2026-04-14 05:05:54,evaporation_run,1
2026-04-14 05:06:04,evaporation_run,0
2026-04-14 05:06:05,B0201_level_low,0.9458484756012986
2026-04-14 05:06:14,evaporation_run,1
2026-04-14 05:06:24,evaporation_run,0
2026-04-14 05:06:25,B0201_level_low,0.953688933891863
2026-04-14 05:06:34,evaporation_run,1
2026-04-14 05:06:44,evaporation_run,0
2026-04-14 05:06:46,B0201_level_low,0.953688933891863
2026-04-14 05:06:54,evaporation_run,1
2026-04-14 05:07:04,evaporation_run,0
2026-04-14 05:07:06,B0201_level_low,0.953688933891863
2026-04-14 05:07:14,evaporation_run,1
2026-04-14 05:07:24,evaporation_run,0
2026-04-14 05:07:26,B0201_level_low,0.9458484756012986
2026-04-14 05:07:54,evaporation_run,1
2026-04-14 05:08:04,evaporation_run,0
2026-04-14 05:08:06,B0201_level_low,0.9458484756012986
2026-04-14 05:08:24,evaporation_run,1
2026-04-14 05:08:34,evaporation_run,0
2026-04-14 05:08:37,B0201_level_low,0.9380121785446782
2026-04-14 05:08:44,evaporation_run,1
2026-04-14 05:08:54,evaporation_run,0
2026-04-14 05:08:57,B0201_level_low,0.9380121785446782
2026-04-14 05:10:13,evaporation_run,1
2026-04-14 05:10:23,evaporation_run,0
2026-04-14 05:10:28,B0201_level_low,0.9301800427220019
2026-04-14 05:10:33,evaporation_run,1
2026-04-14 05:10:43,evaporation_run,0
2026-04-14 05:10:48,B0101_level_low,14.906666666666663
2026-04-14 05:10:48,B0201_level_low,0.9380121785446782
2026-04-14 05:10:53,evaporation_run,1
2026-04-14 05:11:04,evaporation_run,0
2026-04-14 05:11:08,B0201_level_low,0.9301800427220019
2026-04-14 05:11:24,evaporation_run,1
2026-04-14 05:11:34,evaporation_run,0
2026-04-14 05:11:39,B0101_level_low,14.799999999999997
2026-04-14 05:11:39,B0201_level_low,0.9301800427220019
2026-04-14 05:11:44,evaporation_run,1
2026-04-14 05:11:54,evaporation_run,0
2026-04-14 05:11:59,B0201_level_low,0.9458484756012986
2026-04-14 05:13:14,evaporation_run,1
2026-04-14 05:13:24,evaporation_run,0
2026-04-14 05:13:30,B0201_level_low,0.9380121785446782
2026-04-14 05:13:34,evaporation_run,1
2026-04-14 05:13:44,evaporation_run,0
2026-04-14 05:13:50,B0201_level_low,0.9380121785446782
2026-04-14 05:13:54,evaporation_run,1
2026-04-14 05:14:04,evaporation_run,0
2026-04-14 05:14:10,B0201_level_low,0.9301800427220019
2026-04-14 05:14:14,evaporation_run,1
2026-04-14 05:14:24,evaporation_run,0
2026-04-14 05:14:30,B0201_level_low,0.9380121785446782
2026-04-14 05:14:34,evaporation_run,1
2026-04-14 05:14:44,evaporation_run,0
2026-04-14 05:14:50,B0201_level_low,0.9301800427220019
2026-04-14 05:14:54,evaporation_run,1
2026-04-14 05:15:04,evaporation_run,0
2026-04-14 05:15:11,B0201_level_low,0.9380121785446782
2026-04-14 05:15:14,evaporation_run,1
2026-04-14 05:15:23,evaporation_run,0
2026-04-14 05:15:31,B0201_level_low,0.9301800427220019
2026-04-14 05:15:33,evaporation_run,1
2026-04-14 05:15:43,evaporation_run,0
2026-04-14 05:15:51,B0201_level_low,0.9380121785446782
2026-04-14 05:15:53,evaporation_run,1
2026-04-14 05:16:03,evaporation_run,0
2026-04-14 05:16:11,B0201_level_low,0.9380121785446782
2026-04-14 05:16:13,evaporation_run,1
2026-04-14 05:16:23,evaporation_run,0
2026-04-14 05:16:32,B0201_level_low,0.9380121785446782
2026-04-14 05:16:43,evaporation_run,1
2026-04-14 05:16:53,evaporation_run,0
2026-04-14 05:17:02,B0201_level_low,0.9380121785446782
2026-04-14 05:17:04,evaporation_run,1
2026-04-14 05:17:14,evaporation_run,0
2026-04-14 05:17:22,B0201_level_low,0.9301800427220019
2026-04-14 05:17:24,evaporation_run,1
2026-04-14 05:17:34,evaporation_run,0
2026-04-14 05:17:42,B0201_level_low,0.9380121785446782
2026-04-14 05:17:44,evaporation_run,1
2026-04-14 05:17:54,evaporation_run,0
2026-04-14 05:18:02,B0201_level_low,0.9301800427220019
2026-04-14 05:18:14,evaporation_run,1
2026-04-14 05:18:24,evaporation_run,0
2026-04-14 05:18:33,B0201_level_low,0.9380121785446782
2026-04-14 05:18:34,evaporation_run,1
2026-04-14 05:18:44,evaporation_run,0
2026-04-14 05:18:53,B0201_level_low,0.9380121785446782
2026-04-14 05:18:54,evaporation_run,1
2026-04-14 05:19:04,evaporation_run,0
2026-04-14 05:19:13,B0201_level_low,0.953688933891863
2026-04-14 05:19:14,evaporation_run,1
2026-04-14 05:19:24,evaporation_run,0
2026-04-14 05:19:34,evaporation_run,1
2026-04-14 05:19:43,B0201_level_low,0.953688933891863
2026-04-14 05:19:44,evaporation_run,0
2026-04-14 05:19:54,evaporation_run,1
2026-04-14 05:20:04,B0201_level_low,0.9380121785446782
2026-04-14 05:20:04,evaporation_run,0
2026-04-14 05:20:34,evaporation_run,1
2026-04-14 05:20:44,B0201_level_low,0.9380121785446782
2026-04-14 05:20:44,evaporation_run,0
2026-04-14 05:21:04,evaporation_run,1
2026-04-14 05:21:14,evaporation_run,0
2026-04-14 05:21:14,B0201_level_low,0.9380121785446782
2026-04-14 05:21:53,evaporation_run,1
2026-04-14 05:22:03,evaporation_run,0
2026-04-14 05:22:05,B0201_level_low,0.9380121785446782
2026-04-14 05:22:13,evaporation_run,1
2026-04-14 05:22:23,evaporation_run,0
2026-04-14 05:22:25,B0201_level_low,0.9458484756012986
2026-04-14 05:22:33,evaporation_run,1
2026-04-14 05:22:43,evaporation_run,0
2026-04-14 05:22:45,B0201_level_low,0.9301800427220019
2026-04-14 05:22:53,evaporation_run,1
2026-04-14 05:23:04,evaporation_run,0
2026-04-14 05:23:06,B0201_level_low,0.9380121785446782
2026-04-14 05:23:24,evaporation_run,1
2026-04-14 05:23:34,evaporation_run,0
2026-04-14 05:23:36,B0201_level_low,0.9380121785446782
2026-04-14 05:23:44,evaporation_run,1
2026-04-14 05:23:54,evaporation_run,0
2026-04-14 05:23:56,B0201_level_low,0.9458484756012986
2026-04-14 05:24:04,evaporation_run,1
2026-04-14 05:24:14,evaporation_run,0
2026-04-14 05:24:16,B0201_level_low,0.9380121785446782
2026-04-14 05:24:24,evaporation_run,1
2026-04-14 05:24:34,evaporation_run,0
2026-04-14 05:24:36,B0201_level_low,0.9458484756012986
2026-04-14 05:24:44,evaporation_run,1
2026-04-14 05:24:54,evaporation_run,0
2026-04-14 05:24:57,B0201_level_low,0.9458484756012986
2026-04-14 05:25:04,evaporation_run,1
2026-04-14 05:25:14,evaporation_run,0
2026-04-14 05:25:17,B0201_level_low,0.9458484756012986
2026-04-14 05:25:24,evaporation_run,1
2026-04-14 05:25:54,evaporation_run,0
2026-04-14 05:25:57,B0201_level_low,0.953688933891863
2026-04-14 05:26:04,evaporation_run,1
2026-04-14 05:26:14,evaporation_run,0
2026-04-14 05:26:18,B0201_level_low,0.953688933891863
2026-04-14 05:26:24,evaporation_run,1
2026-04-14 05:26:34,evaporation_run,0
2026-04-14 05:26:38,B0201_level_low,0.953688933891863
2026-04-14 05:26:44,evaporation_run,1
2026-04-14 05:26:54,evaporation_run,0
2026-04-14 05:26:58,B0201_level_low,0.9458484756012986
2026-04-14 05:27:04,evaporation_run,1
2026-04-14 05:27:14,evaporation_run,0
2026-04-14 05:27:18,B0201_level_low,0.953688933891863
2026-04-14 05:27:24,evaporation_run,1
2026-04-14 05:27:34,evaporation_run,0
2026-04-14 05:27:38,B0201_level_low,0.953688933891863
2026-04-14 05:27:53,evaporation_run,1
2026-04-14 05:28:03,evaporation_run,0
2026-04-14 05:28:09,B0201_level_low,0.9380121785446782
2026-04-14 05:28:13,evaporation_run,1
2026-04-14 05:28:23,evaporation_run,0
2026-04-14 05:28:29,B0201_level_low,0.9458484756012986
2026-04-14 05:28:33,evaporation_run,1
2026-04-14 05:28:43,evaporation_run,0
2026-04-14 05:28:49,B0201_level_low,0.953688933891863
2026-04-14 05:28:53,evaporation_run,1
2026-04-14 05:29:03,evaporation_run,0
2026-04-14 05:29:09,B0201_level_low,0.953688933891863
2026-04-14 05:29:13,evaporation_run,1
2026-04-14 05:29:24,evaporation_run,0
2026-04-14 05:29:29,B0201_level_low,0.953688933891863
2026-04-14 05:29:54,evaporation_run,1
2026-04-14 05:30:04,evaporation_run,0
2026-04-14 05:30:10,B0201_level_low,0.9380121785446782
2026-04-14 05:30:14,evaporation_run,1
2026-04-14 05:30:24,evaporation_run,0
2026-04-14 05:30:30,B0201_level_low,0.953688933891863
2026-04-14 05:30:34,evaporation_run,1
2026-04-14 05:30:44,evaporation_run,0
2026-04-14 05:30:50,B0201_level_low,0.9458484756012986
2026-04-14 05:31:04,evaporation_run,1
2026-04-14 05:31:14,evaporation_run,0
2026-04-14 05:31:21,B0201_level_low,0.953688933891863
2026-04-14 05:31:54,evaporation_run,1
2026-04-14 05:32:04,evaporation_run,0
2026-04-14 05:32:11,B0201_level_low,0.9458484756012986
2026-04-14 05:32:14,evaporation_run,1
2026-04-14 05:32:24,evaporation_run,0
2026-04-14 05:32:31,B0201_level_low,0.9380121785446782
2026-04-14 05:32:34,evaporation_run,1
2026-04-14 05:32:44,evaporation_run,0
2026-04-14 05:32:52,B0201_level_low,0.9380121785446782
2026-04-14 05:32:54,evaporation_run,1
2026-04-14 05:33:04,evaporation_run,0
2026-04-14 05:33:12,B0201_level_low,0.9458484756012986
2026-04-14 05:33:14,evaporation_run,1
2026-04-14 05:33:34,evaporation_run,0
2026-04-14 05:33:42,B0201_level_low,0.953688933891863
2026-04-14 05:33:44,evaporation_run,1
2026-04-14 05:33:54,evaporation_run,0
2026-04-14 05:34:02,B0201_level_low,0.9458484756012986
2026-04-14 05:34:04,evaporation_run,1
2026-04-14 05:34:13,evaporation_run,0
2026-04-14 05:34:22,B0201_level_low,0.9458484756012986
2026-04-14 05:34:23,evaporation_run,1
2026-04-14 05:34:33,evaporation_run,0
2026-04-14 05:34:43,B0201_level_low,0.9458484756012986
2026-04-14 05:34:43,evaporation_run,1
2026-04-14 05:34:53,evaporation_run,0
2026-04-14 05:35:03,B0201_level_low,0.9458484756012986
2026-04-14 05:35:03,evaporation_run,1
2026-04-14 05:35:13,evaporation_run,0
2026-04-14 05:35:23,B0201_level_low,0.9458484756012986
2026-04-14 05:35:23,evaporation_run,1
2026-04-14 05:35:34,evaporation_run,0
2026-04-14 05:35:44,evaporation_run,1
2026-04-14 05:35:53,B0201_level_low,0.9458484756012986
2026-04-14 05:35:54,evaporation_run,0
2026-04-14 05:36:04,evaporation_run,1
2026-04-14 05:36:14,B0201_level_low,0.9458484756012986
2026-04-14 05:36:14,evaporation_run,0
2026-04-14 05:36:24,evaporation_run,1
2026-04-14 05:36:34,evaporation_run,0
2026-04-14 05:36:34,B0201_level_low,0.9458484756012986
2026-04-14 05:36:44,evaporation_run,1
2026-04-14 05:36:54,evaporation_run,0
2026-04-14 05:36:54,B0201_level_low,0.953688933891863
2026-04-14 05:37:04,evaporation_run,1
2026-04-14 05:37:14,evaporation_run,0
2026-04-14 05:37:14,B0201_level_low,0.9458484756012986
2026-04-14 05:37:24,evaporation_run,1
2026-04-14 05:37:34,evaporation_run,0
2026-04-14 05:37:34,B0201_level_low,0.9380121785446782
2026-04-14 05:37:44,evaporation_run,1
2026-04-14 05:38:04,evaporation_run,0
2026-04-14 05:38:05,B0201_level_low,0.953688933891863
2026-04-14 05:38:14,evaporation_run,1
2026-04-14 05:38:24,evaporation_run,0
2026-04-14 05:38:25,B0201_level_low,0.953688933891863
2026-04-14 05:38:34,evaporation_run,1
2026-04-14 05:38:44,evaporation_run,0
2026-04-14 05:38:45,B0201_level_low,0.953688933891863
2026-04-14 05:38:54,evaporation_run,1
2026-04-14 05:39:04,evaporation_run,0
2026-04-14 05:39:05,B0201_level_low,0.953688933891863
2026-04-14 05:39:14,evaporation_run,1
2026-04-14 05:39:24,evaporation_run,0
2026-04-14 05:39:26,B0201_level_low,0.9380121785446782
2026-04-14 05:39:34,evaporation_run,1
2026-04-14 05:39:44,evaporation_run,0
2026-04-14 05:39:46,B0201_level_low,0.9458484756012986
2026-04-14 05:39:54,evaporation_run,1
2026-04-14 05:40:04,evaporation_run,0
2026-04-14 05:40:06,B0201_level_low,0.953688933891863
2026-04-14 05:40:14,evaporation_run,1
2026-04-14 05:40:23,evaporation_run,0
2026-04-14 05:40:26,B0201_level_low,0.9458484756012986
2026-04-14 05:40:33,evaporation_run,1
2026-04-14 05:40:43,evaporation_run,0
2026-04-14 05:40:46,B0201_level_low,0.9458484756012986
2026-04-14 05:40:53,evaporation_run,1
2026-04-14 05:41:03,evaporation_run,0
2026-04-14 05:41:07,B0201_level_low,0.9458484756012986
2026-04-14 05:41:13,evaporation_run,1
2026-04-14 05:41:23,evaporation_run,0
2026-04-14 05:41:27,B0201_level_low,0.953688933891863
2026-04-14 05:41:33,evaporation_run,1
2026-04-14 05:41:44,evaporation_run,0
2026-04-14 05:41:47,B0201_level_low,0.953688933891863
2026-04-14 05:41:54,evaporation_run,1
2026-04-14 05:42:04,evaporation_run,0
2026-04-14 05:42:07,B0201_level_low,0.953688933891863
2026-04-14 05:42:14,evaporation_run,1
2026-04-14 05:42:24,evaporation_run,0
2026-04-14 05:42:27,B0201_level_low,0.953688933891863
2026-04-14 05:42:34,evaporation_run,1
2026-04-14 05:42:44,evaporation_run,0
2026-04-14 05:42:48,B0201_level_low,0.953688933891863
2026-04-14 05:42:54,evaporation_run,1
2026-04-14 05:43:04,evaporation_run,0
2026-04-14 05:43:08,B0201_level_low,0.953688933891863
2026-04-14 05:43:14,evaporation_run,1
2026-04-14 05:43:24,evaporation_run,0
2026-04-14 05:43:28,B0201_level_low,0.953688933891863
2026-04-14 05:43:34,evaporation_run,1
2026-04-14 05:43:44,evaporation_run,0
2026-04-14 05:43:48,B0201_level_low,0.953688933891863
2026-04-14 05:43:54,evaporation_run,1
2026-04-14 05:44:14,evaporation_run,0
2026-04-14 05:44:19,B0201_level_low,0.9458484756012986
2026-04-14 05:44:24,evaporation_run,1
2026-04-14 05:44:34,evaporation_run,0
2026-04-14 05:44:39,B0201_level_low,0.9458484756012986
2026-04-14 05:44:44,evaporation_run,1
2026-04-14 05:44:54,evaporation_run,0
2026-04-14 05:44:59,B0201_level_low,0.9458484756012986
2026-04-14 05:45:04,evaporation_run,1
2026-04-14 05:45:14,evaporation_run,0
2026-04-14 05:45:19,B0201_level_low,0.9458484756012986
2026-04-14 05:45:24,evaporation_run,1
2026-04-14 05:45:34,evaporation_run,0
2026-04-14 05:45:39,B0201_level_low,0.9380121785446782
2026-04-14 05:45:44,evaporation_run,1
2026-04-14 05:45:54,evaporation_run,0
2026-04-14 05:46:00,B0201_level_low,0.953688933891863
2026-04-14 05:46:04,evaporation_run,1
2026-04-14 05:46:14,evaporation_run,0
2026-04-14 05:46:20,B0201_level_low,0.9380121785446782
2026-04-14 05:46:24,evaporation_run,1
2026-04-14 05:46:34,evaporation_run,0
2026-04-14 05:46:40,B0201_level_low,0.9380121785446782
2026-04-14 05:46:43,evaporation_run,1
2026-04-14 05:46:53,evaporation_run,0
2026-04-14 05:47:00,B0201_level_low,0.953688933891863
2026-04-14 05:47:03,evaporation_run,1
2026-04-14 05:47:13,evaporation_run,0
2026-04-14 05:47:20,B0201_level_low,0.953688933891863
2026-04-14 05:47:23,evaporation_run,1
2026-04-14 05:47:33,evaporation_run,0
2026-04-14 05:47:41,B0201_level_low,0.953688933891863
2026-04-14 05:47:43,evaporation_run,1
2026-04-14 05:48:44,evaporation_run,0
2026-04-14 05:48:51,B0201_level_low,0.9458484756012986
2026-04-14 05:48:54,evaporation_run,1
2026-04-14 05:49:24,evaporation_run,0
2026-04-14 05:49:32,B0201_level_low,0.953688933891863
2026-04-14 05:49:34,evaporation_run,1
2026-04-14 05:49:54,evaporation_run,0
2026-04-14 05:50:02,B0201_level_low,0.953688933891863
2026-04-14 05:50:04,evaporation_run,1
2026-04-14 05:50:14,evaporation_run,0
2026-04-14 05:50:22,B0201_level_low,0.953688933891863
2026-04-14 05:50:24,evaporation_run,1
2026-04-14 05:50:44,evaporation_run,0
2026-04-14 05:50:53,B0201_level_low,0.9458484756012986
2026-04-14 05:50:54,evaporation_run,1
2026-04-14 05:51:04,evaporation_run,0
2026-04-14 05:51:13,B0201_level_low,0.953688933891863
2026-04-14 05:51:14,evaporation_run,1
2026-04-14 05:51:23,B0101_level_low,14.693333333333328
2026-04-14 05:51:24,evaporation_run,0
2026-04-14 05:51:33,B0201_level_low,0.953688933891863
2026-04-14 05:51:34,evaporation_run,1
2026-04-14 05:51:44,evaporation_run,0
2026-04-14 05:51:53,B0201_level_low,0.953688933891863
2026-04-14 05:51:54,evaporation_run,1
2026-04-14 05:52:03,B0101_level_low,13.839999999999996
2026-04-14 05:52:04,evaporation_run,0
2026-04-14 05:52:14,evaporation_run,1
2026-04-14 05:52:24,B0101_level_low,14.799999999999997
2026-04-14 05:52:24,B0201_level_low,0.953688933891863
2026-04-14 05:52:24,evaporation_run,0
2026-04-14 05:52:34,evaporation_run,1
2026-04-14 05:52:44,B0101_level_low,14.799999999999997
2026-04-14 05:52:54,B0201_level_low,0.9615335534163734
2026-04-14 05:52:54,evaporation_run,0
2026-04-14 05:53:03,evaporation_run,1
2026-04-14 05:53:04,B0101_level_low,14.693333333333328
2026-04-14 05:53:13,evaporation_run,0
2026-04-14 05:53:14,B0201_level_low,0.9458484756012986
2026-04-14 05:53:23,evaporation_run,1
2026-04-14 05:53:34,B0101_level_low,14.693333333333328
2026-04-14 05:53:43,evaporation_run,0
2026-04-14 05:53:44,B0201_level_low,0.9615335534163734
2026-04-14 05:53:53,evaporation_run,1
2026-04-14 05:54:03,evaporation_run,0
2026-04-14 05:54:05,B0201_level_low,0.953688933891863
2026-04-14 05:54:14,evaporation_run,1
2026-04-14 05:54:24,evaporation_run,0
2026-04-14 05:54:25,B0201_level_low,0.9615335534163734
2026-04-14 05:54:34,evaporation_run,1
2026-04-14 05:54:44,evaporation_run,0
2026-04-14 05:54:45,B0201_level_low,0.953688933891863
2026-04-14 05:54:54,evaporation_run,1
2026-04-14 05:55:04,evaporation_run,0
2026-04-14 05:55:05,B0201_level_low,0.953688933891863
2026-04-14 05:55:14,evaporation_run,1
2026-04-14 05:55:24,evaporation_run,0
2026-04-14 05:55:25,B0201_level_low,0.953688933891863
2026-04-14 05:55:34,evaporation_run,1
2026-04-14 05:55:44,evaporation_run,0
2026-04-14 05:55:46,B0201_level_low,0.953688933891863
2026-04-14 05:55:54,evaporation_run,1
2026-04-14 05:56:04,evaporation_run,0
2026-04-14 05:56:06,B0201_level_low,0.953688933891863
2026-04-14 05:56:14,evaporation_run,1
2026-04-14 05:56:24,evaporation_run,0
2026-04-14 05:56:26,B0201_level_low,0.953688933891863
2026-04-14 05:56:34,evaporation_run,1
2026-04-14 05:56:44,evaporation_run,0
2026-04-14 05:56:46,B0201_level_low,0.953688933891863
2026-04-14 05:56:54,evaporation_run,1
2026-04-14 05:57:04,evaporation_run,0
2026-04-14 05:57:06,B0101_level_low,14.799999999999997
2026-04-14 05:57:06,B0201_level_low,0.953688933891863
2026-04-14 05:57:14,evaporation_run,1
2026-04-14 05:57:24,evaporation_run,0
2026-04-14 05:57:27,B0201_level_low,0.953688933891863
2026-04-14 05:57:34,evaporation_run,1
2026-04-14 05:57:44,evaporation_run,0
2026-04-14 05:57:47,B0201_level_low,0.9458484756012986
2026-04-14 05:57:54,evaporation_run,1
2026-04-14 05:58:14,evaporation_run,0
2026-04-14 05:58:17,B0201_level_low,0.953688933891863
2026-04-14 05:58:24,evaporation_run,1
2026-04-14 05:58:44,evaporation_run,0
2026-04-14 05:58:47,B0201_level_low,0.953688933891863
2026-04-14 05:58:54,evaporation_run,1
2026-04-14 05:59:04,evaporation_run,0
2026-04-14 05:59:08,B0201_level_low,0.9458484756012986
2026-04-14 05:59:14,evaporation_run,1
2026-04-14 05:59:23,evaporation_run,0
2026-04-14 05:59:28,B0201_level_low,0.953688933891863
2026-04-14 05:59:33,evaporation_run,1
2026-04-14 05:59:43,evaporation_run,0
2026-04-14 05:59:48,B0201_level_low,0.9458484756012986
2026-04-14 05:59:53,evaporation_run,1
2026-04-14 06:00:03,evaporation_run,0
2026-04-14 06:00:08,B0201_level_low,0.953688933891863
2026-04-14 06:00:13,evaporation_run,1
2026-04-14 06:00:23,evaporation_run,0
2026-04-14 06:00:28,B0201_level_low,0.953688933891863
2026-04-14 06:00:34,evaporation_run,1
2026-04-14 06:00:44,evaporation_run,0
2026-04-14 06:00:49,B0201_level_low,0.953688933891863
2026-04-14 06:00:54,evaporation_run,1
2026-04-14 06:01:04,evaporation_run,0
2026-04-14 06:01:09,B0201_level_low,0.953688933891863
2026-04-14 06:01:14,evaporation_run,1
2026-04-14 06:01:24,evaporation_run,0
2026-04-14 06:01:29,B0201_level_low,0.9380121785446782
2026-04-14 06:01:34,evaporation_run,1
2026-04-14 06:01:44,evaporation_run,0
2026-04-14 06:01:49,B0201_level_low,0.9458484756012986
2026-04-14 06:01:54,evaporation_run,1
2026-04-14 06:02:04,evaporation_run,0
2026-04-14 06:02:10,B0201_level_low,0.953688933891863
2026-04-14 06:02:14,evaporation_run,1
2026-04-14 06:02:24,evaporation_run,0
2026-04-14 06:02:30,B0201_level_low,0.953688933891863
2026-04-14 06:02:34,evaporation_run,1
2026-04-14 06:02:44,evaporation_run,0
2026-04-14 06:02:50,B0201_level_low,0.9458484756012986
2026-04-14 06:02:54,evaporation_run,1
2026-04-14 06:03:14,evaporation_run,0
2026-04-14 06:03:20,B0201_level_low,0.953688933891863
2026-04-14 06:03:24,evaporation_run,1
2026-04-14 06:03:44,evaporation_run,0
2026-04-14 06:03:51,B0201_level_low,0.953688933891863
2026-04-14 06:03:54,evaporation_run,1
2026-04-14 06:04:14,evaporation_run,0
2026-04-14 06:04:21,B0201_level_low,0.9458484756012986
2026-04-14 06:04:24,evaporation_run,1
2026-04-14 06:04:34,evaporation_run,0
2026-04-14 06:04:41,B0201_level_low,0.953688933891863
2026-04-14 06:04:44,evaporation_run,1
2026-04-14 06:04:54,evaporation_run,0
2026-04-14 06:05:01,B0201_level_low,0.953688933891863
2026-04-14 06:05:04,evaporation_run,1
2026-04-14 06:05:14,evaporation_run,0
2026-04-14 06:05:21,B0201_level_low,0.953688933891863
2026-04-14 06:05:24,evaporation_run,1
2026-04-14 06:05:33,evaporation_run,0
2026-04-14 06:05:42,B0201_level_low,0.9458484756012986
2026-04-14 06:05:43,evaporation_run,1
2026-04-14 06:05:53,evaporation_run,0
2026-04-14 06:06:02,B0201_level_low,0.9458484756012986
2026-04-14 06:06:03,evaporation_run,1
2026-04-14 06:06:13,evaporation_run,0
2026-04-14 06:06:22,B0201_level_low,0.953688933891863
2026-04-14 06:06:23,evaporation_run,1
2026-04-14 06:06:34,evaporation_run,0
2026-04-14 06:06:42,B0201_level_low,0.953688933891863
2026-04-14 06:06:44,evaporation_run,1
2026-04-14 06:06:54,evaporation_run,0
2026-04-14 06:07:03,B0201_level_low,0.9458484756012986
2026-04-14 06:07:04,evaporation_run,1
2026-04-14 06:07:14,evaporation_run,0
2026-04-14 06:07:23,B0201_level_low,0.953688933891863
2026-04-14 06:07:24,evaporation_run,1
2026-04-14 06:07:34,evaporation_run,0
2026-04-14 06:07:43,B0201_level_low,0.953688933891863
2026-04-14 06:07:44,evaporation_run,1
2026-04-14 06:08:04,evaporation_run,0
2026-04-14 06:08:13,B0201_level_low,0.953688933891863
2026-04-14 06:08:14,evaporation_run,1
2026-04-14 06:08:24,evaporation_run,0
2026-04-14 06:08:34,evaporation_run,1
2026-04-14 06:08:44,B0201_level_low,0.9301800427220019
2026-04-14 06:08:44,evaporation_run,0
2026-04-14 06:08:54,evaporation_run,1
2026-04-14 06:09:04,B0201_level_low,0.9458484756012986
2026-04-14 06:09:04,evaporation_run,0
2026-04-14 06:09:14,evaporation_run,1
2026-04-14 06:09:24,B0201_level_low,0.9380121785446782
2026-04-14 06:09:24,evaporation_run,0
2026-04-14 06:09:34,evaporation_run,1
2026-04-14 06:09:44,evaporation_run,0
2026-04-14 06:09:44,B0201_level_low,0.953688933891863
2026-04-14 06:09:54,evaporation_run,1
2026-04-14 06:10:04,evaporation_run,0
2026-04-14 06:10:04,B0201_level_low,0.9458484756012986
2026-04-14 06:10:14,evaporation_run,1
2026-04-14 06:10:24,evaporation_run,0
2026-04-14 06:10:25,B0201_level_low,0.9458484756012986
2026-04-14 06:10:34,evaporation_run,1
2026-04-14 06:10:44,evaporation_run,0
2026-04-14 06:10:45,B0201_level_low,0.953688933891863
2026-04-14 06:10:54,evaporation_run,1
2026-04-14 06:11:04,evaporation_run,0
2026-04-14 06:11:05,B0201_level_low,0.953688933891863
2026-04-14 06:11:14,evaporation_run,1
2026-04-14 06:11:24,evaporation_run,0
2026-04-14 06:11:25,B0201_level_low,0.9458484756012986
2026-04-14 06:11:34,evaporation_run,1
2026-04-14 06:11:43,evaporation_run,0
2026-04-14 06:11:45,B0201_level_low,0.953688933891863
2026-04-14 06:11:53,evaporation_run,1
2026-04-14 06:12:03,evaporation_run,0
2026-04-14 06:12:06,B0201_level_low,0.953688933891863
2026-04-14 06:12:13,evaporation_run,1
2026-04-14 06:12:23,evaporation_run,0
2026-04-14 06:12:26,B0201_level_low,0.9380121785446782
2026-04-14 06:12:33,evaporation_run,1
2026-04-14 06:12:44,evaporation_run,0
2026-04-14 06:12:46,B0201_level_low,0.9380121785446782
2026-04-14 06:12:54,evaporation_run,1
2026-04-14 06:13:04,evaporation_run,0
2026-04-14 06:13:06,B0201_level_low,0.953688933891863
2026-04-14 06:13:14,evaporation_run,1
2026-04-14 06:13:24,evaporation_run,0
2026-04-14 06:13:26,B0201_level_low,0.9380121785446782
2026-04-14 06:13:34,evaporation_run,1
2026-04-14 06:13:44,evaporation_run,0
2026-04-14 06:13:47,B0201_level_low,0.9380121785446782
2026-04-14 06:13:54,evaporation_run,1
2026-04-14 06:14:04,evaporation_run,0
2026-04-14 06:14:07,B0201_level_low,0.9458484756012986
2026-04-14 06:14:14,evaporation_run,1
2026-04-14 06:14:24,evaporation_run,0
2026-04-14 06:14:27,B0201_level_low,0.9458484756012986
2026-04-14 06:14:34,evaporation_run,1
2026-04-14 06:14:44,evaporation_run,0
2026-04-14 06:14:47,B0201_level_low,0.9458484756012986
2026-04-14 06:14:54,evaporation_run,1
2026-04-14 06:15:04,evaporation_run,0
2026-04-14 06:15:07,B0201_level_low,0.953688933891863
2026-04-14 06:15:14,evaporation_run,1
2026-04-14 06:15:24,evaporation_run,0
2026-04-14 06:15:28,B0201_level_low,0.9458484756012986
2026-04-14 06:15:34,evaporation_run,1
2026-04-14 06:15:44,evaporation_run,0
2026-04-14 06:15:48,B0201_level_low,0.9380121785446782
2026-04-14 06:15:54,evaporation_run,1
2026-04-14 06:16:04,evaporation_run,0
2026-04-14 06:16:08,B0201_level_low,0.9301800427220019
2026-04-14 06:16:14,evaporation_run,1
2026-04-14 06:16:24,evaporation_run,0
2026-04-14 06:16:28,B0201_level_low,0.9380121785446782
2026-04-14 06:16:34,evaporation_run,1
2026-04-14 06:16:44,evaporation_run,0
2026-04-14 06:16:49,B0201_level_low,0.9301800427220019
2026-04-14 06:16:54,evaporation_run,1
2026-04-14 06:17:04,evaporation_run,0
2026-04-14 06:17:09,B0201_level_low,0.9301800427220019
2026-04-14 06:17:14,evaporation_run,1
2026-04-14 06:17:24,evaporation_run,0
2026-04-14 06:17:29,B0201_level_low,0.9301800427220019
2026-04-14 06:17:34,evaporation_run,1
2026-04-14 06:17:44,evaporation_run,0
2026-04-14 06:17:49,B0201_level_low,0.9301800427220019
2026-04-14 06:17:53,evaporation_run,1
2026-04-14 06:18:03,evaporation_run,0
2026-04-14 06:18:09,B0201_level_low,0.9380121785446782
2026-04-14 06:18:13,evaporation_run,1
2026-04-14 06:18:33,evaporation_run,0
2026-04-14 06:18:40,B0201_level_low,0.953688933891863
2026-04-14 06:18:44,evaporation_run,1
2026-04-14 06:18:54,evaporation_run,0
2026-04-14 06:19:00,B0201_level_low,0.9458484756012986
2026-04-14 06:19:04,evaporation_run,1
2026-04-14 06:19:14,evaporation_run,0
2026-04-14 06:19:20,B0201_level_low,0.953688933891863
2026-04-14 06:19:24,evaporation_run,1
2026-04-14 06:19:34,evaporation_run,0
2026-04-14 06:19:40,B0201_level_low,0.953688933891863
2026-04-14 06:19:44,evaporation_run,1
2026-04-14 06:19:54,evaporation_run,0
2026-04-14 06:20:00,B0201_level_low,0.953688933891863
2026-04-14 06:20:04,evaporation_run,1
2026-04-14 06:20:14,evaporation_run,0
2026-04-14 06:20:21,B0201_level_low,0.9458484756012986
2026-04-14 06:20:24,evaporation_run,1
2026-04-14 06:20:34,evaporation_run,0
2026-04-14 06:20:41,B0201_level_low,0.9458484756012986
2026-04-14 06:20:44,evaporation_run,1
2026-04-14 06:20:54,evaporation_run,0
2026-04-14 06:21:01,B0201_level_low,0.9380121785446782
2026-04-14 06:21:04,evaporation_run,1
2026-04-14 06:21:14,evaporation_run,0
2026-04-14 06:21:21,B0201_level_low,0.953688933891863
2026-04-14 06:21:24,evaporation_run,1
2026-04-14 06:21:34,evaporation_run,0
2026-04-14 06:21:42,B0201_level_low,0.953688933891863
2026-04-14 06:21:44,evaporation_run,1
2026-04-14 06:21:54,evaporation_run,0
2026-04-14 06:22:02,B0201_level_low,0.9458484756012986
2026-04-14 06:22:04,evaporation_run,1
2026-04-14 06:22:14,evaporation_run,0
2026-04-14 06:22:22,B0201_level_low,0.9458484756012986
2026-04-14 06:22:24,evaporation_run,1
2026-04-14 06:22:34,evaporation_run,0
2026-04-14 06:22:42,B0201_level_low,0.9458484756012986
2026-04-14 06:22:44,evaporation_run,1
2026-04-14 06:22:54,evaporation_run,0
2026-04-14 06:23:02,B0201_level_low,1.6353371986573082
2026-04-14 06:23:04,evaporation_run,1
2026-04-14 06:23:14,evaporation_run,0
2026-04-14 06:23:23,B0201_level_low,0.9458484756012986
2026-04-14 06:23:24,evaporation_run,1
2026-04-14 06:23:34,evaporation_run,0
2026-04-14 06:23:43,B0201_level_low,0.9458484756012986
2026-04-14 06:23:44,evaporation_run,1
2026-04-14 06:23:54,evaporation_run,0
2026-04-14 06:24:03,B0201_level_low,0.9380121785446782
2026-04-14 06:24:04,evaporation_run,1
2026-04-14 06:24:13,evaporation_run,0
2026-04-14 06:24:23,B0201_level_low,0.9301800427220019
2026-04-14 06:24:23,evaporation_run,1
2026-04-14 06:24:43,evaporation_run,0
2026-04-14 06:24:54,evaporation_run,1
2026-04-14 06:25:04,evaporation_run,0
2026-04-14 06:25:04,B0201_level_low,0.9458484756012986
2026-04-14 06:25:14,evaporation_run,1
2026-04-14 06:25:24,evaporation_run,0
2026-04-14 06:25:24,B0201_level_low,0.953688933891863
2026-04-14 06:25:34,evaporation_run,1
2026-04-14 06:25:44,evaporation_run,0
2026-04-14 06:25:44,B0201_level_low,0.9458484756012986
2026-04-14 06:25:54,evaporation_run,1
2026-04-14 06:26:04,evaporation_run,0
2026-04-14 06:26:04,B0201_level_low,0.953688933891863
2026-04-14 06:26:14,evaporation_run,1
2026-04-14 06:26:24,evaporation_run,0
2026-04-14 06:26:24,B0201_level_low,0.9380121785446782
2026-04-14 06:26:34,evaporation_run,1
2026-04-14 06:26:44,evaporation_run,0
2026-04-14 06:26:45,B0201_level_low,0.9380121785446782
2026-04-14 06:26:54,evaporation_run,1
2026-04-14 06:27:04,evaporation_run,0
2026-04-14 06:27:05,B0201_level_low,0.9458484756012986
2026-04-14 06:27:14,evaporation_run,1
2026-04-14 06:27:24,evaporation_run,0
2026-04-14 06:27:25,B0201_level_low,0.9380121785446782
2026-04-14 06:27:34,evaporation_run,1
2026-04-14 06:27:44,evaporation_run,0
2026-04-14 06:27:45,B0201_level_low,0.9380121785446782
2026-04-14 06:27:54,evaporation_run,1
2026-04-14 06:28:04,evaporation_run,0
2026-04-14 06:28:05,B0201_level_low,0.9380121785446782
2026-04-14 06:28:14,evaporation_run,1
2026-04-14 06:28:24,evaporation_run,0
2026-04-14 06:28:26,B0201_level_low,0.9458484756012986
2026-04-14 06:28:34,evaporation_run,1
2026-04-14 06:28:44,evaporation_run,0
2026-04-14 06:28:46,B0201_level_low,0.9380121785446782
2026-04-14 06:28:54,evaporation_run,1
2026-04-14 06:29:04,evaporation_run,0
2026-04-14 06:29:06,B0201_level_low,0.9458484756012986
2026-04-14 06:29:14,evaporation_run,1
2026-04-14 06:29:24,evaporation_run,0
2026-04-14 06:29:26,B0201_level_low,0.9380121785446782
2026-04-14 06:29:34,evaporation_run,1
2026-04-14 06:29:44,evaporation_run,0
2026-04-14 06:29:46,B0201_level_low,0.9458484756012986
2026-04-14 06:29:54,evaporation_run,1
2026-04-14 06:30:04,evaporation_run,0
2026-04-14 06:30:07,B0201_level_low,0.953688933891863
2026-04-14 06:30:14,evaporation_run,1
2026-04-14 06:30:23,evaporation_run,0
2026-04-14 06:30:27,B0201_level_low,0.953688933891863
2026-04-14 06:30:33,evaporation_run,1
2026-04-14 06:30:43,evaporation_run,0
2026-04-14 06:30:47,B0201_level_low,0.953688933891863
2026-04-14 06:30:53,evaporation_run,1
2026-04-14 06:31:03,evaporation_run,0
2026-04-14 06:31:07,B0201_level_low,0.9458484756012986
2026-04-14 06:31:14,evaporation_run,1
2026-04-14 06:31:24,evaporation_run,0
2026-04-14 06:31:28,B0201_level_low,0.9458484756012986
2026-04-14 06:31:34,evaporation_run,1
2026-04-14 06:31:44,evaporation_run,0
2026-04-14 06:31:48,B0201_level_low,0.9458484756012986
2026-04-14 06:35:54,evaporation_run,1
2026-04-14 06:36:04,evaporation_run,0
2026-04-14 06:36:10,B0201_level_low,0.9223520681332698
2026-04-14 06:36:34,evaporation_run,1
2026-04-14 06:36:44,evaporation_run,0
2026-04-14 06:36:51,B0201_level_low,0.9145282547784834
2026-04-14 06:36:53,evaporation_run,1
2026-04-14 06:37:03,evaporation_run,0
2026-04-14 06:37:11,B0201_level_low,0.9145282547784834
2026-04-14 06:37:23,evaporation_run,1
2026-04-14 06:37:34,evaporation_run,0
2026-04-14 06:37:41,B0201_level_low,0.9067086026576412
2026-04-14 06:38:24,evaporation_run,1
2026-04-14 06:38:34,evaporation_run,0
2026-04-14 06:38:42,B0201_level_low,0.9145282547784834
2026-04-14 06:39:04,evaporation_run,1
2026-04-14 06:39:14,evaporation_run,0
2026-04-14 06:39:22,B0201_level_low,0.9145282547784834
2026-04-14 06:39:24,evaporation_run,1
2026-04-14 06:39:34,evaporation_run,0
2026-04-14 06:39:43,B0201_level_low,0.9223520681332698
2026-04-14 06:39:44,evaporation_run,1
2026-04-14 06:39:54,evaporation_run,0
2026-04-14 06:40:03,B0201_level_low,0.9223520681332698
2026-04-14 06:40:04,evaporation_run,1
2026-04-14 06:40:14,evaporation_run,0
2026-04-14 06:40:23,B0201_level_low,0.9145282547784834
2026-04-14 06:40:24,evaporation_run,1
2026-04-14 06:40:34,evaporation_run,0
2026-04-14 06:40:43,B0201_level_low,0.9223520681332698
2026-04-14 06:40:44,evaporation_run,1
2026-04-14 06:40:54,evaporation_run,0
2026-04-14 06:41:03,B0201_level_low,0.9223520681332698
2026-04-14 06:41:04,evaporation_run,1
2026-04-14 06:41:14,evaporation_run,0
2026-04-14 06:51:30,B0101_level_low,14.906666666666663
2026-04-14 06:52:54,evaporation_run,1
2026-04-14 06:53:04,evaporation_run,0
2026-04-14 06:53:11,B0201_level_low,0.9301800427220019
2026-04-14 06:53:41,B0101_level_low,14.693333333333328
2026-04-14 06:53:54,evaporation_run,1
2026-04-14 06:54:04,evaporation_run,0
2026-04-14 06:54:11,B0101_level_low,14.693333333333328
2026-04-14 06:54:11,B0201_level_low,0.9301800427220019
2026-04-14 06:54:32,B0101_level_low,14.799999999999997
2026-04-14 06:54:52,B0101_level_low,14.799999999999997
2026-04-14 06:54:54,evaporation_run,1
2026-04-14 06:55:04,evaporation_run,0
2026-04-14 06:55:12,B0201_level_low,0.9223520681332698
2026-04-14 06:55:14,evaporation_run,1
2026-04-14 06:55:24,evaporation_run,0
2026-04-14 06:55:32,B0201_level_low,0.9223520681332698
2026-04-14 06:55:34,evaporation_run,1
2026-04-14 06:55:54,evaporation_run,0
2026-04-14 06:56:03,B0201_level_low,0.9301800427220019
2026-04-14 06:56:04,evaporation_run,1
2026-04-14 06:56:13,evaporation_run,0
2026-04-14 06:56:23,B0101_level_low,14.693333333333328
2026-04-14 06:56:23,B0201_level_low,0.9223520681332698
2026-04-14 06:56:23,evaporation_run,1
2026-04-14 06:56:44,evaporation_run,0
2026-04-14 06:56:53,B0201_level_low,0.9301800427220019
2026-04-14 06:56:54,evaporation_run,1
2026-04-14 06:57:04,evaporation_run,0
2026-04-14 06:57:13,B0201_level_low,0.9145282547784834
2026-04-14 06:57:14,evaporation_run,1
2026-04-14 06:57:24,evaporation_run,0
2026-04-14 06:57:34,evaporation_run,1
2026-04-14 06:57:44,B0201_level_low,0.9067086026576412
2026-04-14 06:57:44,evaporation_run,0
2026-04-14 06:57:54,evaporation_run,1
2026-04-14 06:58:04,B0201_level_low,0.9223520681332698
2026-04-14 06:58:04,evaporation_run,0
2026-04-14 06:58:14,evaporation_run,1
2026-04-14 06:58:34,evaporation_run,0
2026-04-14 06:58:34,B0201_level_low,0.9223520681332698
2026-04-14 06:58:54,evaporation_run,1
2026-04-14 06:59:04,evaporation_run,0
2026-04-14 06:59:04,B0201_level_low,0.9223520681332698
2026-04-14 06:59:24,evaporation_run,1
2026-04-14 06:59:34,evaporation_run,0
2026-04-14 06:59:35,B0201_level_low,0.9067086026576412
2026-04-14 06:59:44,evaporation_run,1
2026-04-14 06:59:54,evaporation_run,0
2026-04-14 06:59:55,B0201_level_low,0.9223520681332698
2026-04-14 07:00:04,evaporation_run,1
2026-04-14 07:00:14,evaporation_run,0
2026-04-14 07:00:15,B0201_level_low,0.9145282547784834
2026-04-14 07:00:24,evaporation_run,1
2026-04-14 07:00:34,evaporation_run,0
2026-04-14 07:00:35,B0201_level_low,0.9145282547784834
2026-04-14 07:00:44,evaporation_run,1
2026-04-14 07:00:54,evaporation_run,0
2026-04-14 07:00:56,B0201_level_low,0.9145282547784834
2026-04-14 07:01:04,evaporation_run,1
2026-04-14 07:01:14,evaporation_run,0
2026-04-14 07:01:16,B0201_level_low,0.9145282547784834
2026-04-14 07:01:34,evaporation_run,1
2026-04-14 07:01:44,evaporation_run,0
2026-04-14 07:01:46,B0201_level_low,0.9067086026576412
2026-04-14 07:01:54,evaporation_run,1
2026-04-14 07:02:04,evaporation_run,0
2026-04-14 07:02:06,B0201_level_low,0.9067086026576412
2026-04-14 07:02:14,evaporation_run,1
2026-04-14 07:02:23,evaporation_run,0
2026-04-14 07:02:26,B0101_level_low,14.693333333333328
2026-04-14 07:02:26,B0201_level_low,0.9145282547784834
2026-04-14 07:02:33,evaporation_run,1
2026-04-14 07:02:44,evaporation_run,0
2026-04-14 07:02:47,B0201_level_low,0.9067086026576412
2026-04-14 07:02:54,evaporation_run,1
2026-04-14 07:03:04,evaporation_run,0
2026-04-14 07:03:07,B0201_level_low,0.9067086026576412
2026-04-14 07:03:14,evaporation_run,1
2026-04-14 07:03:24,evaporation_run,0
2026-04-14 07:03:27,B0201_level_low,0.9223520681332698
2026-04-14 07:03:34,evaporation_run,1
2026-04-14 07:03:44,evaporation_run,0
2026-04-14 07:03:47,B0201_level_low,0.9223520681332698
2026-04-14 07:03:54,evaporation_run,1
2026-04-14 07:04:04,evaporation_run,0
2026-04-14 07:04:07,B0201_level_low,0.9223520681332698
2026-04-14 07:04:14,evaporation_run,1
2026-04-14 07:04:24,evaporation_run,0
2026-04-14 07:04:28,B0201_level_low,0.9067086026576412
2026-04-14 07:04:34,evaporation_run,1
2026-04-14 07:04:44,evaporation_run,0
2026-04-14 07:04:48,B0201_level_low,0.9145282547784834
2026-04-14 07:04:54,evaporation_run,1
2026-04-14 07:05:04,evaporation_run,0
2026-04-14 07:05:08,B0201_level_low,0.9145282547784834
2026-04-14 07:05:14,evaporation_run,1
2026-04-14 07:05:24,evaporation_run,0
2026-04-14 07:05:28,B0201_level_low,0.9145282547784834
2026-04-14 07:05:34,evaporation_run,1
2026-04-14 07:05:44,evaporation_run,0
2026-04-14 07:05:48,B0201_level_low,0.9145282547784834
2026-04-14 07:05:54,evaporation_run,1
2026-04-14 07:06:04,evaporation_run,0
2026-04-14 07:06:09,B0201_level_low,0.9145282547784834
2026-04-14 07:06:14,evaporation_run,1
2026-04-14 07:06:24,evaporation_run,0
2026-04-14 07:06:29,B0201_level_low,0.9145282547784834
2026-04-14 07:06:34,evaporation_run,1
2026-04-14 07:06:44,evaporation_run,0
2026-04-14 07:06:49,B0201_level_low,0.9301800427220019
2026-04-14 07:07:04,evaporation_run,1
2026-04-14 07:07:14,evaporation_run,0
2026-04-14 07:07:19,B0201_level_low,0.9067086026576412
2026-04-14 07:07:54,evaporation_run,1
2026-04-14 07:08:04,evaporation_run,0
2026-04-14 07:08:10,B0201_level_low,0.9067086026576412
2026-04-14 07:08:14,evaporation_run,1
2026-04-14 07:08:24,evaporation_run,0
2026-04-14 07:08:30,B0201_level_low,0.9145282547784834
2026-04-14 07:52:37,B0101_level_low,14.799999999999997
2026-04-14 07:53:07,B0101_level_low,14.799999999999997
2026-04-14 07:53:38,B0101_level_low,14.693333333333328
2026-04-14 07:53:58,B0101_level_low,14.906666666666663
2026-04-14 07:54:18,B0101_level_low,14.799999999999997
2026-04-14 07:54:38,B0101_level_low,14.799999999999997
2026-04-14 07:54:59,B0101_level_low,14.799999999999997
2026-04-14 07:57:20,B0101_level_low,14.799999999999997
2026-04-14 07:59:41,B0101_level_low,14.799999999999997
2026-04-14 08:02:03,B0101_level_low,14.693333333333328
2026-04-14 08:08:27,B0101_level_low,14.693333333333328
2026-04-14 08:21:25,B0101_level_low,14.693333333333328
2026-04-14 08:51:53,B0101_level_low,14.799999999999997
2026-04-14 08:53:14,B0101_level_low,14.799999999999997
2026-04-14 08:57:04,evaporation_run,1
2026-04-14 09:34:14,evaporation_run,0
2026-04-14 09:34:19,B0201_level_low,0.9301800427220019
2026-04-14 09:34:24,evaporation_run,1
2026-04-14 09:40:04,evaporation_run,0
2026-04-14 09:40:13,B0201_level_low,0.9301800427220019
2026-04-14 09:40:14,evaporation_run,1
2026-04-14 09:40:44,evaporation_run,0
2026-04-14 09:40:53,B0201_level_low,0.9301800427220019
2026-04-14 09:40:54,evaporation_run,1
2026-04-14 09:41:24,evaporation_run,0
2026-04-14 09:41:34,evaporation_run,1
2026-04-14 09:42:04,B0201_level_low,0.9380121785446782
2026-04-14 09:42:04,evaporation_run,0
2026-04-14 09:42:14,evaporation_run,1
2026-04-14 09:42:24,B0201_level_low,0.9301800427220019
2026-04-14 09:42:24,evaporation_run,0
2026-04-14 09:42:34,evaporation_run,1
2026-04-14 09:46:32,program_run,0
2026-04-14 10:54:54,program_run,1
2026-04-14 10:55:04,B0202_pH_high,5.672
2026-04-14 10:55:04,B0101_level_low,14.693333333333328
2026-04-14 10:55:04,B0401_concentrate_full,False
2026-04-14 10:59:16,B0101_level_low,14.053333333333331
2026-04-14 11:00:07,B0101_level_low,14.586666666666662
2026-04-14 11:02:08,B0101_level_low,14.799999999999997
2026-04-14 11:05:10,B0101_level_low,14.693333333333328
2026-04-14 11:07:01,B0101_level_low,14.799999999999997
2026-04-14 11:59:13,B0101_level_low,14.693333333333328
2026-04-14 12:00:44,B0101_level_low,14.693333333333328
2026-04-14 12:01:24,B0101_level_low,14.693333333333328
2026-04-14 12:01:54,B0101_level_low,14.693333333333328
2026-04-14 12:02:15,B0101_level_low,14.693333333333328
2026-04-14 12:03:15,B0101_level_low,14.693333333333328
2026-04-14 12:39:27,B0201_level_low,0.9067086026576412
2026-04-14 12:46:22,B0201_level_low,0.9067086026576412
2026-04-14 12:47:12,B0201_level_low,0.9067086026576412
2026-04-14 12:47:32,B0201_level_low,0.9067086026576412
2026-04-14 12:48:03,B0201_level_low,0.9067086026576412
2026-04-14 12:52:15,B0201_level_low,0.9067086026576412
2026-04-14 12:59:10,B0101_level_low,14.693333333333328
2026-04-14 13:00:10,B0101_level_low,14.906666666666663
2026-04-14 13:01:21,B0101_level_low,14.693333333333328
2026-04-14 13:01:51,B0101_level_low,14.693333333333328
2026-04-14 13:04:33,B0101_level_low,14.693333333333328
2026-04-14 13:21:23,B0201_level_low,0.9067086026576412
2026-04-14 13:26:16,B0201_level_low,0.9067086026576412
2026-04-14 13:26:57,B0201_level_low,0.9067086026576412
2026-04-14 13:27:17,B0201_level_low,0.9067086026576412
2026-04-14 13:28:58,B0201_level_low,0.9067086026576412
2026-04-14 13:59:26,B0101_level_low,14.266666666666662
2026-04-14 14:00:07,B0101_level_low,14.693333333333328
2026-04-14 14:59:03,B0101_level_low,14.693333333333328
2026-04-14 15:00:54,B0101_level_low,14.586666666666662
2026-04-14 15:01:44,B0101_level_low,14.586666666666662
2026-04-14 15:03:15,B0101_level_low,14.693333333333328
2026-04-14 15:39:17,B0201_level_low,0.9067086026576412
2026-04-14 16:58:56,B0101_level_low,14.693333333333328
2026-04-14 17:00:37,B0101_level_low,14.693333333333328
2026-04-14 17:51:38,B0201_level_low,0.9067086026576412
2026-04-14 18:00:24,B0101_level_low,14.693333333333328
2026-04-14 18:56:48,B0201_level_low,0.9067086026576412
2026-04-14 20:00:07,B0101_level_low,13.946666666666662
2026-04-14 20:00:27,B0101_level_low,14.586666666666662
2026-04-14 20:00:47,B0101_level_low,14.693333333333328
2026-04-14 20:59:33,B0101_level_low,14.266666666666662
2026-04-14 21:00:54,B0101_level_low,14.479999999999997
2026-04-14 22:02:52,B0201_level_low,0.9145282547784834
2026-04-14 22:04:23,B0201_level_low,0.9145282547784834
2026-04-14 22:59:06,B0101_level_low,14.693333333333328
2026-04-15 00:59:10,B0101_level_low,14.693333333333328
2026-04-15 01:41:25,B0201_level_low,0.9067086026576412
2026-04-15 01:42:06,B0201_level_low,0.9067086026576412
2026-04-15 02:00:47,B0101_level_low,14.479999999999997
2026-04-15 02:01:38,B0101_level_low,14.693333333333328
2026-04-15 02:05:30,B0101_level_low,14.693333333333328
2026-04-15 02:59:33,B0101_level_low,14.693333333333328
2026-04-15 05:00:57,B0101_level_low,14.799999999999997
2026-04-15 09:00:44,B0101_level_low,14.693333333333328
2026-04-15 10:59:47,B0101_level_low,13.839999999999996
2026-04-15 12:37:06,event_number,182.0
2026-04-15 12:37:21,cumulative_inflow,64.2582692307692
2026-04-15 12:38:47,B0101_level_low,14.586666666666662
2026-04-15 12:39:38,B0101_level_low,14.693333333333328
2026-04-15 12:41:09,B0101_level_low,14.693333333333328
2026-04-15 12:41:09,event_number,183.0
2026-04-15 12:41:27,cumulative_inflow,64.40030769230766
2026-04-15 12:43:00,B0101_level_low,14.586666666666662
2026-04-15 12:43:30,B0101_level_low,14.693333333333328
2026-04-15 12:45:11,B0101_level_low,14.693333333333328
2026-04-15 12:46:46,program_run,0
